5 43 4913 99999974386028
0 0 0 18 18 18 0 165037031709
0 0 3 18 18 25 0 165099306787
0 0 1 18 18 27 165037031709 165135275359
0 0 4 18 18 29 165099306787 165001105348
0 0 0 18 18 24 330172307068 165050200926
0 0 0 18 18 22 495222507994 165050200926
0 0 3 18 18 42 330100412135 165086166936
0 0 2 18 18 5 495186579071 165086129838
0 0 1 18 18 19 660272708920 80982149247
0 0 2 18 18 40 741254858167 80982149247
0 0 3 18 18 22 822237007414 80982149247
0 0 4 18 18 35 903219156661 80982149247
0 0 3 18 18 3 984201305908 206224437956
0 0 0 18 18 33 984201305908 137482947373
0 0 4 18 18 39 1190425743864 206224437956
0 0 1 18 18 28 1121684253281 137483009438
0 0 2 18 18 20 1259167262719 137482947373
0 3 0 18 25 18 0 165067612239
0 3 3 18 25 25 0 165129898702
0 3 1 18 25 27 165067612239 165165873850
0 3 4 18 25 29 165129898702 165031679309
0 3 0 18 25 24 330233486089 165080783863
0 3 0 18 25 22 495314269952 165080783863
0 3 3 18 25 42 330161578011 165116756449
0 3 2 18 25 5 495278334460 165116719344
0 3 1 18 25 19 660395053815 80997154793
0 3 2 18 25 40 741392208608 80997154793
0 3 3 18 25 22 822389363401 80997154793
0 3 4 18 25 35 903386518194 80997154793
0 3 3 18 25 3 984383672987 206262650213
0 3 0 18 25 33 984383672987 137508422204
0 3 4 18 25 39 1190646323200 206262650213
0 3 1 18 25 28 1121892095191 137508484280
0 3 2 18 25 20 1259400579471 137508422204
0 1 0 18 27 18 1396650210092 165084322107
0 1 3 18 27 25 1396650210092 165146614782
0 1 1 18 27 27 1561734532199 165182593529
0 1 4 18 27 29 1561796824874 165048385583
0 1 0 18 27 24 1726917125728 165097495042
0 1 0 18 27 22 1892014620770 165097495042
0 1 3 18 27 42 1726845210457 165133471221
0 1 2 18 27 5 1891978681678 165133434112
0 1 1 18 27 19 2057112115812 81005354148
0 1 2 18 27 40 2138117469960 81005354148
0 1 3 18 27 22 2219122824108 81005354148
0 1 4 18 27 35 2300128178256 81005354148
0 1 3 18 27 3 2381133532404 206283530215
0 1 0 18 27 33 2381133532404 137522342204
0 1 4 18 27 39 2587417062619 206283530215
0 1 1 18 27 28 2518655874608 137522404286
0 1 2 18 27 20 2656178278894 137522342204
0 4 0 18 29 18 1396909001675 165020331295
0 4 3 18 29 25 1396909001675 165082600145
0 4 1 18 29 27 1561929332970 165118565131
0 4 4 18 29 29 1561991601820 164984408515
0 4 0 18 29 24 1727047898101 165033499191
0 4 0 18 29 22 1892081397292 165033499191
0 4 3 18 29 42 1726976010335 165069461610
0 4 2 18 29 5 1892045471945 165069424516
0 4 1 18 29 19 2057114896483 80973954526
0 4 2 18 29 40 2138088851009 80973954526
0 4 3 18 29 22 2219062805535 80973954526
0 4 4 18 29 35 2300036760061 80973954526
0 4 3 18 29 3 2381010714587 206203569755
0 4 0 18 29 33 2381010714587 137469035240
0 4 4 18 29 39 2587214284342 206203569755
0 4 1 18 29 28 2518479749827 137469097299
0 4 2 18 29 20 2655948847126 137469035240
0 0 0 18 24 18 2793700621098 165041043736
0 0 3 18 24 25 2793700621098 165103320298
0 0 1 18 24 27 2958741664834 165139289738
0 0 4 18 24 29 2958803941396 165005116508
0 0 0 18 24 24 3123880954572 165054213264
0 0 0 18 24 22 3288935167836 165054213264
0 0 3 18 24 42 3123809057904 165090180137
0 0 2 18 24 5 3288899238041 165090143038
0 0 1 18 24 19 3453989381100 80984117904
0 0 2 18 24 40 3534973499004 80984117904
0 0 3 18 24 22 3615957616908 80984117904
0 0 4 18 24 35 3696941734812 80984117904
0 0 3 18 24 3 3777925852716 185675713665
0 0 0 18 24 33 3777925852716 148540371910
0 0 4 18 24 39 3963601566381 185675575079
0 0 1 18 24 28 3926466224626 148540505746
0 0 2 18 24 20 4075006730372 148540528052
0 0 0 18 22 18 4149277141460 185675575080
0 0 3 18 22 25 4223547258424 148540505745
0 0 1 18 22 27 4334952716540 185675713667
0 0 4 18 22 29 4372087764169 148540371908
0 0 0 18 22 24 4520628430207 165072111106
0 0 0 18 22 22 4685700541313 165072111106
0 0 3 18 22 42 4520628136077 165072278416
0 0 2 18 22 5 4685700414493 165072241338
0 0 1 18 22 19 4850772655831 80984117904
0 0 2 18 22 40 4931756773735 80984117904
0 0 3 18 22 22 5012740891639 80984117904
0 0 4 18 22 35 5093725009543 80984117904
0 0 3 18 22 3 5174709127447 206229451229
0 0 0 18 22 33 5174709127447 137486289550
0 0 4 18 22 39 5380938578676 206229451229
0 0 1 18 22 28 5312195416997 137486351616
0 0 2 18 22 20 5449681768613 137486289550
0 3 0 18 42 18 2793417882366 165063607713
0 3 3 18 42 25 2793417882366 165125892675
0 3 1 18 42 27 2958481490079 165161866968
0 3 4 18 42 29 2958543775041 165027675637
0 3 0 18 42 24 3123643357047 165076779017
0 3 0 18 42 22 3288720136064 165076779017
0 3 3 18 42 42 3123571450678 165112750741
0 3 2 18 42 5 3288684201419 165112713637
0 3 1 18 42 19 3453796915081 80995189812
0 3 2 18 42 40 3534792104893 80995189812
0 3 3 18 42 22 3615787294705 80995189812
0 3 4 18 42 35 3696782484517 80995189812
0 3 3 18 42 3 3777777674329 206257646305
0 3 0 18 42 33 3777777674329 137505086266
0 3 4 18 42 39 3984035320634 206257646305
0 3 1 18 42 28 3915282760595 137505148340
0 3 2 18 42 20 4052787908935 137505086266
0 2 0 18 5 18 4190292995201 165063598947
0 2 3 18 5 25 4190292995201 165125883906
0 2 1 18 5 27 4355356594148 165161858197
0 2 4 18 5 29 4355418879107 165027666873
0 2 0 18 5 24 4520518452345 165076770250
0 2 0 18 5 22 4685595222595 165076770250
0 2 3 18 5 42 4520446545980 165112741973
0 2 2 18 5 5 4685559287953 165112704869
0 2 1 18 5 19 4850671992845 80995185510
0 2 2 18 5 40 4931667178355 80995185510
0 2 3 18 5 22 5012662363865 80995185510
0 2 4 18 5 35 5093657549375 80995185510
0 2 3 18 5 3 5174652734885 206257635352
0 2 0 18 5 33 5174652734885 137505078963
0 2 4 18 5 39 5380910370237 206257635352
0 2 1 18 5 28 5312157813848 137505141038
0 2 2 18 5 20 5449662954886 137505078963
0 1 0 18 19 18 5587168058163 80974231167
0 1 3 18 19 25 5587168058163 81005077298
0 1 1 18 19 27 5668142289330 81022893358
0 1 4 18 19 29 5668173135461 80956436214
0 1 0 18 19 24 5749165182688 80980754189
0 1 0 18 19 22 5830145936877 80980754189
0 1 3 18 19 42 5749129571675 80998568959
0 1 2 18 19 5 5830128140634 80998550408
0 1 1 18 19 19 5911126691066 39733379806
0 1 2 18 19 40 5950860070872 39733379806
0 1 3 18 19 22 5990593450678 39733379806
0 1 4 18 19 35 6030326830484 39733379806
0 1 3 18 19 3 6070060210290 101182717451
0 1 0 18 19 33 6070060210290 67455139332
0 1 4 18 19 39 6171242927741 101182717451
0 1 1 18 19 28 6137515349622 67455170367
0 1 2 18 19 20 6204970519989 67455139332
0 2 0 18 40 18 6272425659321 80974231162
0 2 3 18 40 25 6272425659321 81005077303
0 2 1 18 40 27 6353399890483 81022893357
0 2 4 18 40 29 6353430736624 80956436215
0 2 0 18 40 24 6434422783840 80980754189
0 2 0 18 40 22 6515403538029 80980754189
0 2 3 18 40 42 6434387172839 80998568959
0 2 2 18 40 5 6515385741798 80998550408
0 2 1 18 40 19 6596384292218 39733379806
0 2 2 18 40 40 6636117672024 39733379806
0 2 3 18 40 22 6675851051830 39733379806
0 2 4 18 40 35 6715584431636 39733379806
0 2 3 18 40 3 6755317811442 101182717451
0 2 0 18 40 33 6755317811442 67455139332
0 2 4 18 40 39 6856500528893 101182717451
0 2 1 18 40 28 6822772950774 67455170367
0 2 2 18 40 20 6890228121141 67455139332
0 3 0 18 22 18 6957683260473 80974231162
0 3 3 18 22 25 6957683260473 81005077303
0 3 1 18 22 27 7038657491635 81022893357
0 3 4 18 22 29 7038688337776 80956436215
0 3 0 18 22 24 7119680384992 80980754189
0 3 0 18 22 22 7200661139181 80980754189
0 3 3 18 22 42 7119644773991 80998568959
0 3 2 18 22 5 7200643342950 80998550408
0 3 1 18 22 19 7281641893370 39733379806
0 3 2 18 22 40 7321375273176 39733379806
0 3 3 18 22 22 7361108652982 39733379806
0 3 4 18 22 35 7400842032788 39733379806
0 3 3 18 22 3 7440575412594 101182717451
0 3 0 18 22 33 7440575412594 67455139332
0 3 4 18 22 39 7541758130045 101182717451
0 3 1 18 22 28 7508030551926 67455170367
0 3 2 18 22 20 7575485722293 67455139332
0 4 0 18 35 18 7642940861625 80974231162
0 4 3 18 35 25 7642940861625 81005077303
0 4 1 18 35 27 7723915092787 81022893357
0 4 4 18 35 29 7723945938928 80956436215
0 4 0 18 35 24 7804937986144 80980754189
0 4 0 18 35 22 7885918740333 80980754189
0 4 3 18 35 42 7804902375143 80998568959
0 4 2 18 35 5 7885900944102 80998550408
0 4 1 18 35 19 7966899494522 39733379806
0 4 2 18 35 40 8006632874328 39733379806
0 4 3 18 35 22 8046366254134 39733379806
0 4 4 18 35 35 8086099633940 39733379806
0 4 3 18 35 3 8125833013746 101182713374
0 4 0 18 35 33 8125833013746 67455141164
0 4 4 18 35 39 8227015727120 101182713374
0 4 1 18 35 28 8193288154910 67455172199
0 4 2 18 35 20 8260743327109 67455141164
0 3 0 18 3 18 8328198468273 206204752873
0 3 3 18 3 25 8328198468273 206282331576
0 3 1 18 3 27 8534403221146 206327139112
0 3 4 18 3 29 8534480799849 206159997764
0 3 0 18 3 24 8740730360258 206221158287
0 3 0 18 3 22 8946951518545 206221158287
0 3 3 18 3 42 8740640797613 206265962635
0 3 2 18 3 5 8946906760248 206265916557
0 3 1 18 3 19 9153172676832 101182713765
0 3 2 18 3 40 9254355390597 101182713765
0 3 3 18 3 22 9355538104362 101182713765
0 3 4 18 3 35 9456720818127 101182713765
0 3 3 18 3 3 9557903531892 257666022277
0 3 0 18 3 33 9557903531892 171777334188
0 3 4 18 3 39 9815569554169 257666022277
0 3 1 18 3 28 9729680866080 171777411275
0 3 2 18 3 20 9901458277355 171777334188
0 0 0 18 33 18 8328198468273 137469692104
0 0 3 18 33 25 8328198468273 137521691416
0 0 1 18 33 27 8465668160377 137551724994
0 0 4 18 33 29 8465720159689 137439693858
0 0 0 18 33 24 8603219885371 137480688336
0 0 0 18 33 22 8740700573707 137480688336
0 0 3 18 33 42 8603159853547 137510719764
0 0 2 18 33 5 8740670573311 137510688712
0 0 1 18 33 19 8878181262043 67455140988
0 0 2 18 33 40 8945636403031 67455140988
0 0 3 18 33 22 9013091544019 67455140988
0 0 4 18 33 35 9080546685007 67455140988
0 0 3 18 33 3 9148001825995 171777344393
0 0 0 18 33 33 9148001825995 114518220162
0 0 4 18 33 39 9319779170388 171777344393
0 0 1 18 33 28 9262520046157 114518272113
0 0 2 18 33 20 9377038318270 114518220162
0 4 0 18 39 18 10073235611543 206204752873
0 4 3 18 39 25 10073235611543 206282331576
0 4 1 18 39 27 10279440364416 206327139112
0 4 4 18 39 29 10279517943119 206159997764
0 4 0 18 39 24 10485767503528 206221158287
0 4 0 18 39 22 10691988661815 206221158287
0 4 3 18 39 42 10485677940883 206265962635
0 4 2 18 39 5 10691943903518 206265916557
0 4 1 18 39 19 10898209820102 101182713765
0 4 2 18 39 40 10999392533867 101182713765
0 4 3 18 39 22 11100575247632 101182713765
0 4 4 18 39 35 11201757961397 101182713765
0 4 3 18 39 3 11302940675162 257666011425
0 4 0 18 39 33 11302940675162 171777339063
0 4 4 18 39 39 11560606686587 257666011425
0 4 1 18 39 28 11474718014225 171777416151
0 4 2 18 39 20 11646495430376 171777339063
0 1 0 18 28 18 9491556538432 137469706773
0 1 3 18 28 25 9491556538432 137521706091
0 1 1 18 28 27 9629026245205 137551739672
0 1 4 18 28 29 9629078244523 137439708524
0 1 0 18 28 24 9766577984877 137480703006
0 1 0 18 28 22 9904058687883 137480703006
0 1 3 18 28 42 9766517953047 137510734438
0 1 2 18 28 5 9904028687485 137510703386
0 1 1 18 28 19 10041539390889 67455148186
0 1 2 18 28 40 10108994539075 67455148186
0 1 3 18 28 22 10176449687261 67455148186
0 1 4 18 28 35 10243904835447 67455148186
0 1 3 18 28 3 10311359983633 171777362723
0 1 0 18 28 33 10311359983633 114518232382
0 1 4 18 28 39 10483137346356 171777362723
0 1 1 18 28 28 10425878216015 114518284333
0 1 2 18 28 20 10540396500348 114518232382
0 2 0 18 20 18 10654914732730 137469692104
0 2 3 18 20 25 10654914732730 137521691416
0 2 1 18 20 27 10792384424834 137551724994
0 2 4 18 20 29 10792436424146 137439693858
0 2 0 18 20 24 10929936149828 137480688336
0 2 0 18 20 22 11067416838164 137480688336
0 2 3 18 20 42 10929876118004 137510719764
0 2 2 18 20 5 11067386837768 137510688712
0 2 1 18 20 19 11204897526500 67455140988
0 2 2 18 20 40 11272352667488 67455140988
0 2 3 18 20 22 11339807808476 67455140988
0 2 4 18 20 35 11407262949464 67455140988
0 2 3 18 20 3 11474718090452 171777337081
0 2 0 18 20 33 11474718090452 114518223447
0 2 4 18 20 39 11646495427533 171777337081
0 2 1 18 20 28 11589236313899 114518275398
0 2 2 18 20 20 11703754589297 114518223447
3 0 0 25 18 18 0 165052047610
3 0 3 25 18 25 0 165114328278
3 0 1 25 18 27 165052047610 165150300079
3 0 4 25 18 29 165114328278 165016118023
3 0 0 25 18 24 330202347689 165065218008
3 0 0 25 18 22 495267565697 165065218008
3 0 3 25 18 42 330130446301 165101187247
3 0 2 25 18 5 495231633548 165101150146
3 0 1 25 18 19 660332783705 80989517392
3 0 2 25 18 40 741322301097 80989517392
3 0 3 25 18 22 822311818489 80989517392
3 0 4 25 18 35 903301335881 80989517392
3 0 3 25 18 3 984290853273 206243201247
3 0 0 25 18 33 984290853273 137495456233
3 0 4 25 18 39 1190534054520 206243201247
3 0 1 25 18 28 1121786309506 137495518303
3 0 2 25 18 20 1259281827809 137495456233
3 3 0 25 25 18 0 165082630885
3 3 3 25 25 25 0 165144922940
3 3 1 25 25 27 165082630885 165180901317
3 3 4 25 25 29 165144922940 165046694730
3 3 0 25 25 24 330263532202 165095803692
3 3 0 25 25 22 495359335894 165095803692
3 3 3 25 25 42 330191617670 165131779507
3 3 2 25 25 5 495323397177 165131742399
3 3 1 25 25 19 660455139586 81004524286
3 3 2 25 25 40 741459663872 81004524286
3 3 3 25 25 22 822464188158 81004524286
3 3 4 25 25 35 903468712444 81004524286
3 3 3 25 25 3 984473236730 206281416935
3 3 0 25 25 33 984473236730 137520933351
3 3 4 25 25 39 1190754653665 206281416935
3 3 1 25 25 28 1121994170081 137520995433
3 3 2 25 25 20 1259515165514 137520933351
3 1 0 25 27 18 1396777284042 165099342253
3 1 3 25 27 25 1396777284042 165161640520
3 1 1 25 27 27 1561876626295 165197622496
3 1 4 25 27 29 1561938924562 165063402502
3 1 0 25 27 24 1727074248791 165112516370
3 1 0 25 27 22 1892186765161 165112516370
3 1 3 25 27 42 1727002327064 165148495778
3 1 2 25 27 5 1892150822842 165148458667
3 1 1 25 27 19 2057299281531 81012724377
3 1 2 25 27 40 2138312005908 81012724377
3 1 3 25 27 22 2219324730285 81012724377
3 1 4 25 27 35 2300337454662 81012724377
3 1 3 25 27 3 2381350179039 206302298810
3 1 0 25 27 33 2381350179039 137534854600
3 1 4 25 27 39 2587652477849 206302298810
3 1 1 25 27 28 2518885033639 137534916688
3 1 2 25 27 20 2656419950327 137534854600
3 4 0 25 29 18 1397036098865 165035345697
3 4 3 25 29 25 1397036098865 165097620137
3 4 1 25 29 27 1562071444562 165133588352
3 4 4 25 29 29 1562133719002 164999419692
3 4 0 25 29 24 1727205032914 165048514776
3 4 0 25 29 22 1892253547690 165048514776
3 4 3 25 29 42 1727133138694 165084480423
3 4 2 25 29 5 1892217619117 165084443326
3 4 1 25 29 19 2057302062466 80981321936
3 4 2 25 29 40 2138283384402 80981321936
3 4 3 25 29 22 2219264706338 80981321936
3 4 4 25 29 35 2300246028274 80981321936
3 4 3 25 29 3 2381227350210 206222331174
3 4 0 25 29 33 2381227350210 137481542852
3 4 4 25 29 39 2587449681384 206222331174
3 4 1 25 29 28 2518708893062 137481604916
3 4 2 25 29 20 2656190497978 137481542852
3 0 0 25 24 18 2793954804927 165056059994
3 0 3 25 24 25 2793954804927 165118342147
3 0 1 25 24 27 2959010864921 165154314816
3 0 4 25 24 29 2959073147074 165020129540
3 0 0 25 24 24 3124165179737 165069230704
3 0 0 25 24 22 3289234410441 165069230704
3 0 3 25 24 42 3124093276614 165105200805
3 0 2 25 24 5 3289198477419 165105163703
3 0 1 25 24 19 3454303641145 80991486225
3 0 2 25 24 40 3535295127370 80991486225
3 0 3 25 24 22 3616286613595 80991486225
3 0 4 25 24 35 3697278099820 80991486225
3 0 3 25 24 3 3778269586045 185692607325
3 0 0 25 24 33 3778269586045 148553886820
3 0 4 25 24 39 3963962193370 185692468728
3 0 1 25 24 28 3926823472865 148554020668
3 0 2 25 24 20 4075377493533 148554042976
3 0 0 25 22 18 4149654662098 185692468728
3 0 3 25 22 25 4223931536509 148554020668
3 0 1 25 22 27 4335347130826 185692607327
3 0 4 25 22 29 4372485557177 148553886819
3 0 0 25 22 24 4521039738153 165087130153
3 0 0 25 22 22 4686126868306 165087130153
3 0 3 25 22 42 4521039443996 165087297478
3 0 2 25 22 5 4686126741474 165087260396
3 0 1 25 22 19 4851214001870 80991486225
3 0 2 25 22 40 4932205488095 80991486225
3 0 3 25 22 22 5013196974320 80991486225
3 0 4 25 22 35 5094188460545 80991486225
3 0 3 25 22 3 5175179946770 206248214967
3 0 0 25 22 33 5175179946770 137498798707
3 0 4 25 22 39 5381428161737 206248214967
3 0 1 25 22 28 5312678745477 137498860779
3 0 2 25 22 20 5450177606256 137498798707
3 3 0 25 42 18 2793672040830 165078626002
3 3 3 25 42 25 2793672040830 165140916556
3 3 1 25 42 27 2958750666832 165176894078
3 3 4 25 42 29 2958812957386 165042690701
3 3 0 25 42 24 3123927560910 165091798489
3 3 0 25 42 22 3289019359399 165091798489
3 3 3 25 42 42 3123855648087 165127773442
3 3 2 25 42 5 3288983421529 165127736335
3 3 1 25 42 19 3454111157888 81002559129
3 3 2 25 42 40 3535113717017 81002559129
3 3 3 25 42 22 3616116276146 81002559129
3 3 4 25 42 35 3697118835275 81002559129
3 3 3 25 42 3 3778121394404 206276412582
3 3 0 25 42 33 3778121394404 137517597116
3 3 4 25 42 39 3984397806986 206276412582
3 3 1 25 42 28 3915638991520 137517659196
3 3 2 25 42 20 4053156650716 137517597116
3 2 0 25 5 18 4190674247832 165078617236
3 2 3 25 5 25 4190674247832 165140907786
3 2 1 25 5 27 4355752865068 165176885306
3 2 4 25 5 29 4355815155618 165042681937
3 2 0 25 5 24 4520929750374 165091789721
3 2 0 25 5 22 4686021540095 165091789721
3 2 3 25 5 42 4520857837555 165127764673
3 2 2 25 5 5 4685985602228 165127727566
3 2 1 25 5 19 4851113329816 81002554828
3 2 2 25 5 40 4932115884644 81002554828
3 2 3 25 5 22 5013118439472 81002554828
3 2 4 25 5 35 5094120994300 81002554828
3 2 3 25 5 3 5175123549128 206276401627
3 2 0 25 5 33 5175123549128 137517589813
3 2 4 25 5 39 5381399950755 206276401627
3 2 1 25 5 28 5312641138941 137517651893
3 2 2 25 5 20 5450158790834 137517589813
3 1 0 25 19 18 5587676404963 80981598601
3 1 3 25 19 25 5587676404963 81012447502
3 1 1 25 19 27 5668658003564 81030265161
3 1 4 25 19 29 5668688852465 80963802051
3 1 0 25 19 24 5749688268725 80988122210
3 1 0 25 19 22 5830676390935 80988122210
3 1 3 25 19 42 5749652654516 81005938579
3 1 2 25 19 5 5830658593095 81005920026
3 1 1 25 19 19 5911664513145 39736994936
3 1 2 25 19 40 5951401508081 39736994936
3 1 3 25 19 22 5991138503017 39736994936
3 1 4 25 19 35 6030875497953 39736994936
3 1 3 25 19 3 6070612492889 101191923530
3 1 0 25 19 33 6070612492889 67461276717
3 1 4 25 19 39 6171804416419 101191923530
3 1 1 25 19 28 6138073769606 67461307755
3 1 2 25 19 20 6205535077361 67461276717
3 2 0 25 40 18 6272996354078 80981598596
3 2 3 25 40 25 6272996354078 81012447507
3 2 1 25 40 27 6353977952674 81030265160
3 2 4 25 40 29 6354008801585 80963802052
3 2 0 25 40 24 6435008217834 80988122210
3 2 0 25 40 22 6515996340044 80988122210
3 2 3 25 40 42 6434972603637 81005938579
3 2 2 25 40 5 6515978542216 81005920026
3 2 1 25 40 19 6596984462254 39736994936
3 2 2 25 40 40 6636721457190 39736994936
3 2 3 25 40 22 6676458452126 39736994936
3 2 4 25 40 35 6716195447062 39736994936
3 2 3 25 40 3 6755932441998 101191923530
3 2 0 25 40 33 6755932441998 67461276717
3 2 4 25 40 39 6857124365528 101191923530
3 2 1 25 40 28 6823393718715 67461307755
3 2 2 25 40 20 6890855026470 67461276717
3 3 0 25 22 18 6958316303187 80981598596
3 3 3 25 22 25 6958316303187 81012447507
3 3 1 25 22 27 7039297901783 81030265160
3 3 4 25 22 29 7039328750694 80963802052
3 3 0 25 22 24 7120328166943 80988122210
3 3 0 25 22 22 7201316289153 80988122210
3 3 3 25 22 42 7120292552746 81005938579
3 3 2 25 22 5 7201298491325 81005920026
3 3 1 25 22 19 7282304411363 39736994936
3 3 2 25 22 40 7322041406299 39736994936
3 3 3 25 22 22 7361778401235 39736994936
3 3 4 25 22 35 7401515396171 39736994936
3 3 3 25 22 3 7441252391107 101191923530
3 3 0 25 22 33 7441252391107 67461276717
3 3 4 25 22 39 7542444314637 101191923530
3 3 1 25 22 28 7508713667824 67461307755
3 3 2 25 22 20 7576174975579 67461276717
3 4 0 25 35 18 7643636252296 80981598596
3 4 3 25 35 25 7643636252296 81012447507
3 4 1 25 35 27 7724617850892 81030265160
3 4 4 25 35 29 7724648699803 80963802052
3 4 0 25 35 24 7805648116052 80988122210
3 4 0 25 35 22 7886636238262 80988122210
3 4 3 25 35 42 7805612501855 81005938579
3 4 2 25 35 5 7886618440434 81005920026
3 4 1 25 35 19 7967624360472 39736994936
3 4 2 25 35 40 8007361355408 39736994936
3 4 3 25 35 22 8047098350344 39736994936
3 4 4 25 35 35 8086835345280 39736994936
3 4 3 25 35 3 8126572340216 101191919452
3 4 0 25 35 33 8126572340216 67461278549
3 4 4 25 35 39 8227764259668 101191919452
3 4 1 25 35 28 8194033618765 67461309587
3 4 2 25 35 20 8261494928352 67461278549
3 3 0 25 3 18 8328956206901 206223514398
3 3 3 25 3 25 8328956206901 206301100065
3 3 1 25 3 27 8535179721299 206345911624
3 3 4 25 3 29 8535257306966 206178755271
3 3 0 25 3 24 8741525632923 206239921285
3 3 0 25 3 22 8947765554208 206239921285
3 3 3 25 3 42 8741436062237 206284729654
3 3 2 25 3 5 8947720791891 206284683573
3 3 1 25 3 19 9154005475493 101191919844
3 3 2 25 3 40 9255197395337 101191919844
3 3 3 25 3 22 9356389315181 101191919844
3 3 4 25 3 35 9457581235025 101191919844
3 3 3 25 3 3 9558773154869 257689465943
3 3 0 25 3 33 9558773154869 171792963297
3 3 4 25 3 39 9816462620812 257689465943
3 3 1 25 3 28 9730566118166 171793040392
3 3 2 25 3 20 9902359158558 171792963297
3 0 0 25 33 18 8328956206901 137482199774
3 0 3 25 33 25 8328956206901 137534203754
3 0 1 25 33 27 8466438406675 137564240028
3 0 4 25 33 29 8466490410655 137452198835
3 0 0 25 33 24 8604002646703 137493196993
3 0 0 25 33 22 8741495843696 137493196993
3 0 3 25 33 42 8603942609490 137523231117
3 0 2 25 33 5 8741465840607 137523200062
3 0 1 25 33 19 8878989040689 67461278374
3 0 2 25 33 40 8946450319063 67461278374
3 0 3 25 33 22 9013911597437 67461278374
3 0 4 25 33 35 9081372875811 67461278374
3 0 3 25 33 3 9148834154185 171792973502
3 0 0 25 33 33 9148834154185 114528639568
3 0 4 25 33 39 9320627127687 171792973502
3 0 1 25 33 28 9263362793753 114528691523
3 0 2 25 33 20 9377891485276 114528639568
3 4 0 25 39 18 10074152121855 206223514398
3 4 3 25 39 25 10074152121855 206301100065
3 4 1 25 39 27 10280375636253 206345911624
3 4 4 25 39 29 10280453221920 206178755271
3 4 0 25 39 24 10486721547877 206239921285
3 4 0 25 39 22 10692961469162 206239921285
3 4 3 25 39 42 10486631977191 206284729654
3 4 2 25 39 5 10692916706845 206284683573
3 4 1 25 39 19 10899201390447 101191919844
3 4 2 25 39 40 11000393310291 101191919844
3 4 3 25 39 22 11101585230135 101191919844
3 4 4 25 39 35 11202777149979 101191919844
3 4 3 25 39 3 11303969069823 257689455098
3 4 0 25 39 33 11303969069823 171792968170
3 4 4 25 39 39 11561658524921 257689455098
3 4 1 25 39 28 11475762037993 171793045264
3 4 2 25 39 20 11647555083257 171792968170
3 1 0 25 28 18 9492420124844 137482214444
3 1 3 25 28 25 9492420124844 137534218430
3 1 1 25 28 27 9629902339288 137564254707
3 1 4 25 28 29 9629954343274 137452213502
3 1 0 25 28 24 9767466593995 137493211665
3 1 0 25 28 22 9904959805660 137493211665
3 1 3 25 28 42 9767406556776 137523245792
3 1 2 25 28 5 9904929802568 137523214737
3 1 1 25 28 19 10042453017325 67461285572
3 1 2 25 28 40 10109914302897 67461285572
3 1 3 25 28 22 10177375588469 67461285572
3 1 4 25 28 35 10244836874041 67461285572
3 1 3 25 28 3 10312298159613 171792991834
3 1 0 25 28 33 10312298159613 114528651789
3 1 4 25 28 39 10484091151447 171792991834
3 1 1 25 28 28 10426826811402 114528703744
3 1 2 25 28 20 10541355515146 114528651789
3 2 0 25 20 18 10655884166935 137482199774
3 2 3 25 20 25 10655884166935 137534203754
3 2 1 25 20 27 10793366366709 137564240028
3 2 4 25 20 29 10793418370689 137452198835
3 2 0 25 20 24 10930930606737 137493196993
3 2 0 25 20 22 11068423803730 137493196993
3 2 3 25 20 42 10930870569524 137523231117
3 2 2 25 20 5 11068393800641 137523200062
3 2 1 25 20 19 11205917000723 67461278374
3 2 2 25 20 40 11273378279097 67461278374
3 2 3 25 20 22 11340839557471 67461278374
3 2 4 25 20 35 11408300835845 67461278374
3 2 3 25 20 3 11475762114219 171792966193
3 2 0 25 20 33 11475762114219 114528642852
3 2 4 25 20 39 11647555080412 171792966193
3 2 1 25 20 28 11590290757071 114528694806
3 2 2 25 20 20 11704819451877 114528642852
1 0 0 27 18 18 11818272812744 165059796828
1 0 3 27 18 25 11818272812744 165122080353
1 0 1 27 18 27 11983332609572 165158053837
1 0 4 27 18 29 11983394893097 165023865560
1 0 0 27 18 24 12148490663409 165072967823
1 0 0 27 18 22 12313563631232 165072967823
1 0 3 27 18 42 12148418758657 165108938727
1 0 2 27 18 5 12313527697384 165108901624
1 0 1 27 18 19 12478636599055 80993319846
1 0 2 27 18 40 12559629918901 80993319846
1 0 3 27 18 22 12640623238747 80993319846
1 0 4 27 18 35 12721616558593 80993319846
1 0 3 27 18 3 12802609878439 206252884354
1 0 0 27 18 33 12802609878439 137501911637
1 0 4 27 18 39 13008862762793 206252884354
1 0 1 27 18 28 12940111790076 137501973710
1 0 2 27 18 20 13077613763786 137501911637
1 3 0 27 25 18 11818272812744 165090381519
1 3 3 27 25 25 11818272812744 165152676431
1 3 1 27 25 27 11983363194263 165188656492
1 3 4 27 25 29 11983425489175 165054443682
1 3 0 27 25 24 12148551850755 165103554922
1 3 0 27 25 22 12313655405677 165103554922
1 3 3 27 25 42 12148479932857 165139532402
1 3 2 27 25 5 12313619465259 165139495293
1 3 1 27 25 19 12478758960599 81008327434
1 3 2 27 25 40 12559767288033 81008327434
1 3 3 27 25 22 12640775615467 81008327434
1 3 4 27 25 35 12721783942901 81008327434
1 3 3 27 25 3 12802792270335 206291101811
1 3 0 27 25 33 12802792270335 137527389934
1 3 4 27 25 39 13009083372146 206291101811
1 3 1 27 25 28 12940319660269 137527452019
1 3 2 27 25 20 13077847112288 137527389934
1 1 0 27 27 18 13215115675423 165107093647
1 1 3 27 27 25 13215115675423 165169394800
1 1 1 27 27 27 13380222769070 165205378443
1 1 4 27 27 29 13380285070223 165071152231
1 1 0 27 27 24 13545428147513 165120268375
1 1 0 27 27 22 13710548415888 165120268375
1 1 3 27 27 42 13545356222454 165156249449
1 1 2 27 27 5 13710512471903 165156212336
1 1 1 27 27 19 13875668684263 81016527905
1 1 2 27 27 40 13956685212168 81016527905
1 1 3 27 27 22 14037701740073 81016527905
1 1 4 27 27 35 14118718267978 81016527905
1 1 3 27 27 3 14199734795883 206311984654
1 1 0 27 27 33 14199734795883 137541311828
1 1 4 27 27 39 14406046780537 206311984654
1 1 1 27 27 28 14337276107711 137541373919
1 1 2 27 27 20 14474817481630 137541311828
1 4 0 27 29 18 13215374502222 165043094127
1 4 3 27 29 25 13215374502222 165105371452
1 4 1 27 29 27 13380417596349 165141341333
1 4 4 27 29 29 13380479873674 165007166458
1 4 0 27 29 24 13545558937682 165056263816
1 4 0 27 29 22 13710615201498 165056263816
1 4 3 27 29 42 13545487040132 165092231129
1 4 2 27 29 5 13710579271261 165092194030
1 4 1 27 29 19 13875671465314 80985124010
1 4 2 27 29 40 13956656589324 80985124010
1 4 3 27 29 22 14037641713334 80985124010
1 4 4 27 29 35 14118626837344 80985124010
1 4 3 27 29 3 14199611961354 206232013314
1 4 0 27 29 33 14199611961354 137487997611
1 4 4 27 29 39 14405843974668 206232013314
1 4 1 27 29 28 14337099958965 137488059678
1 4 2 27 29 20 14474588018643 137487997611
1 0 0 27 24 18 14612358793458 165063809382
1 0 3 27 24 25 14612358793458 165126094420
1 0 1 27 24 27 14777422602840 165162068755
1 0 4 27 24 29 14777484887878 165027877263
1 0 0 27 24 24 14942584671595 165076980702
1 0 0 27 24 22 15107661652297 165076980702
1 0 3 27 24 42 14942512765141 165112952470
1 0 2 27 24 5 15107625717611 165112915366
1 0 1 27 24 19 15272738632999 80995288769
1 0 2 27 24 40 15353733921768 80995288769
1 0 3 27 24 22 15434729210537 80995288769
1 0 4 27 24 35 15515724499306 80995288769
1 0 3 27 24 3 15596719788075 185701325577
1 0 0 27 24 33 15596719788075 148560861413
1 0 4 27 24 39 15782421113652 185701186973
1 0 1 27 24 28 15745280649488 148560995267
1 0 2 27 24 20 15893841644755 148561017576
1 0 0 27 22 18 15968122300625 185701186974
1 0 3 27 22 25 16042402662331 148560995267
1 0 1 27 22 27 16153823487599 185701325580
1 0 4 27 22 29 16190963657598 148560861412
1 0 0 27 22 24 16339524813179 165094880980
1 0 0 27 22 22 16504619694159 165094880980
1 0 3 27 22 42 16339524519010 165095048313
1 0 2 27 22 5 16504619567323 165095011229
1 0 1 27 22 19 16669714578552 80995288769
1 0 2 27 22 40 16750709867321 80995288769
1 0 3 27 22 22 16831705156090 80995288769
1 0 4 27 22 35 16912700444859 80995288769
1 0 3 27 22 3 16993695733628 206257898303
1 0 0 27 22 33 16993695733628 137505254264
1 0 4 27 22 39 17199953631931 206257898303
1 0 1 27 22 28 17131200987892 137505316339
1 0 2 27 22 20 17268706304231 137505254264
1 3 0 27 42 18 14612076016254 165086376439
1 3 3 27 42 25 14612076016254 165148669878
1 3 1 27 42 27 14777162392693 165184649067
1 3 4 27 42 29 14777224686132 165050439473
1 3 0 27 42 24 14942347041760 165099549535
1 3 0 27 42 22 15107446591295 165099549535
1 3 3 27 42 42 14942275125605 165135526155
1 3 2 27 42 5 15107410651760 165135489047
1 3 1 27 42 19 15272546140830 81006362187
1 3 2 27 42 40 15353552503017 81006362187
1 3 3 27 42 22 15434558865204 81006362187
1 3 4 27 42 35 15515565227391 81006362187
1 3 3 27 42 3 15596571589578 206286097228
1 3 0 27 42 33 15596571589578 137524053546
1 3 4 27 42 39 15802857686806 206286097228
1 3 1 27 42 28 15734095643124 137524115629
1 3 2 27 42 20 15871619758753 137524053546
1 2 0 27 5 18 16009143812299 165086367672
1 2 3 27 5 25 16009143812299 165148661108
1 2 1 27 5 27 16174230179971 165184640294
1 2 4 27 5 29 16174292473407 165050430708
1 2 0 27 5 24 16339414820265 165099540767
1 2 0 27 5 22 16504514361032 165099540767
1 2 3 27 5 42 16339342904115 165135517386
1 2 2 27 5 5 16504478421501 165135480277
1 2 1 27 5 19 16669613901799 81006357885
1 2 2 27 5 40 16750620259684 81006357885
1 2 3 27 5 22 16831626617569 81006357885
1 2 4 27 5 35 16912632975454 81006357885
1 2 3 27 5 3 16993639333339 206286086273
1 2 0 27 5 33 16993639333339 137524046243
1 2 4 27 5 39 17199925419612 206286086273
1 2 1 27 5 28 17131163379582 137524108326
1 2 2 27 5 20 17268687487908 137524046243
1 1 0 27 19 18 17406211558495 80985400688
1 1 3 27 19 25 17406211558495 81016251017
1 1 1 27 19 27 17487196959183 81034069501
1 1 4 27 19 29 17487227809512 80967603313
1 1 0 27 19 24 17568231028684 80991924598
1 1 0 27 19 22 17649222953282 80991924598
1 1 3 27 19 42 17568195412825 81009741792
1 1 2 27 19 5 17649205154617 81009723239
1 1 1 27 19 19 17730214877880 39738860583
1 1 2 27 19 40 17769953738463 39738860583
1 1 3 27 19 22 17809692599046 39738860583
1 1 4 27 19 35 17849431459629 39738860583
1 1 3 27 19 3 17889170320212 101196674479
1 1 0 27 19 33 17889170320212 67464444017
1 1 4 27 19 39 17990366994691 101196674479
1 1 1 27 19 28 17956634764229 67464475056
1 1 2 27 19 20 18024099239285 67464444017
1 2 0 27 40 18 18091563683302 80985400682
1 2 3 27 40 25 18091563683302 81016251022
1 2 1 27 40 27 18172549083984 81034069500
1 2 4 27 40 29 18172579934324 80967603314
1 2 0 27 40 24 18253583153484 80991924598
1 2 0 27 40 22 18334575078082 80991924598
1 2 3 27 40 42 18253547537638 81009741792
1 2 2 27 40 5 18334557279430 81009723239
1 2 1 27 40 19 18415567002680 39738860583
1 2 2 27 40 40 18455305863263 39738860583
1 2 3 27 40 22 18495044723846 39738860583
1 2 4 27 40 35 18534783584429 39738860583
1 2 3 27 40 3 18574522445012 101196674479
1 2 0 27 40 33 18574522445012 67464444017
1 2 4 27 40 39 18675719119491 101196674479
1 2 1 27 40 28 18641986889029 67464475056
1 2 2 27 40 20 18709451364085 67464444017
1 3 0 27 22 18 18776915808102 80985400682
1 3 3 27 22 25 18776915808102 81016251022
1 3 1 27 22 27 18857901208784 81034069500
1 3 4 27 22 29 18857932059124 80967603314
1 3 0 27 22 24 18938935278284 80991924598
1 3 0 27 22 22 19019927202882 80991924598
1 3 3 27 22 42 18938899662438 81009741792
1 3 2 27 22 5 19019909404230 81009723239
1 3 1 27 22 19 19100919127480 39738860583
1 3 2 27 22 40 19140657988063 39738860583
1 3 3 27 22 22 19180396848646 39738860583
1 3 4 27 22 35 19220135709229 39738860583
1 3 3 27 22 3 19259874569812 101196674479
1 3 0 27 22 33 19259874569812 67464444017
1 3 4 27 22 39 19361071244291 101196674479
1 3 1 27 22 28 19327339013829 67464475056
1 3 2 27 22 20 19394803488885 67464444017
1 4 0 27 35 18 19462267932902 80985400683
1 4 3 27 35 25 19462267932902 81016251022
1 4 1 27 35 27 19543253333585 81034069500
1 4 4 27 35 29 19543284183924 80967603314
1 4 0 27 35 24 19624287403085 80991924598
1 4 0 27 35 22 19705279327683 80991924598
1 4 3 27 35 42 19624251787238 81009741792
1 4 2 27 35 5 19705261529030 81009723239
1 4 1 27 35 19 19786271252281 39738860583
1 4 2 27 35 40 19826010112864 39738860583
1 4 3 27 35 22 19865748973447 39738860583
1 4 4 27 35 35 19905487834030 39738860583
1 4 3 27 35 3 19945226694613 101196670401
1 4 0 27 35 33 19945226694613 67464445849
1 4 4 27 35 39 20046423365014 101196670401
1 4 1 27 35 28 20012691140462 67464476888
1 4 2 27 35 20 20080155617350 67464445849
1 3 0 27 3 18 20147620063199 206233196592
1 3 3 27 3 25 20147620063199 206310785853
1 3 1 27 3 27 20353853259791 206355599488
1 3 4 27 3 29 20353930849052 206188435392
1 3 0 27 3 24 20560208859279 206249604239
1 3 0 27 3 22 20766458463518 206249604239
1 3 3 27 3 42 20560119284444 206294414684
1 3 2 27 3 5 20766413699128 206294368601
1 3 1 27 3 19 20972708067757 101196670793
1 3 2 27 3 40 21073904738550 101196670793
1 3 3 27 3 22 21175101409343 101196670793
1 3 4 27 3 35 21276298080136 101196670793
1 3 3 27 3 3 21377494750929 257701564434
1 3 0 27 3 33 21377494750929 171801028957
1 3 4 27 3 39 21635196315363 257701564434
1 3 1 27 3 28 21549295779886 171801106055
1 3 2 27 3 20 21721096885941 171801028957
1 0 0 27 33 18 20147620063199 137488654563
1 0 3 27 33 25 20147620063199 137540660953
1 0 1 27 33 27 20285108717762 137570698617
1 0 4 27 33 29 20285160724152 137458652234
1 0 0 27 33 24 20422679416379 137499652292
1 0 0 27 33 22 20560179068671 137499652292
1 0 3 27 33 42 20422619376386 137529687807
1 0 2 27 33 5 20560149064193 137529656751
1 0 1 27 33 19 20697678720963 67464445673
1 0 2 27 33 40 20765143166636 67464445673
1 0 3 27 33 22 20832607612309 67464445673
1 0 4 27 33 35 20900072057982 67464445673
1 0 3 27 33 3 20967536503655 171801039162
1 0 0 27 33 33 20967536503655 114534016674
1 0 4 27 33 39 21139337542817 171801039162
1 0 1 27 33 28 21082070520329 114534068631
1 0 2 27 33 20 21196604588960 114534016674
1 4 0 27 39 18 21892897914898 206233196592
1 4 3 27 39 25 21892897914898 206310785854
1 4 1 27 39 27 22099131111490 206355599488
1 4 4 27 39 29 22099208700752 206188435392
1 4 0 27 39 24 22305486710978 206249604239
1 4 0 27 39 22 22511736315217 206249604239
1 4 3 27 39 42 22305397136144 206294414684
1 4 2 27 39 5 22511691550828 206294368601
1 4 1 27 39 19 22717985919456 101196670793
1 4 2 27 39 40 22819182590249 101196670793
1 4 3 27 39 22 22920379261042 101196670793
1 4 4 27 39 35 23021575931835 101196670793
1 4 3 27 39 3 23122772602628 257701553587
1 4 0 27 39 33 23122772602628 171801033830
1 4 4 27 39 39 23380474156215 257701553587
1 4 1 27 39 28 23294573636458 171801110928
1 4 2 27 39 20 23466374747386 171801033830
1 1 0 27 28 18 21311138605634 137488669235
1 1 3 27 28 25 21311138605634 137540675629
1 1 1 27 28 27 21448627274869 137570713297
1 1 4 27 28 29 21448679281263 137458666903
1 1 0 27 28 24 21586197988166 137499666964
1 1 0 27 28 22 21723697655130 137499666964
1 1 3 27 28 42 21586137948166 137529702483
1 1 2 27 28 5 21723667650649 137529671427
1 1 1 27 28 19 21861197322094 67464452872
1 1 2 27 28 40 21928661774966 67464452872
1 1 3 27 28 22 21996126227838 67464452872
1 1 4 27 28 35 22063590680710 67464452872
1 1 3 27 28 3 22131055133582 171801057495
1 1 0 27 28 33 22131055133582 114534028896
1 1 4 27 28 39 22302856191077 171801057495
1 1 1 27 28 28 22245589162478 114534080853
1 1 2 27 28 20 22360123243331 114534028896
1 2 0 27 20 18 22474657272227 137488654563
1 2 3 27 20 25 22474657272227 137540660953
1 2 1 27 20 27 22612145926790 137570698618
1 2 4 27 20 29 22612197933180 137458652234
1 2 0 27 20 24 22749716625408 137499652292
1 2 0 27 20 22 22887216277700 137499652292
1 2 3 27 20 42 22749656585414 137529687807
1 2 2 27 20 5 22887186273221 137529656751
1 2 1 27 20 19 23024715929992 67464445673
1 2 2 27 20 40 23092180375665 67464445673
1 2 3 27 20 22 23159644821338 67464445673
1 2 4 27 20 35 23227109267011 67464445673
1 2 3 27 20 3 23294573712684 171801031853
1 2 0 27 20 33 23294573712684 114534019958
1 2 4 27 20 39 23466374744537 171801031853
1 2 1 27 20 28 23409107732642 114534071915
1 2 2 27 20 20 23523641804557 114534019958
4 0 0 29 18 18 11819348094729 165029284630
4 0 3 29 18 25 11819348094729 165091556795
4 0 1 29 18 27 11984377379359 165127523717
4 0 4 29 18 29 11984439651524 164993359915
4 0 0 29 18 24 12149504903076 165042453222
4 0 0 29 18 22 12314547356298 165042453222
4 0 3 29 18 42 12149433011439 165078417566
4 0 2 29 18 5 12314511429005 165078380470
4 0 1 29 18 19 12479589809520 80978347829
4 0 2 29 18 40 12560568157349 80978347829
4 0 3 29 18 22 12641546505178 80978347829
4 0 4 29 18 35 12722524853007 80978347829
4 0 3 29 18 3 12803503200836 206214757486
4 0 0 29 18 33 12803503200836 137476493727
4 0 4 29 18 39 13009717958322 206214757486
4 0 1 29 18 28 12940979694563 137476555789
4 0 2 29 18 20 13078456250352 137476493727
4 3 0 29 25 18 11819348094729 165059863741
4 3 3 29 25 25 11819348094729 165122147291
4 3 1 29 25 27 11984407958470 165158120790
4 3 4 29 25 29 11984470242020 165023932459
4 3 0 29 25 24 12149566079260 165073034742
4 3 0 29 25 22 12314639114002 165073034742
4 3 3 29 25 42 12149494174479 165109005660
4 3 2 29 25 5 12314603180139 165108968557
4 3 1 29 25 19 12479712148744 80993352679
4 3 2 29 25 40 12560705501423 80993352679
4 3 3 29 25 22 12641698854102 80993352679
4 3 4 29 25 35 12722692206781 80993352679
4 3 3 29 25 3 12803685559460 206252967971
4 3 0 29 25 33 12803685559460 137501967377
4 3 4 29 25 39 13009938527431 206252967971
4 3 1 29 25 28 12941187526837 137502029450
4 3 2 29 25 20 13078689556287 137501967377
4 1 0 29 27 18 13215932744079 165076572823
4 1 3 29 27 25 13215932744079 165138862613
4 1 1 29 27 27 13381009316902 165174839693
4 1 4 29 27 29 13381071606692 165040637963
4 1 0 29 27 24 13546184156595 165089745148
4 1 0 29 27 22 13711273901743 165089745148
4 1 3 29 27 42 13546112244655 165125719660
4 1 2 29 27 5 13711237964315 165125682553
4 1 1 29 27 19 13876363646891 81001551656
4 1 2 29 27 40 13957365198547 81001551656
4 1 3 29 27 22 14038366750203 81001551656
4 1 4 29 27 35 14119368301859 81001551656
4 1 3 29 27 3 14200369853515 206273847008
4 1 0 29 27 33 14200369853515 137515886733
4 1 4 29 27 39 14406643700523 206273847008
4 1 1 29 27 28 14337885740248 137515948812
4 1 2 29 27 20 14475401689060 137515886733
4 4 0 29 29 18 13216191523664 165012584973
4 4 3 29 29 25 13216191523664 165074850939
4 4 1 29 29 27 13381204108637 165110814260
4 4 4 29 29 29 13381266374603 164976663857
4 4 0 29 29 24 13546314922897 165025752260
4 4 0 29 29 22 13711340675157 165025752260
4 4 3 29 29 42 13546243038460 165061713013
4 4 2 29 29 5 13711304751473 165061675921
4 4 1 29 29 19 13876366427417 80970153487
4 4 2 29 29 40 13957336580904 80970153487
4 4 3 29 29 22 14038306734391 80970153487
4 4 4 29 29 35 14119276887878 80970153487
4 4 3 29 29 3 14200247041365 206193890250
4 4 0 29 29 33 14200247041365 137462582237
4 4 4 29 29 39 14406440931615 206193890250
4 4 1 29 29 28 14337709623602 137462644293
4 4 2 29 29 20 14475172267895 137462582237
4 0 0 29 24 18 14612917575793 165033296458
4 0 3 29 24 25 14612917575793 165095570135
4 0 1 29 24 27 14777950872251 165131537909
4 0 4 29 24 29 14778013145928 164997370893
4 0 0 29 24 24 14943082410160 165046465375
4 0 0 29 24 22 15108128875535 165046465375
4 0 3 29 24 42 14943010516821 165082430582
4 0 2 29 24 5 15108092947403 165082393485
4 0 1 29 24 19 15273175340910 80980316396
4 0 2 29 24 40 15354155657306 80980316396
4 0 3 29 24 22 15435135973702 80980316396
4 0 4 29 24 35 15516116290098 80980316396
4 0 3 29 24 3 15597096606494 185666997785
4 0 0 29 24 33 15597096606494 148533399215
4 0 4 29 24 39 15782763604279 185666859206
4 0 1 29 24 28 15745630005709 148533533045
4 0 2 29 24 20 15894163538754 148533555350
4 0 0 29 22 18 15968430463485 185666859207
4 0 3 29 22 25 16042697094104 148533533045
4 0 1 29 22 27 16154097322692 185666997788
4 0 4 29 22 29 16191230627149 148533399214
4 0 0 29 22 24 16339764320480 165064362389
4 0 0 29 22 22 16504828682869 165064362389
4 0 3 29 22 42 16339764026363 165064529691
4 0 2 29 22 5 16504828556054 165064492614
4 0 1 29 22 19 16669893048668 80980316396
4 0 2 29 22 40 16750873365064 80980316396
4 0 3 29 22 22 16831853681460 80980316396
4 0 4 29 22 35 16912833997856 80980316396
4 0 3 29 22 3 16993814314252 206219770528
4 0 0 29 22 33 16993814314252 137479835750
4 0 4 29 22 39 17200034084780 206219770528
4 0 1 29 22 28 17131294150002 137479897813
4 0 2 29 22 20 17268774047815 137479835750
4 3 0 29 42 18 14612634850132 165055859386
4 3 3 29 42 25 14612634850132 165118141463
4 3 1 29 42 27 14777690709518 165154114090
4 3 4 29 42 29 14777752991595 165019928975
4 3 0 29 42 24 14942844823608 165069030080
4 3 0 29 42 22 15107913853688 165069030080
4 3 3 29 42 42 14942772920570 165105000138
4 3 2 29 42 5 15107877920708 165104963036
4 3 1 29 42 19 15272982883768 80991387789
4 3 2 29 42 40 15353974271557 80991387789
4 3 3 29 42 22 15434965659346 80991387789
4 3 4 29 42 35 15515957047135 80991387789
4 3 3 29 42 3 15596948434924 206247964294
4 3 0 29 42 33 15596948434924 137498631592
4 3 4 29 42 39 15803196399218 206247964294
4 3 1 29 42 28 15734447066516 137498693664
4 3 2 29 42 20 15871945760180 137498631592
4 2 0 29 5 18 16009444391772 165055850620
4 2 3 29 5 25 16009444391772 165118132695
4 2 1 29 5 27 16174500242392 165154105319
4 2 4 29 5 29 16174562524467 165019920211
4 2 0 29 5 24 16339654347711 165069021313
4 2 0 29 5 22 16504723369024 165069021313
4 2 3 29 5 42 16339582444678 165104991370
4 2 2 29 5 5 16504687436048 165104954268
4 2 1 29 5 19 16669792390337 80991383487
4 2 2 29 5 40 16750783773824 80991383487
4 2 3 29 5 22 16831775157311 80991383487
4 2 4 29 5 35 16912766540798 80991383487
4 2 3 29 5 3 16993757924285 206247953341
4 2 0 29 5 33 16993757924285 137498624290
4 2 4 29 5 39 17200005877626 206247953341
4 2 1 29 5 28 17131256548575 137498686362
4 2 2 29 5 20 17268755234937 137498624290
4 1 0 29 19 18 17406253883565 80970430115
4 1 3 29 19 25 17406253883565 81001274818
4 1 1 29 19 27 17487224313680 81019090052
4 1 4 29 19 29 17487255158383 80952635986
4 1 0 29 19 24 17568243403732 80976952836
4 1 0 29 19 22 17649220356568 80976952836
4 1 3 29 19 42 17568207794369 80994766780
4 1 2 29 19 5 17649202561149 80994748230
4 1 1 29 19 19 17730197309404 39731514666
4 1 2 29 19 40 17769928824070 39731514666
4 1 3 29 19 22 17809660338736 39731514666
4 1 4 29 19 35 17849391853402 39731514666
4 1 3 29 19 3 17889123368068 101177967795
4 1 0 29 19 33 17889123368068 67451972895
4 1 4 29 19 39 17990301335863 101177967795
4 1 1 29 19 28 17956575340963 67452003929
4 1 2 29 19 20 18024027344892 67451972895
4 2 0 29 40 18 18091479317787 80970430110
4 2 3 29 40 25 18091479317787 81001274823
4 2 1 29 40 27 18172449747897 81019090051
4 2 4 29 40 29 18172480592610 80952635987
4 2 0 29 40 24 18253468837948 80976952836
4 2 0 29 40 22 18334445790784 80976952836
4 2 3 29 40 42 18253433228597 80994766780
4 2 2 29 40 5 18334427995377 80994748231
4 2 1 29 40 19 18415422743620 39731514666
4 2 2 29 40 40 18455154258286 39731514666
4 2 3 29 40 22 18494885772952 39731514666
4 2 4 29 40 35 18534617287618 39731514666
4 2 3 29 40 3 18574348802284 101177967795
4 2 0 29 40 33 18574348802284 67451972895
4 2 4 29 40 39 18675526770079 101177967795
4 2 1 29 40 28 18641800775179 67452003929
4 2 2 29 40 20 18709252779108 67451972895
4 3 0 29 22 18 18776704752003 80970430110
4 3 3 29 22 25 18776704752003 81001274823
4 3 1 29 22 27 18857675182113 81019090051
4 3 4 29 22 29 18857706026826 80952635987
4 3 0 29 22 24 18938694272164 80976952836
4 3 0 29 22 22 19019671225000 80976952836
4 3 3 29 22 42 18938658662813 80994766780
4 3 2 29 22 5 19019653429593 80994748231
4 3 1 29 22 19 19100648177836 39731514666
4 3 2 29 22 40 19140379692502 39731514666
4 3 3 29 22 22 19180111207168 39731514666
4 3 4 29 22 35 19219842721834 39731514666
4 3 3 29 22 3 19259574236500 101177967795
4 3 0 29 22 33 19259574236500 67451972895
4 3 4 29 22 39 19360752204295 101177967795
4 3 1 29 22 28 19327026209395 67452003929
4 3 2 29 22 20 19394478213324 67451972895
4 4 0 29 35 18 19461930186219 80970430110
4 4 3 29 35 25 19461930186219 81001274823
4 4 1 29 35 27 19542900616329 81019090051
4 4 4 29 35 29 19542931461042 80952635987
4 4 0 29 35 24 19623919706380 80976952836
4 4 0 29 35 22 19704896659216 80976952836
4 4 3 29 35 42 19623884097029 80994766780
4 4 2 29 35 5 19704878863809 80994748231
4 4 1 29 35 19 19785873612052 39731514666
4 4 2 29 35 40 19825605126718 39731514666
4 4 3 29 35 22 19865336641384 39731514666
4 4 4 29 35 35 19905068156050 39731514666
4 4 3 29 35 3 19944799670716 101177963718
4 4 0 29 35 33 19944799670716 67451974727
4 4 4 29 35 39 20045977634434 101177963718
4 4 1 29 35 28 20012251645443 67452005760
4 4 2 29 35 20 20079703651203 67451974727
4 3 0 29 3 18 20147155625930 206195073314
4 3 3 29 3 25 20147155625930 206272648423
4 3 1 29 3 27 20353350699244 206317453885
4 3 4 29 3 29 20353428274353 206150320278
4 3 0 29 3 24 20559668153129 206211477968
4 3 0 29 3 22 20765879631097 206211477968
4 3 3 29 3 42 20559578594631 206256280240
4 3 2 29 3 5 20765834874871 206256234165
4 3 1 29 3 19 20972091109065 101177964109
4 3 2 29 3 40 21073269073174 101177964109
4 3 3 29 3 22 21174447037283 101177964109
4 3 4 29 3 35 21275625001392 101177964109
4 3 3 29 3 3 21376802965501 257653927080
4 3 0 29 3 33 21376802965501 171769270723
4 3 4 29 3 39 21634456892581 257653927080
4 3 1 29 3 28 21548572236224 171769347807
4 3 2 29 3 20 21720341584031 171769270723
4 0 0 29 33 18 20147155625930 137463239071
4 0 3 29 33 25 20147155625930 137515235975
4 0 1 29 33 27 20284618865001 137545268161
4 0 4 29 33 29 20284670861905 137433242215
4 0 0 29 33 24 20422164133162 137474234794
4 0 0 29 33 22 20559638367956 137474234794
4 0 3 29 33 42 20422104104120 137504264831
4 0 2 29 33 5 20559608368951 137504233780
4 0 1 29 33 19 20697112602750 67451974551
4 0 2 29 33 40 20764564577301 67451974551
4 0 3 29 33 22 20832016551852 67451974551
4 0 4 29 33 35 20899468526403 67451974551
4 0 3 29 33 3 20966920500954 171769280928
4 0 0 29 33 33 20966920500954 114512844519
4 0 4 29 33 39 21138689781882 171769280928
4 0 1 29 33 28 21081433345473 114512896467
4 0 2 29 33 20 21195946241940 114512844519
4 4 0 29 39 18 21892110854754 206195073314
4 4 3 29 39 25 21892110854754 206272648424
4 4 1 29 39 27 22098305928068 206317453885
4 4 4 29 39 29 22098383503178 206150320278
4 4 0 29 39 24 22304623381953 206211477968
4 4 0 29 39 22 22510834859921 206211477968
4 4 3 29 39 42 22304533823456 206256280240
4 4 2 29 39 5 22510790103696 206256234165
4 4 1 29 39 19 22717046337889 101177964109
4 4 2 29 39 40 22818224301998 101177964109
4 4 3 29 39 22 22919402266107 101177964109
4 4 4 29 39 35 23020580230216 101177964109
4 4 3 29 39 3 23121758194325 257653916228
4 4 0 29 39 33 23121758194325 171769275599
4 4 4 29 39 39 23379412110553 257653916228
4 4 1 29 39 28 23293527469924 171769352683
4 4 2 29 39 20 23465296822607 171769275599
4 1 0 29 28 18 21310459086459 137463253740
4 1 3 29 28 25 21310459086459 137515250649
4 1 1 29 28 27 21447922340199 137545282839
4 1 4 29 28 29 21447974337108 137433256880
4 1 0 29 28 24 21585467623038 137474249464
4 1 0 29 28 22 21722941872502 137474249464
4 1 3 29 28 42 21585407593988 137504279504
4 1 2 29 28 5 21722911873492 137504248453
4 1 1 29 28 19 21860416121966 67451981749
4 1 2 29 28 40 21927868103715 67451981749
4 1 3 29 28 22 21995320085464 67451981749
4 1 4 29 28 35 22062772067213 67451981749
4 1 3 29 28 3 22130224048962 171769299257
4 1 0 29 28 33 22130224048962 114512856739
4 1 4 29 28 39 22301993348219 171769299257
4 1 1 29 28 28 22244736905701 114512908687
4 1 2 29 28 20 22359249814388 114512856739
4 2 0 29 20 18 22473762671127 137463239071
4 2 3 29 20 25 22473762671127 137515235975
4 2 1 29 20 27 22611225910198 137545268161
4 2 4 29 20 29 22611277907102 137433242215
4 2 0 29 20 24 22748771178359 137474234794
4 2 0 29 20 22 22886245413153 137474234794
4 2 3 29 20 42 22748711149317 137504264831
4 2 2 29 20 5 22886215414148 137504233780
4 2 1 29 20 19 23023719647947 67451974551
4 2 2 29 20 40 23091171622498 67451974551
4 2 3 29 20 22 23158623597049 67451974551
4 2 4 29 20 35 23226075571600 67451974551
4 2 3 29 20 3 23293527546151 171769273616
4 2 0 29 20 33 23293527546151 114512847804
4 2 4 29 20 39 23465296819767 171769273616
4 2 1 29 20 28 23408040393955 114512899752
4 2 2 29 20 20 23522553293707 114512847804
0 0 0 24 18 18 23638175824515 165037739339
0 0 3 24 18 25 23638175824515 165100014652
0 0 1 24 18 27 23803213563854 165135983393
0 0 4 24 18 29 23803275839167 165001812809
0 0 0 24 18 24 23968349547247 165050908597
0 0 0 24 18 22 24133400455844 165050908597
0 0 3 24 18 42 23968277651976 165086874759
0 0 2 24 18 5 24133364526735 165086837661
0 0 1 24 18 19 24298451364441 80982496467
0 0 2 24 18 40 24379433860908 80982496467
0 0 3 24 18 22 24460416357375 80982496467
0 0 4 24 18 35 24541398853842 80982496467
0 0 3 24 18 3 24622381350309 206225322165
0 0 0 24 18 33 24622381350309 137483536846
0 0 4 24 18 39 24828606672474 206225322165
0 0 1 24 18 28 24759864887155 137483598911
0 0 2 24 18 20 24897348486066 137483536846
0 3 0 24 25 18 23638175824515 165068319997
0 3 3 24 25 25 23638175824515 165130606695
0 3 1 24 25 27 23803244144512 165166582012
0 3 4 24 25 29 23803306431210 165032386898
0 3 0 24 25 24 23968410726524 165081491663
0 3 0 24 25 22 24133492218187 165081491663
0 3 3 24 25 42 23968338818108 165117464400
0 3 2 24 25 5 24133456282508 165117427295
0 3 1 24 25 19 24298573709850 80997502076
0 3 2 24 25 40 24379571211926 80997502076
0 3 3 24 25 22 24460568714002 80997502076
0 3 4 24 25 35 24541566216078 80997502076
0 3 3 24 25 3 24622563718154 206263534582
0 3 0 24 25 33 24622563718154 137509011783
0 3 4 24 25 39 24828827252736 206263534582
0 3 1 24 25 28 24760072729937 137509073860
0 3 2 24 25 20 24897581803797 137509011783
0 1 0 24 27 18 25034832022912 165085029922
0 1 3 24 27 25 25034832022912 165147322861
0 1 1 24 27 27 25199917052834 165183301759
0 1 4 24 27 29 25199979345773 165049093246
0 1 0 24 27 24 25365100354593 165098202913
0 1 0 24 27 22 25530198557506 165098202913
0 1 3 24 27 42 25365028439019 165134179244
0 1 2 24 27 5 25530162618263 165134142135
0 1 1 24 27 19 25695296760419 81005701466
0 1 2 24 27 40 25776302461885 81005701466
0 1 3 24 27 22 25857308163351 81005701466
0 1 4 24 27 35 25938313864817 81005701466
0 1 3 24 27 3 26019319566283 206284414674
0 1 0 24 27 33 26019319566283 137522931843
0 1 4 24 27 39 26225603980957 206284414674
0 1 1 24 27 28 26156842498126 137522993926
0 1 2 24 27 20 26294365492052 137522931843
0 4 0 24 29 18 25035090815580 165021038839
0 4 3 24 29 25 25035090815580 165083307952
0 4 1 24 29 27 25200111854419 165119273091
0 4 4 24 29 29 25200174123532 164985115907
0 4 0 24 29 24 25365231127510 165034206791
0 4 0 24 29 22 25530265334301 165034206791
0 4 3 24 29 42 25365159239439 165070169362
0 4 2 24 29 5 25530229408801 165070132268
0 4 1 24 29 19 25695299541092 80974301710
0 4 2 24 29 40 25776273842802 80974301710
0 4 3 24 29 22 25857248144512 80974301710
0 4 4 24 29 35 25938222446222 80974301710
0 4 3 24 29 3 26019196747932 206204453875
0 4 0 24 29 33 26019196747932 137469624654
0 4 4 24 29 39 26225401201807 206204453875
0 4 1 24 29 28 26156666372586 137469686713
0 4 2 24 29 20 26294136059299 137469624654
0 0 0 24 24 18 26431888423895 165041751368
0 0 3 24 24 25 26431888423895 165104028193
0 0 1 24 24 27 26596930175263 165139997786
0 0 4 24 24 29 26596992452088 165005823987
0 0 0 24 24 24 26762070173049 165054920951
0 0 0 24 24 22 26927125094000 165054920951
0 0 3 24 24 42 26761998276075 165090887976
0 0 2 24 24 5 26927089164051 165090850877
0 0 1 24 24 19 27092180014951 80984465132
0 0 2 24 24 40 27173164480083 80984465132
0 0 3 24 24 22 27254148945215 80984465132
0 0 4 24 24 35 27335133410347 80984465132
0 0 3 24 24 3 27416117875479 185676509768
0 0 0 24 24 33 27416117875479 148541008792
0 0 4 24 24 39 27601794385247 185676371182
0 0 1 24 24 28 27564658884271 148541142628
0 0 2 24 24 20 27713200026899 148541164934
0 0 0 24 22 18 27787470756429 185676371182
0 0 3 24 22 25 27861741191833 148541142628
0 0 1 24 22 27 27973147127611 185676509770
0 0 4 24 22 29 28010282334461 148541008790
0 0 0 24 22 24 28158823637381 165072818869
0 0 0 24 22 22 28323896456250 165072818869
0 0 3 24 22 42 28158823343251 165072986180
0 0 2 24 22 5 28323896329431 165072949101
0 0 1 24 22 19 28488969278532 80984465132
0 0 2 24 22 40 28569953743664 80984465132
0 0 3 24 22 22 28650938208796 80984465132
0 0 4 24 22 35 28731922673928 80984465132
0 0 3 24 22 3 28812907139060 206230335459
0 0 0 24 22 33 28812907139060 137486879036
0 0 4 24 22 39 29019137474519 206230335459
0 0 1 24 22 28 28950394018096 137486941103
0 0 2 24 22 20 29087880959199 137486879036
0 3 0 24 42 18 26431605683953 165064315440
0 3 3 24 42 25 26431605683953 165126600666
0 3 1 24 42 27 26596669999393 165162575111
0 3 4 24 42 29 26596732284619 165028383213
0 3 0 24 42 24 26761832574504 165077486800
0 3 0 24 42 22 26926910061304 165077486800
0 3 3 24 42 42 26761760667832 165113458676
0 3 2 24 42 5 26926874126508 165113421573
0 3 1 24 42 19 27091987548104 80995537086
0 3 2 24 42 40 27172983085190 80995537086
0 3 3 24 42 22 27253978622276 80995537086
0 3 4 24 42 35 27334974159362 80995537086
0 3 3 24 42 3 27415969696448 206258530654
0 3 0 24 42 33 27415969696448 137505675832
0 3 4 24 42 39 27622228227102 206258530654
0 3 1 24 42 28 27553475372280 137505737906
0 3 2 24 42 20 27690981110186 137505675832
0 2 0 24 5 18 27828486786018 165064306674
0 2 3 24 5 25 27828486786018 165126591897
0 2 1 24 5 27 27993551092692 165162566340
0 2 4 24 5 29 27993613377915 165028374449
0 2 0 24 5 24 28158713659032 165077478033
0 2 0 24 5 22 28323791137065 165077478033
0 2 3 24 5 42 28158641752364 165113449908
0 2 2 24 5 5 28323755202272 165113412804
0 2 1 24 5 19 28488868615098 80995532785
0 2 2 24 5 40 28569864147883 80995532785
0 2 3 24 5 22 28650859680668 80995532785
0 2 4 24 5 35 28731855213453 80995532785
0 2 3 24 5 3 28812850746238 206258519701
0 2 0 24 5 33 28812850746238 137505668529
0 2 4 24 5 39 29019109265939 206258519701
0 2 1 24 5 28 28950356414767 137505730604
0 2 2 24 5 20 29087862145371 137505668529
0 1 0 24 19 18 29225367838235 80974578352
0 1 3 24 19 25 29225367838235 81005424614
0 1 1 24 19 27 29306342416587 81023240749
0 1 4 24 19 29 29306373262849 80956783324
0 1 0 24 19 24 29387365657336 80981101403
0 1 0 24 19 22 29468346758739 80981101403
0 1 3 24 19 42 29387330046173 80998916248
0 1 2 24 19 5 29468328962421 80998897697
0 1 1 24 19 19 29549327860142 39733550167
0 1 2 24 19 40 29589061410309 39733550167
0 1 3 24 19 22 29628794960476 39733550167
0 1 4 24 19 35 29668528510643 39733550167
0 1 3 24 19 3 29708262060810 101183151282
0 1 0 24 19 33 29708262060810 67455428552
0 1 4 24 19 39 29809445212092 101183151282
0 1 1 24 19 28 29775717489362 67455459588
0 1 2 24 19 20 29843172948950 67455428552
0 2 0 24 40 18 29910628377502 80974578347
0 2 3 24 40 25 29910628377502 81005424619
0 2 1 24 40 27 29991602955849 81023240748
0 2 4 24 40 29 29991633802121 80956783325
0 2 0 24 40 24 30072626196597 80981101403
0 2 0 24 40 22 30153607298000 80981101403
0 2 3 24 40 42 30072590585446 80998916248
0 2 2 24 40 5 30153589501694 80998897697
0 2 1 24 40 19 30234588399403 39733550167
0 2 2 24 40 40 30274321949570 39733550167
0 2 3 24 40 22 30314055499737 39733550167
0 2 4 24 40 35 30353789049904 39733550167
0 2 3 24 40 3 30393522600071 101183151282
0 2 0 24 40 33 30393522600071 67455428552
0 2 4 24 40 39 30494705751353 101183151282
0 2 1 24 40 28 30460978028623 67455459588
0 2 2 24 40 20 30528433488211 67455428552
0 3 0 24 22 18 30595888916763 80974578347
0 3 3 24 22 25 30595888916763 81005424619
0 3 1 24 22 27 30676863495110 81023240748
0 3 4 24 22 29 30676894341382 80956783325
0 3 0 24 22 24 30757886735858 80981101403
0 3 0 24 22 22 30838867837261 80981101403
0 3 3 24 22 42 30757851124707 80998916248
0 3 2 24 22 5 30838850040955 80998897697
0 3 1 24 22 19 30919848938664 39733550167
0 3 2 24 22 40 30959582488831 39733550167
0 3 3 24 22 22 30999316038998 39733550167
0 3 4 24 22 35 31039049589165 39733550167
0 3 3 24 22 3 31078783139332 101183151282
0 3 0 24 22 33 31078783139332 67455428552
0 3 4 24 22 39 31179966290614 101183151282
0 3 1 24 22 28 31146238567884 67455459588
0 3 2 24 22 20 31213694027472 67455428552
0 4 0 24 35 18 31281149456024 80974578347
0 4 3 24 35 25 31281149456024 81005424619
0 4 1 24 35 27 31362124034371 81023240748
0 4 4 24 35 29 31362154880643 80956783325
0 4 0 24 35 24 31443147275119 80981101403
0 4 0 24 35 22 31524128376522 80981101403
0 4 3 24 35 42 31443111663968 80998916248
0 4 2 24 35 5 31524110580216 80998897697
0 4 1 24 35 19 31605109477925 39733550167
0 4 2 24 35 40 31644843028092 39733550167
0 4 3 24 35 22 31684576578259 39733550167
0 4 4 24 35 35 31724310128426 39733550167
0 4 3 24 35 3 31764043678593 101183147006
0 4 0 24 35 33 31764043678593 67455430473
0 4 4 24 35 39 31865226825599 101183147006
0 4 1 24 35 28 31831499109066 67455461509
0 4 2 24 35 20 31898954570575 67455430473
0 3 0 24 3 18 31966410001048 185654125459
0 3 3 24 3 25 31966410001048 185724070363
0 3 1 24 3 27 32152064126507 185764468829
0 3 4 24 3 29 32152134071411 185613774327
0 3 0 24 3 24 32337828595336 185668916583
0 3 0 24 3 22 32523497511919 185668916583
0 3 3 24 3 42 32337747845738 185709312169
0 3 2 24 3 5 32523457157907 185709270568
0 3 1 24 3 19 32709166428502 91098740057
0 3 2 24 3 40 32800265168559 91098740057
0 3 3 24 3 22 32891363908616 91098740057
0 3 4 24 3 35 32982462648673 91098740057
0 3 3 24 3 3 33073561388730 231986760530
0 3 0 24 3 33 33073561388730 154657827716
0 3 4 24 3 39 33305548149260 231986760530
0 3 1 24 3 28 33228219216446 154657897315
0 3 2 24 3 20 33382877113761 154657827716
0 0 0 24 33 18 31966410001048 148523169860
0 0 3 24 33 25 31966410001048 148579292388
0 0 1 24 33 27 32114933170908 148611707425
0 0 4 24 33 29 32114989293436 148490792917
0 0 0 24 33 24 32263544878333 148535038015
0 0 0 24 33 22 32412079916348 148535038015
0 0 3 24 33 42 32263480086353 148567450735
0 0 2 24 33 5 32412047537088 148567417255
0 0 1 24 33 19 32560614954363 72878968874
0 0 2 24 33 40 32633493923237 72878968874
0 0 3 24 33 22 32706372892111 72878968874
0 0 4 24 33 35 32779251860985 72878968874
0 0 3 24 33 3 32852130829859 185589349465
0 0 0 24 33 33 32852130829859 123726222806
0 0 4 24 33 39 33037720179324 185589349465
0 0 1 24 33 28 32975857052665 123726278818
0 0 2 24 33 20 33099583331483 123726222806
0 4 0 24 39 18 33537534941477 185654092704
0 4 3 24 39 25 33537534941477 185724037596
0 4 1 24 39 27 33723189034181 185764436055
0 4 4 24 39 29 33723258979073 185613741580
0 4 0 24 39 24 33908953470236 185668883825
0 4 0 24 39 22 34094622354061 185668883825
0 4 3 24 39 42 33908872720653 185709279405
0 4 2 24 39 5 34094582000058 185709237803
0 4 1 24 39 19 34280291237886 91098723985
0 4 2 24 39 40 34371389961871 91098723985
0 4 3 24 39 22 34462488685856 91098723985
0 4 4 24 39 35 34553587409841 91098723985
0 4 3 24 39 3 34644686133826 231986719601
0 4 0 24 39 33 34644686133826 154657800430
0 4 4 24 39 39 34876672853427 231986719601
0 4 1 24 39 28 34799343934256 154657870029
0 4 2 24 39 20 34954001804285 154657800430
0 1 0 24 28 18 33223309554289 148523201492
0 1 3 24 28 25 33223309554289 148579324032
0 1 1 24 28 27 33371832755781 148611739076
0 1 4 24 28 29 33371888878321 148490824542
0 1 0 24 28 24 33520444494857 148535069650
0 1 0 24 28 22 33668979564507 148535069650
0 1 3 24 28 42 33520379702863 148567482376
0 1 2 24 28 5 33668947185239 148567448896
0 1 1 24 28 19 33817514634157 72878984395
0 1 2 24 28 40 33890393618552 72878984395
0 1 3 24 28 22 33963272602947 72878984395
0 1 4 24 28 35 34036151587342 72878984395
0 1 3 24 28 3 34109030571737 185589388992
0 1 0 24 28 33 34109030571737 123726249157
0 1 4 24 28 39 34294619960729 185589388992
0 1 1 24 28 28 34232756820894 123726305169
0 1 2 24 28 20 34356483126063 123726249157
0 2 0 24 20 18 34480209375220 148523206764
0 2 3 24 20 25 34480209375220 148579329306
0 2 1 24 20 27 34628732581984 148611744351
0 2 4 24 20 29 34628788704526 148490829813
0 2 0 24 20 24 34777344326335 148535074922
0 2 0 24 20 22 34925879401257 148535074922
0 2 3 24 20 42 34777279534339 148567487650
0 2 2 24 20 5 34925847021989 148567454170
0 2 1 24 20 19 35074414476179 72878986982
0 2 2 24 20 40 35147293463161 72878986982
0 2 3 24 20 22 35220172450143 72878986982
0 2 4 24 20 35 35293051437125 72878986982
0 2 3 24 20 3 35365930424107 185589395579
0 2 0 24 20 33 35365930424107 123726253549
0 2 4 24 20 39 35551519819686 185589395579
0 2 1 24 20 28 35489656677656 123726309561
0 2 2 24 20 20 35613382987217 123726253549
0 0 0 22 18 18 35108659604715 185654092704
0 0 3 22 18 25 35108659604715 185724037597
0 0 1 22 18 27 35294313697419 185764436055
0 0 4 22 18 29 35294383642312 185613741580
0 0 0 22 18 24 35480078133474 185668883825
0 0 0 22 18 22 35665747017299 185668883825
0 0 3 22 18 42 35479997383892 185709279405
0 0 2 22 18 5 35665706663297 185709237803
0 0 1 22 18 19 35851415901124 91098723985
0 0 2 22 18 40 35942514625109 91098723985
0 0 3 22 18 22 36033613349094 91098723985
0 0 4 22 18 35 36124712073079 91098723985
0 0 3 22 18 3 36215810797064 231986719601
0 0 0 22 18 33 36215810797064 154657800430
0 0 4 22 18 39 36447797516665 231986719601
0 0 1 22 18 28 36370468597494 154657870029
0 0 2 22 18 20 36525126467523 154657800430
0 3 0 22 25 18 35737109240766 148523201492
0 3 3 22 25 25 35737109240766 148579324032
0 3 1 22 25 27 35885632442258 148611739076
0 3 4 22 25 29 35885688564798 148490824542
0 3 0 22 25 24 36034244181334 148535069650
0 3 0 22 25 22 36182779250984 148535069650
0 3 3 22 25 42 36034179389340 148567482376
0 3 2 22 25 5 36182746871716 148567448896
0 3 1 22 25 19 36331314320634 72878984395
0 3 2 22 25 40 36404193305029 72878984395
0 3 3 22 25 22 36477072289424 72878984395
0 3 4 22 25 35 36549951273819 72878984395
0 3 3 22 25 3 36622830258214 185589388992
0 3 0 22 25 33 36622830258214 123726249157
0 3 4 22 25 39 36808419647206 185589388992
0 3 1 22 25 28 36746556507371 123726305169
0 3 2 22 25 20 36870282812540 123726249157
0 1 0 22 27 18 36679784267953 185654125459
0 1 3 22 27 25 36679784267953 185724070364
0 1 1 22 27 27 36865438393412 185764468829
0 1 4 22 27 29 36865508338317 185613774328
0 1 0 22 27 24 37051202862241 185668916583
0 1 0 22 27 22 37236871778824 185668916583
0 1 3 22 27 42 37051122112645 185709312169
0 1 2 22 27 5 37236831424814 185709270568
0 1 1 22 27 19 37422540695407 91098740057
0 1 2 22 27 40 37513639435464 91098740057
0 1 3 22 27 22 37604738175521 91098740057
0 1 4 22 27 35 37695836915578 91098740057
0 1 3 22 27 3 37786935655635 231986760530
0 1 0 22 27 33 37786935655635 154657827716
0 1 4 22 27 39 38018922416165 231986760530
0 1 1 22 27 28 37941593483351 154657897315
0 1 2 22 27 20 38096251380666 154657827716
0 4 0 22 29 18 36994009061697 148523169860
0 4 3 22 29 25 36994009061697 148579292388
0 4 1 22 29 27 37142532231557 148611707425
0 4 4 22 29 29 37142588354085 148490792917
0 4 0 22 29 24 37291143938982 148535038015
0 4 0 22 29 22 37439678976997 148535038015
0 4 3 22 29 42 37291079147002 148567450734
0 4 2 22 29 5 37439646597736 148567417255
0 4 1 22 29 19 37588214015012 72878968874
0 4 2 22 29 40 37661092983886 72878968874
0 4 3 22 29 22 37733971952760 72878968874
0 4 4 22 29 35 37806850921634 72878968874
0 4 3 22 29 3 37879729890508 185589347709
0 4 0 22 29 33 37879729890508 123726223595
0 4 4 22 29 39 38065319238217 185589347709
0 4 1 22 29 28 38003456114103 123726279607
0 4 2 22 29 20 38127182393710 123726223595
0 0 0 22 24 18 38250909208382 165050085632
0 0 3 22 24 25 38250909208382 165112365555
0 0 1 22 24 27 38415959294014 165148336942
0 0 4 22 24 29 38416021573937 165014156458
0 0 0 22 24 24 38581107630956 165063255869
0 0 0 22 24 22 38746170886825 165063255869
0 0 3 22 24 42 38581035730395 165099224685
0 0 2 22 24 5 38746134955080 165099187585
0 0 1 22 24 19 38911234142694 80988554667
0 0 2 22 24 40 38992222697361 80988554667
0 0 3 22 24 22 39073211252028 80988554667
0 0 4 22 24 35 39154199806695 80988554667
0 0 3 22 24 3 39235188361362 185685886017
0 0 0 22 24 33 39235188361362 148548509781
0 0 4 22 24 39 39420874247379 185685747424
0 0 1 22 24 28 39383736871143 148548643624
0 0 2 22 24 20 39532285514767 148548665931
0 0 0 22 22 18 39606559994803 185685747425
0 0 3 22 22 25 39680834180698 148548643624
0 0 1 22 22 27 39792245742228 185685886020
0 0 4 22 22 29 39829382824322 148548509780
0 0 0 22 22 24 39977931628248 165081154678
0 0 0 22 22 22 40143012782926 165081154678
0 0 3 22 22 42 39977931334102 165081321997
0 0 2 22 22 5 40143012656099 165081284917
0 0 1 22 22 19 40308093941016 80988554667
0 0 2 22 22 40 40389082495683 80988554667
0 0 3 22 22 22 40470071050350 80988554667
0 0 4 22 22 35 40551059605017 80988554667
0 0 3 22 22 3 40632048159684 206240749631
0 0 0 22 22 33 40632048159684 137493821817
0 0 4 22 22 39 40838288909315 206240749631
0 0 1 22 22 28 40769541981501 137493883886
0 0 2 22 22 20 40907035865387 137493821817
0 3 0 22 42 18 38250908617305 165055979760
0 3 3 22 42 25 38250908617305 165118261882
0 3 1 22 42 27 38415964597065 165154234534
0 3 4 22 42 29 38416026879187 165020049323
0 3 0 22 42 24 38581118831599 165069150463
0 3 0 22 42 22 38746187982062 165069150463
0 3 3 22 42 42 38581046928510 165105120547
0 3 2 22 42 5 38746152049057 165105083445
0 3 1 22 42 19 38911257132525 80991446855
0 3 2 22 42 40 38992248579380 80991446855
0 3 3 22 42 22 39073240026235 80991446855
0 3 4 22 42 35 39154231473090 80991446855
0 3 3 22 42 3 39235222919945 206248114709
0 3 0 22 42 33 39235222919945 137498731869
0 3 4 22 42 39 39441471034654 206248114709
0 3 1 22 42 28 39372721651814 137498793941
0 3 2 22 42 20 39510220445755 137498731869
0 2 0 22 5 18 39647719177624 165055970996
0 2 3 22 5 25 39647719177624 165118253115
0 2 1 22 5 27 39812775148620 165154225766
0 2 4 22 5 29 39812837430739 165020040561
0 2 0 22 5 24 39977929374386 165069141699
0 2 0 22 5 22 40142998516085 165069141699
0 2 3 22 5 42 39977857471300 165105111781
0 2 2 22 5 5 40142962583081 165105074679
0 2 1 22 5 19 40308067657784 80991442555
0 2 2 22 5 40 40389059100339 80991442555
0 2 3 22 5 22 40470050542894 80991442555
0 2 4 22 5 35 40551041985449 80991442555
0 2 3 22 5 3 40632033428004 206248103758
0 2 0 22 5 33 40632033428004 137498724568
0 2 4 22 5 39 40838281531762 206248103758
0 2 1 22 5 28 40769532152572 137498786640
0 2 2 22 5 20 40907030939212 137498724568
0 1 0 22 19 18 41044529687204 80974578352
0 1 3 22 19 25 41044529687204 81005424614
0 1 1 22 19 27 41125504265556 81023240749
0 1 4 22 19 29 41125535111818 80956783324
0 1 0 22 19 24 41206527506305 80981101403
0 1 0 22 19 22 41287508607708 80981101403
0 1 3 22 19 42 41206491895142 80998916248
0 1 2 22 19 5 41287490811390 80998897697
0 1 1 22 19 19 41368489709111 39733550167
0 1 2 22 19 40 41408223259278 39733550167
0 1 3 22 19 22 41447956809445 39733550167
0 1 4 22 19 35 41487690359612 39733550167
0 1 3 22 19 3 41527423909779 101183151282
0 1 0 22 19 33 41527423909779 67455428552
0 1 4 22 19 39 41628607061061 101183151282
0 1 1 22 19 28 41594879338331 67455459588
0 1 2 22 19 20 41662334797919 67455428552
0 2 0 22 40 18 41729790226471 80974578347
0 2 3 22 40 25 41729790226471 81005424619
0 2 1 22 40 27 41810764804818 81023240748
0 2 4 22 40 29 41810795651090 80956783325
0 2 0 22 40 24 41891788045566 80981101403
0 2 0 22 40 22 41972769146969 80981101403
0 2 3 22 40 42 41891752434415 80998916248
0 2 2 22 40 5 41972751350663 80998897697
0 2 1 22 40 19 42053750248372 39733550167
0 2 2 22 40 40 42093483798539 39733550167
0 2 3 22 40 22 42133217348706 39733550167
0 2 4 22 40 35 42172950898873 39733550167
0 2 3 22 40 3 42212684449040 101183151282
0 2 0 22 40 33 42212684449040 67455428552
0 2 4 22 40 39 42313867600322 101183151282
0 2 1 22 40 28 42280139877592 67455459588
0 2 2 22 40 20 42347595337180 67455428552
0 3 0 22 22 18 42415050765732 80974578347
0 3 3 22 22 25 42415050765732 81005424619
0 3 1 22 22 27 42496025344079 81023240748
0 3 4 22 22 29 42496056190351 80956783325
0 3 0 22 22 24 42577048584827 80981101403
0 3 0 22 22 22 42658029686230 80981101403
0 3 3 22 22 42 42577012973676 80998916248
0 3 2 22 22 5 42658011889924 80998897697
0 3 1 22 22 19 42739010787633 39733550167
0 3 2 22 22 40 42778744337800 39733550167
0 3 3 22 22 22 42818477887967 39733550167
0 3 4 22 22 35 42858211438134 39733550167
0 3 3 22 22 3 42897944988301 101183151282
0 3 0 22 22 33 42897944988301 67455428552
0 3 4 22 22 39 42999128139583 101183151282
0 3 1 22 22 28 42965400416853 67455459588
0 3 2 22 22 20 43032855876441 67455428552
0 4 0 22 35 18 43100311304993 80974578347
0 4 3 22 35 25 43100311304993 81005424619
0 4 1 22 35 27 43181285883340 81023240748
0 4 4 22 35 29 43181316729612 80956783325
0 4 0 22 35 24 43262309124088 80981101403
0 4 0 22 35 22 43343290225491 80981101403
0 4 3 22 35 42 43262273512937 80998916248
0 4 2 22 35 5 43343272429185 80998897697
0 4 1 22 35 19 43424271326894 39733550167
0 4 2 22 35 40 43464004877061 39733550167
0 4 3 22 35 22 43503738427228 39733550167
0 4 4 22 35 35 43543471977395 39733550167
0 4 3 22 35 3 43583205527562 101183147205
0 4 0 22 35 33 43583205527562 67455430384
0 4 4 22 35 39 43684388674767 101183147204
0 4 1 22 35 28 43650660957946 67455461420
0 4 2 22 35 20 43718116419366 67455430384
0 3 0 22 3 18 43785571849750 206205636999
0 3 3 22 3 25 43785571849750 206283216030
0 3 1 22 3 27 43991777486749 206328023756
0 3 4 22 3 29 43991855065780 206160881701
0 3 0 22 3 24 44198105510505 206222042483
0 3 0 22 3 22 44404327552988 206222042483
0 3 3 22 3 42 44198015947481 206266847019
0 3 2 22 3 5 44404282794500 206266800942
0 3 1 22 3 19 44610549595471 101183147596
0 3 2 22 3 40 44711732743067 101183147596
0 3 3 22 3 22 44812915890663 101183147596
0 3 4 22 3 35 44914099038259 101183147596
0 3 3 22 3 3 45015282185855 257667127046
0 3 0 22 3 33 45015282185855 171778070700
0 3 4 22 3 39 45272949312901 257667127046
0 3 1 22 3 28 45187060256555 171778147788
0 3 2 22 3 20 45358838404343 171778070700
0 0 0 22 33 18 43785571849750 137470281520
0 0 3 22 33 25 43785571849750 137522281052
0 0 1 22 33 27 43923042131270 137552314756
0 0 4 22 33 29 43923094130802 137440283147
0 0 0 22 33 24 44060594446026 137481277798
0 0 0 22 33 22 44198075723824 137481277798
0 0 3 22 33 42 44060534413949 137511309354
0 0 2 22 33 5 44198045723303 137511278301
0 0 1 22 33 19 44335557001622 67455430208
0 0 2 22 33 40 44403012431830 67455430208
0 0 3 22 33 22 44470467862038 67455430208
0 0 4 22 33 35 44537923292246 67455430208
0 0 3 22 33 3 44605378722454 171778080905
0 0 0 22 33 33 44605378722454 114518711170
0 0 4 22 33 39 44777156803359 171778080904
0 0 1 22 33 28 44719897433624 114518763121
0 0 2 22 33 20 44834416196745 114518711170
0 4 0 22 39 18 45530616475043 206205636999
0 4 3 22 39 25 45530616475043 206283216030
0 4 1 22 39 27 45736822112042 206328023756
0 4 4 22 39 29 45736899691073 206160881701
0 4 0 22 39 24 45943150135798 206222042483
0 4 0 22 39 22 46149372178281 206222042483
0 4 3 22 39 42 45943060572774 206266847019
0 4 2 22 39 5 46149327419793 206266800942
0 4 1 22 39 19 46355594220764 101183147596
0 4 2 22 39 40 46456777368360 101183147596
0 4 3 22 39 22 46557960515956 101183147596
0 4 4 22 39 35 46659143663552 101183147596
0 4 3 22 39 3 46760326811148 257667116201
0 4 0 22 39 33 46760326811148 171778075573
0 4 4 22 39 39 47017993927349 257667116201
0 4 1 22 39 28 46932104886721 171778152661
0 4 2 22 39 20 47103883039382 171778075573
0 1 0 22 28 18 44948934907915 137470296189
0 1 3 22 28 25 44948934907915 137522295727
0 1 1 22 28 27 45086405204104 137552329435
0 1 4 22 28 29 45086457203642 137440297813
0 1 0 22 28 24 45223957533539 137481292469
0 1 0 22 28 22 45361438826008 137481292469
0 1 3 22 28 42 45223897501455 137511324027
0 1 2 22 28 5 45361408825482 137511292975
0 1 1 22 28 19 45498920118477 67455437406
0 1 2 22 28 40 45566375555883 67455437406
0 1 3 22 28 22 45633830993289 67455437406
0 1 4 22 28 35 45701286430695 67455437406
0 1 3 22 28 3 45768741868101 171778099235
0 1 0 22 28 33 45768741868101 114518723390
0 1 4 22 28 39 45940519967336 171778099235
0 1 1 22 28 28 45883260591491 114518775341
0 1 2 22 28 20 45997779366832 114518723390
0 2 0 22 20 18 46112298090222 137470281520
0 2 3 22 20 25 46112298090222 137522281052
0 2 1 22 20 27 46249768371742 137552314757
0 2 4 22 20 29 46249820371274 137440283147
0 2 0 22 20 24 46387320686499 137481277798
0 2 0 22 20 22 46524801964297 137481277798
0 2 3 22 20 42 46387260654421 137511309354
0 2 2 22 20 5 46524771963775 137511278301
0 2 1 22 20 19 46662283242095 67455430208
0 2 2 22 20 40 46729738672303 67455430208
0 2 3 22 20 22 46797194102511 67455430208
0 2 4 22 20 35 46864649532719 67455430208
0 2 3 22 20 3 46932104962927 171778073596
0 2 0 22 20 33 46932104962927 114518714454
0 2 4 22 20 39 47103883036523 171778073596
0 2 1 22 20 28 47046623677381 114518766404
0 2 2 22 20 20 47161142443785 114518714454
3 0 0 42 18 18 23637066141511 165051341961
3 0 3 42 18 25 23637066141511 165113622338
3 0 1 42 18 27 23802117483472 165149594003
3 0 4 42 18 29 23802179763849 165015412509
3 0 0 42 18 24 23967267077475 165064512290
3 0 0 42 18 22 24132331589765 165064512290
3 0 3 42 18 42 23967195176358 165100481376
3 0 2 42 18 5 24132295657734 165100444275
3 0 1 42 18 19 24297396102055 80989171131
3 0 2 42 18 40 24378385273186 80989171131
3 0 3 42 18 22 24459374444317 80989171131
3 0 4 42 18 35 24540363615448 80989171131
3 0 3 42 18 3 24621352786579 206242319477
3 0 0 42 18 33 24621352786579 137494868386
3 0 4 42 18 39 24827595106056 206242319477
3 0 1 42 18 28 24758847654965 137494930457
3 0 2 42 18 20 24896342585422 137494868387
3 3 0 42 25 18 23637066141511 165081925105
3 3 3 42 25 25 23637066141511 165144216869
3 3 1 42 25 27 23802148066616 165180195111
3 3 4 42 25 29 23802210358380 165045989084
3 3 0 42 25 24 23967328261727 165095097842
3 3 0 42 25 22 24132423359569 165095097842
3 3 3 42 25 42 23967256347464 165131073505
3 3 2 42 25 5 24132387420969 165131036397
3 3 1 42 25 19 24297518457411 81004177960
3 3 2 42 25 40 24378522635371 81004177960
3 3 3 42 25 22 24459526813331 81004177960
3 3 4 42 25 35 24540530991291 81004177960
3 3 3 42 25 3 24621535169251 206280535002
3 3 0 42 25 33 24621535169251 137520345396
3 3 4 42 25 39 24827815704253 206280535002
3 3 1 42 25 28 24759055514647 137520407477
3 3 2 42 25 20 24896575922124 137520345396
3 1 0 42 27 18 25033837453809 165098636389
3 1 3 42 27 25 25033837453809 165160934393
3 1 1 42 27 27 25198936090198 165196916218
3 1 4 42 27 29 25198998388202 165062696790
3 1 0 42 27 24 25364133006416 165111810451
3 1 0 42 27 22 25529244816867 165111810451
3 1 3 42 27 42 25364061084992 165147789707
3 1 2 42 27 5 25529208874699 165147752596
3 1 1 42 27 19 25694356627318 81012378017
3 1 2 42 27 40 25775369005335 81012378017
3 1 3 42 27 22 25856381383352 81012378017
3 1 4 42 27 35 25937393761369 81012378017
3 1 3 42 27 3 26018406139386 206301416790
3 1 0 42 27 33 26018406139386 137534266587
3 1 4 42 27 39 26224707556176 206301416790
3 1 1 42 27 28 26155940405973 137534328674
3 1 2 42 27 20 26293474734647 137534266587
3 4 0 42 29 18 25034096267520 165034640103
3 4 3 42 29 25 25034096267520 165096914280
3 4 1 42 29 27 25199130907623 165132882344
3 4 4 42 29 29 25199193181800 164998714249
3 4 0 42 29 24 25364263789967 165047809126
3 4 0 42 29 22 25529311599093 165047809126
3 4 3 42 29 42 25364191896049 165083774622
3 4 2 42 29 5 25529275670671 165083737525
3 4 1 42 29 19 25694359408219 80980975708
3 4 2 42 29 40 25775340383927 80980975708
3 4 3 42 29 22 25856321359635 80980975708
3 4 4 42 29 35 25937302335343 80980975708
3 4 3 42 29 3 26018283311051 206221449491
3 4 0 42 29 33 26018283311051 137480955063
3 4 4 42 29 39 26224504760542 206221449491
3 4 1 42 29 28 26155764266114 137481017127
3 4 2 42 29 20 26293245283241 137480955063
3 0 0 42 24 18 26431009001234 165055354313
3 0 3 42 24 25 26431009001234 165117636203
3 0 1 42 24 27 26596064355547 165153608720
3 0 4 42 24 29 26596126637437 165019424011
3 0 0 42 24 24 26761217964267 165068524967
3 0 0 42 24 22 26926286489234 165068524967
3 0 3 42 24 42 26761146061448 165104494917
3 0 2 42 24 5 26926250556365 165104457815
3 0 1 42 24 19 27091355014201 80991139955
3 0 2 42 24 40 27172346154156 80991139955
3 0 3 42 24 22 27253337294111 80991139955
3 0 4 42 24 35 27334328434066 80991139955
3 0 3 42 24 3 27415319574021 185691813417
3 0 0 42 24 33 27415319574021 148553251694
3 0 4 42 24 39 27601011387438 185691674819
3 0 1 42 24 28 27563872825715 148553385542
3 0 2 42 24 20 27712426211257 148553407850
3 0 0 42 22 18 27786703062257 185691674820
3 0 3 42 22 25 27860979619107 148553385541
3 0 1 42 22 27 27972394737077 185691813419
3 0 4 42 22 29 28009533004648 148553251693
3 0 0 42 22 24 28158086550496 165086424341
3 0 0 42 22 22 28323172974837 165086424341
3 0 3 42 22 42 28158086256341 165086591665
3 0 2 42 22 5 28323172848006 165086554583
3 0 1 42 22 19 28488259402589 80991139955
3 0 2 42 22 40 28569250542544 80991139955
3 0 3 42 22 22 28650241682499 80991139955
3 0 4 42 22 35 28731232822454 80991139955
3 0 3 42 22 3 28812223962409 206247333175
3 0 0 42 22 33 28812223962409 137498210846
3 0 4 42 22 39 29018471295584 206247333175
3 0 1 42 22 28 28949722173255 137498272918
3 0 2 42 22 20 29087220446173 137498210846
3 3 0 42 42 18 26430726238304 165077920226
3 3 3 42 42 25 26430726238304 165140210517
3 3 1 42 42 27 26595804158530 165176187887
3 3 4 42 42 29 26595866448821 165041985076
3 3 0 42 42 24 26760980346417 165091092657
3 3 0 42 42 22 26926071439074 165091092657
3 3 3 42 42 42 26760908433897 165127067458
3 3 2 42 42 5 26926035501355 165127030352
3 3 1 42 42 19 27091162531731 81002212812
3 3 2 42 42 40 27172164744543 81002212812
3 3 3 42 42 22 27253166957355 81002212812
3 3 4 42 42 35 27334169170167 81002212812
3 3 3 42 42 3 27415171382979 206275530670
3 3 0 42 42 33 27415171382979 137517009175
3 3 4 42 42 39 27621446913649 206275530670
3 3 1 42 42 28 27552688392154 137517071255
3 3 2 42 42 20 27690205463409 137517009175
3 2 0 42 5 18 27827722472584 165077911459
3 2 3 42 5 25 27827722472584 165140201747
3 2 1 42 5 27 27992800384043 165176179115
3 2 4 42 5 29 27992862674331 165041976312
3 2 0 42 5 24 28157976563158 165091083889
3 2 0 42 5 22 28323067647047 165091083889
3 2 3 42 5 42 28157904650643 165127058689
3 2 2 42 5 5 28323031709332 165127021582
3 2 1 42 5 19 28488158730936 81002208510
3 2 2 42 5 40 28569160939446 81002208510
3 2 3 42 5 22 28650163147956 81002208510
3 2 4 42 5 35 28731165356466 81002208510
3 2 3 42 5 3 28812167564976 206275519716
3 2 0 42 5 33 28812167564976 137517001872
3 2 4 42 5 39 29018443084692 206275519716
3 2 1 42 5 28 28949684566848 137517063952
3 2 2 42 5 20 29087201630800 137517001872
3 1 0 42 19 18 29224718657019 80981252373
3 1 3 42 19 25 29224718657019 81012101143
3 1 1 42 19 27 29305699909392 81029918727
3 1 4 42 19 29 29305730758162 80963455897
3 1 0 42 19 24 29386729828119 80987775954
3 1 0 42 19 22 29467717604073 80987775954
3 1 3 42 19 42 29386694214059 81005592247
3 1 2 42 19 5 29467699806306 81005573695
3 1 1 42 19 19 29548705380027 39736825044
3 1 2 42 19 40 29588442205071 39736825044
3 1 3 42 19 22 29628179030115 39736825044
3 1 4 42 19 35 29667915855159 39736825044
3 1 3 42 19 3 29707652680203 101191490895
3 1 0 42 19 33 29707652680203 67460988294
3 1 4 42 19 39 29808844171098 101191490895
3 1 1 42 19 28 29775113668497 67461019332
3 1 2 42 19 20 29842574687829 67460988294
3 2 0 42 40 18 29910035676123 80981252368
3 2 3 42 40 25 29910035676123 81012101148
3 2 1 42 40 27 29991016928491 81029918726
3 2 4 42 40 29 29991047777271 80963455898
3 2 0 42 40 24 30072046847217 80987775953
3 2 0 42 40 22 30153034623170 80987775953
3 2 3 42 40 42 30072011233169 81005592247
3 2 2 42 40 5 30153016825416 81005573695
3 2 1 42 40 19 30234022399123 39736825044
3 2 2 42 40 40 30273759224167 39736825044
3 2 3 42 40 22 30313496049211 39736825044
3 2 4 42 40 35 30353232874255 39736825044
3 2 3 42 40 3 30392969699299 101191490895
3 2 0 42 40 33 30392969699299 67460988294
3 2 4 42 40 39 30494161190194 101191490895
3 2 1 42 40 28 30460430687593 67461019332
3 2 2 42 40 20 30527891706925 67460988294
3 3 0 42 22 18 30595352695219 80981252368
3 3 3 42 22 25 30595352695219 81012101148
3 3 1 42 22 27 30676333947587 81029918726
3 3 4 42 22 29 30676364796367 80963455898
3 3 0 42 22 24 30757363866313 80987775953
3 3 0 42 22 22 30838351642266 80987775953
3 3 3 42 22 42 30757328252265 81005592247
3 3 2 42 22 5 30838333844512 81005573695
3 3 1 42 22 19 30919339418219 39736825044
3 3 2 42 22 40 30959076243263 39736825044
3 3 3 42 22 22 30998813068307 39736825044
3 3 4 42 22 35 31038549893351 39736825044
3 3 3 42 22 3 31078286718395 101191490895
3 3 0 42 22 33 31078286718395 67460988294
3 3 4 42 22 39 31179478209290 101191490895
3 3 1 42 22 28 31145747706689 67461019332
3 3 2 42 22 20 31213208726021 67460988294
3 4 0 42 35 18 31280669714315 80981252368
3 4 3 42 35 25 31280669714315 81012101148
3 4 1 42 35 27 31361650966683 81029918726
3 4 4 42 35 29 31361681815463 80963455898
3 4 0 42 35 24 31442680885409 80987775953
3 4 0 42 35 22 31523668661362 80987775953
3 4 3 42 35 42 31442645271361 81005592247
3 4 2 42 35 5 31523650863608 81005573695
3 4 1 42 35 19 31604656437315 39736825044
3 4 2 42 35 40 31644393262359 39736825044
3 4 3 42 35 22 31684130087403 39736825044
3 4 4 42 35 35 31723866912447 39736825044
3 4 3 42 35 3 31763603737491 101191486818
3 4 0 42 35 33 31763603737491 67460990126
3 4 4 42 35 39 31864795224309 101191486818
3 4 1 42 35 28 31831064727617 67461021164
3 4 2 42 35 20 31898525748781 67460990126
3 3 0 42 3 18 31965986738907 206222632710
3 3 3 42 3 25 31965986738907 206300218050
3 3 1 42 3 27 32172209371617 206345029420
3 3 4 42 3 29 32172286956957 206177873772
3 3 0 42 3 24 32378554401037 206239039528
3 3 0 42 3 22 32584793440565 206239039528
3 3 3 42 3 42 32378464830729 206283847708
3 3 2 42 3 5 32584748678437 206283801627
3 3 1 42 3 19 32791032480093 101191487209
3 3 2 42 3 40 32892223967302 101191487209
3 3 3 42 3 22 32993415454511 101191487209
3 3 4 42 3 35 33094606941720 101191487209
3 3 3 42 3 3 33195798428929 257688364221
3 3 0 42 3 33 33195798428929 171792228815
3 3 4 42 3 39 33453486793150 257688364221
3 3 1 42 3 28 33367590657744 171792305910
3 3 2 42 3 20 33539382963654 171792228815
3 0 0 42 33 18 31965986738907 137481611982
3 0 3 42 33 25 31965986738907 137533615743
3 0 1 42 33 27 32103468350889 137563651890
3 0 4 42 33 29 32103520354650 137451611170
3 0 0 42 33 24 32241032002779 137492609155
3 0 0 42 33 22 32378524611934 137492609155
3 0 3 42 33 42 32240971965820 137522643153
3 0 2 42 33 5 32378494608973 137522612098
3 0 1 42 33 19 32516017221089 67460989950
3 0 2 42 33 40 32583478211039 67460989950
3 0 3 42 33 22 32650939200989 67460989950
3 0 4 42 33 35 32718400190939 67460989950
3 0 3 42 33 3 32785861180889 171792239021
3 0 0 42 33 33 32785861180889 114528149913
3 0 4 42 33 39 32957653419910 171792239021
3 0 1 42 33 28 32900389330802 114528201868
3 0 2 42 33 20 33014917532670 114528149913
3 4 0 42 39 18 33711175192469 206222632710
3 4 3 42 39 25 33711175192469 206300218050
3 4 1 42 39 27 33917397825179 206345029420
3 4 4 42 39 29 33917475410519 206177873772
3 4 0 42 39 24 34123742854599 206239039528
3 4 0 42 39 22 34329981894127 206239039528
3 4 3 42 39 42 34123653284291 206283847708
3 4 2 42 39 5 34329937131999 206283801627
3 4 1 42 39 19 34536220933655 101191487209
3 4 2 42 39 40 34637412420864 101191487209
3 4 3 42 39 22 34738603908073 101191487209
3 4 4 42 39 35 34839795395282 101191487209
3 4 3 42 39 3 34940986882491 257688353375
3 4 0 42 39 33 34940986882491 171792233688
3 4 4 42 39 39 35198675235866 257688353375
3 4 1 42 39 28 35112779116179 171792310782
3 4 2 42 39 20 35284571426961 171792233688
3 1 0 42 28 18 33129445682583 137481626653
3 1 3 42 28 25 33129445682583 137533630419
3 1 1 42 28 27 33266927309236 137563666569
3 1 4 42 28 29 33266979313002 137451625837
3 1 0 42 28 24 33404490975805 137492623827
3 1 0 42 28 22 33541983599632 137492623827
3 1 3 42 28 42 33404430938839 137522657827
3 1 2 42 28 5 33541953596666 137522626773
3 1 1 42 28 19 33679476223459 67460997149
3 1 2 42 28 40 33746937220608 67460997149
3 1 3 42 28 22 33814398217757 67460997149
3 1 4 42 28 35 33881859214906 67460997149
3 1 3 42 28 3 33949320212055 171792257352
3 1 0 42 28 33 33949320212055 114528162134
3 1 4 42 28 39 34121112469407 171792257352
3 1 1 42 28 28 34063848374189 114528214089
3 1 2 42 28 20 34178376588278 114528162135
3 2 0 42 20 18 34292904750413 137481611982
3 2 3 42 20 25 34292904750413 137533615743
3 2 1 42 20 27 34430386362395 137563651890
3 2 4 42 20 29 34430438366156 137451611170
3 2 0 42 20 24 34567950014285 137492609155
3 2 0 42 20 22 34705442623440 137492609155
3 2 3 42 20 42 34567889977326 137522643152
3 2 2 42 20 5 34705412620478 137522612098
3 2 1 42 20 19 34842935232595 67460989950
3 2 2 42 20 40 34910396222545 67460989950
3 2 3 42 20 22 34977857212495 67460989950
3 2 4 42 20 35 35045318202445 67460989950
3 2 3 42 20 3 35112779192395 171792231711
3 2 0 42 20 33 35112779192395 114528153197
3 2 4 42 20 39 35284571424106 171792231711
3 2 1 42 20 28 35227307345592 114528205152
3 2 2 42 20 20 35341835550744 114528153197
2 0 0 5 18 18 35456363703941 165051339889
2 0 3 5 18 25 35456363703941 165113620265
2 0 1 5 18 27 35621415043830 165149591931
2 0 4 5 18 29 35621477324206 165015410437
2 0 0 5 18 24 35786564635761 165064510218
2 0 0 5 18 22 35951629145979 165064510218
2 0 3 5 18 42 35786492734643 165100479304
2 0 2 5 18 5 35951593213947 165100442203
2 0 1 5 18 19 36116693656197 80989170114
2 0 2 5 18 40 36197682826311 80989170114
2 0 3 5 18 22 36278671996425 80989170114
2 0 4 5 18 35 36359661166539 80989170114
2 0 3 5 18 3 36440650336653 206242316888
2 0 0 5 18 33 36440650336653 137494866661
2 0 4 5 18 39 36646892653541 206242316888
2 0 1 5 18 28 36578145203314 137494928731
2 0 2 5 18 20 36715640132045 137494866661
2 3 0 5 25 18 35456363703941 165081923033
2 3 3 5 25 25 35456363703941 165144214796
2 3 1 5 25 27 35621445626974 165180193038
2 3 4 5 25 29 35621507918737 165045987013
2 3 0 5 25 24 35786625820012 165095095770
2 3 0 5 25 22 35951720915782 165095095770
2 3 3 5 25 42 35786553905750 165131071432
2 3 2 5 25 5 35951684977182 165131034324
2 3 1 5 25 19 36116816011552 81004176943
2 3 2 5 25 40 36197820188495 81004176943
2 3 3 5 25 22 36278824365438 81004176943
2 3 4 5 25 35 36359828542381 81004176943
2 3 3 5 25 3 36440832719324 206280532413
2 3 0 5 25 33 36440832719324 137520343669
2 3 4 5 25 39 36647113251737 206280532413
2 3 1 5 25 28 36578353062993 137520405751
2 3 2 5 25 20 36715873468744 137520343669
2 1 0 5 27 18 36853134998706 165098634317
2 1 3 5 27 25 36853134998706 165160932320
2 1 1 5 27 27 37018233633023 165196914144
2 1 4 5 27 29 37018295931026 165062694718
2 1 0 5 27 24 37183430547167 165111808379
2 1 0 5 27 22 37348542355546 165111808379
2 1 3 5 27 42 37183358625744 165147787634
2 1 2 5 27 5 37348506413378 165147750523
2 1 1 5 27 19 37513654163925 81012377000
2 1 2 5 27 40 37594666540925 81012377000
2 1 3 5 27 22 37675678917925 81012377000
2 1 4 5 27 35 37756691294925 81012377000
2 1 3 5 27 3 37837703671925 206301414201
2 1 0 5 27 33 37837703671925 137534264860
2 1 4 5 27 39 38044005086126 206301414201
2 1 1 5 27 28 37975237936785 137534326948
2 1 2 5 27 20 38112772263733 137534264860
2 4 0 5 29 18 36853393812413 165034638031
2 4 3 5 29 25 36853393812413 165096912208
2 4 1 5 29 27 37018428450444 165132880271
2 4 4 5 29 29 37018490724621 164998712178
2 4 0 5 29 24 37183561330715 165047807055
2 4 0 5 29 22 37348609137770 165047807055
2 4 3 5 29 42 37183489436799 165083772550
2 4 2 5 29 5 37348573209349 165083735452
2 4 1 5 29 19 37513656944825 80980974692
2 4 2 5 29 40 37594637919517 80980974692
2 4 3 5 29 22 37675618894209 80980974692
2 4 4 5 29 35 37756599868901 80980974692
2 4 3 5 29 3 37837580843593 206221446903
2 4 0 5 29 33 37837580843593 137480953338
2 4 4 5 29 39 38043802290496 206221446902
2 4 1 5 29 28 37975061796931 137481015402
2 4 2 5 29 20 38112542812333 137480953338
2 0 0 5 24 18 38250306528593 165055352242
2 0 3 5 24 25 38250306528593 165117634130
2 0 1 5 24 27 38415361880835 165153606648
2 0 4 5 24 29 38415424162723 165019421939
2 0 0 5 24 24 38580515487483 165068522896
2 0 0 5 24 22 38745584010379 165068522896
2 0 3 5 24 42 38580443584662 165104492845
2 0 2 5 24 5 38745548077507 165104455743
2 0 1 5 24 19 38910652533275 80991138938
2 0 2 5 24 40 38991643672213 80991138938
2 0 3 5 24 22 39072634811151 80991138938
2 0 4 5 24 35 39153625950089 80991138938
2 0 3 5 24 3 39234617089027 185691811086
2 0 0 5 24 33 39234617089027 148553249830
2 0 4 5 24 39 39420308900113 185691672489
2 0 1 5 24 28 39383170338857 148553383677
2 0 2 5 24 20 39531723722534 148553405985
2 0 0 5 22 18 39606000572602 185691672489
2 0 3 5 22 25 39680277128519 148553383677
2 0 1 5 22 27 39791692245091 185691811088
2 0 4 5 22 29 39828830512196 148553249828
2 0 0 5 22 24 39977384056179 165086422269
2 0 0 5 22 22 40142470478448 165086422269
2 0 3 5 22 42 39977383762024 165086589593
2 0 2 5 22 5 40142470351617 165086552511
2 0 1 5 22 19 40307556904128 80991138938
2 0 2 5 22 40 40388548043066 80991138938
2 0 3 5 22 22 40469539182004 80991138938
2 0 4 5 22 35 40550530320942 80991138938
2 0 3 5 22 3 40631521459880 206247330586
2 0 0 5 22 33 40631521459880 137498209120
2 0 4 5 22 39 40837768790466 206247330586
2 0 1 5 22 28 40769019669000 137498271192
2 0 2 5 22 20 40906517940192 137498209120
2 3 0 5 42 18 38250023765671 165077918154
2 3 3 5 42 25 38250023765671 165140208444
2 3 1 5 42 27 38415101683825 165176185814
2 3 4 5 42 29 38415163974115 165041983005
2 3 0 5 42 24 38580277869639 165091090584
2 3 0 5 42 22 38745368960223 165091090584
2 3 3 5 42 42 38580205957120 165127065386
2 3 2 5 42 5 38745333022506 165127028279
2 3 1 5 42 19 38910460050807 81002211795
2 3 2 5 42 40 38991462262602 81002211795
2 3 3 5 42 22 39072464474397 81002211795
2 3 4 5 42 35 39153466686192 81002211795
2 3 3 5 42 3 39234468897987 206275528081
2 3 0 5 42 33 39234468897987 137517007449
2 3 4 5 42 39 39440744426068 206275528081
2 3 1 5 42 28 39371985905436 137517069529
2 3 2 5 42 20 39509502974965 137517007449
2 2 0 5 5 18 39647019982414 165077909387
2 2 3 5 5 25 39647019982414 165140199674
2 2 1 5 5 27 39812097891801 165176177042
2 2 4 5 5 29 39812160182088 165041974240
2 2 0 5 5 24 39977274068843 165091081817
2 2 0 5 5 22 40142365150660 165091081817
2 2 3 5 5 42 39977202156328 165127056617
2 2 2 5 5 5 40142329212945 165127019510
2 2 1 5 5 19 40307456232477 81002207494
2 2 2 5 5 40 40388458439971 81002207494
2 2 3 5 5 22 40469460647465 81002207494
2 2 4 5 5 35 40550462854959 81002207494
2 2 3 5 5 3 40631465062453 206275517127
2 2 0 5 5 33 40631465062453 137517000146
2 2 4 5 5 39 40837740579580 206275517127
2 2 1 5 5 28 40768982062599 137517062226
2 2 2 5 5 20 40906499124825 137517000146
2 1 0 5 19 18 41044016149312 80981251356
2 1 3 5 19 25 41044016149312 81012100126
2 1 1 5 19 27 41124997400668 81029917710
2 1 4 5 19 29 41125028249438 80963454881
2 1 0 5 19 24 41206027318378 80987774937
2 1 0 5 19 22 41287015093315 80987774937
2 1 3 5 19 42 41205991704319 81005591230
2 1 2 5 19 5 41286997295549 81005572678
2 1 1 5 19 19 41368002868252 39736824546
2 1 2 5 19 40 41407739692798 39736824546
2 1 3 5 19 22 41447476517344 39736824546
2 1 4 5 19 35 41487213341890 39736824546
2 1 3 5 19 3 41526950166436 101191489625
2 1 0 5 19 33 41526950166436 67460987448
2 1 4 5 19 39 41628141656061 101191489625
2 1 1 5 19 28 41594411153884 67461018485
2 1 2 5 19 20 41661872172369 67460987448
2 2 0 5 40 18 41729333159817 80981251351
2 2 3 5 40 25 41729333159817 81012100131
2 2 1 5 40 27 41810314411168 81029917709
2 2 4 5 40 29 41810345259948 80963454882
2 2 0 5 40 24 41891344328877 80987774937
2 2 0 5 40 22 41972332103814 80987774937
2 2 3 5 40 42 41891308714830 81005591231
2 2 2 5 40 5 41972314306061 81005572678
2 2 1 5 40 19 42053319878751 39736824546
2 2 2 5 40 40 42093056703297 39736824546
2 2 3 5 40 22 42132793527843 39736824546
2 2 4 5 40 35 42172530352389 39736824546
2 2 3 5 40 3 42212267176935 101191489625
2 2 0 5 40 33 42212267176935 67460987448
2 2 4 5 40 39 42313458666560 101191489625
2 2 1 5 40 28 42279728164383 67461018485
2 2 2 5 40 20 42347189182868 67460987448
2 3 0 5 22 18 42414650170316 80981251351
2 3 3 5 22 25 42414650170316 81012100131
2 3 1 5 22 27 42495631421667 81029917709
2 3 4 5 22 29 42495662270447 80963454882
2 3 0 5 22 24 42576661339376 80987774937
2 3 0 5 22 22 42657649114313 80987774937
2 3 3 5 22 42 42576625725329 81005591231
2 3 2 5 22 5 42657631316560 81005572678
2 3 1 5 22 19 42738636889250 39736824546
2 3 2 5 22 40 42778373713796 39736824546
2 3 3 5 22 22 42818110538342 39736824546
2 3 4 5 22 35 42857847362888 39736824546
2 3 3 5 22 3 42897584187434 101191489625
2 3 0 5 22 33 42897584187434 67460987448
2 3 4 5 22 39 42998775677059 101191489625
2 3 1 5 22 28 42965045174882 67461018485
2 3 2 5 22 20 43032506193367 67460987448
2 4 0 5 35 18 43099967180815 80981251351
2 4 3 5 35 25 43099967180815 81012100131
2 4 1 5 35 27 43180948432166 81029917709
2 4 4 5 35 29 43180979280946 80963454882
2 4 0 5 35 24 43261978349875 80987774937
2 4 0 5 35 22 43342966124812 80987774937
2 4 3 5 35 42 43261942735828 81005591231
2 4 2 5 35 5 43342948327059 81005572678
2 4 1 5 35 19 43423953899749 39736824546
2 4 2 5 35 40 43463690724295 39736824546
2 4 3 5 35 22 43503427548841 39736824546
2 4 4 5 35 35 43543164373387 39736824546
2 4 3 5 35 3 43582901197933 101191485548
2 4 0 5 35 33 43582901197933 67460989279
2 4 4 5 35 39 43684092683481 101191485548
2 4 1 5 35 28 43650362187212 67461020317
2 4 2 5 35 20 43717823207529 67460989279
2 3 0 5 3 18 43785284196808 206222630122
2 3 3 5 3 25 43785284196808 206300215460
2 3 1 5 3 27 43991506826930 206345026830
2 3 4 5 3 29 43991584412268 206177871184
2 3 0 5 3 24 44197851853760 206239036939
2 3 0 5 3 22 44404090890699 206239036939
2 3 3 5 3 42 44197762283452 206283845119
2 3 2 5 3 5 44404046128571 206283799038
2 3 1 5 3 19 44610329927638 101191485939
2 3 2 5 3 40 44711521413577 101191485939
2 3 3 5 3 22 44812712899516 101191485939
2 3 4 5 3 35 44913904385455 101191485939
2 3 3 5 3 3 45015095871394 257688360986
2 3 0 5 3 33 45015095871394 171792226659
2 3 4 5 3 39 45272784232380 257688360986
2 3 1 5 3 28 45186888098053 171792303753
2 3 2 5 3 20 45358680401806 171792226659
2 0 0 5 33 18 43785284196808 137481610257
2 0 3 5 33 25 43785284196808 137533614017
2 0 1 5 33 27 43922765807065 137563650163
2 0 4 5 33 29 43922817810825 137451609445
2 0 0 5 33 24 44060329457228 137492607429
2 0 0 5 33 22 44197822064657 137492607429
2 0 3 5 33 42 44060269420270 137522641426
2 0 2 5 33 5 44197792061696 137522610372
2 0 1 5 33 19 44335314672086 67460989104
2 0 2 5 33 40 44402775661190 67460989104
2 0 3 5 33 22 44470236650294 67460989104
2 0 4 5 33 35 44537697639398 67460989104
2 0 3 5 33 3 44605158628502 171792236864
2 0 0 5 33 33 44605158628502 114528148476
2 0 4 5 33 39 44776950865366 171792236864
2 0 1 5 33 28 44719686776978 114528200430
2 0 2 5 33 20 44834214977408 114528148476
2 4 0 5 39 18 45530472628465 206222630121
2 4 3 5 39 25 45530472628465 206300215461
2 4 1 5 39 27 45736695258586 206345026830
2 4 4 5 39 29 45736772843926 206177871184
2 4 0 5 39 24 45943040285416 206239036939
2 4 0 5 39 22 46149279322355 206239036939
2 4 3 5 39 42 45942950715110 206283845119
2 4 2 5 39 5 46149234560229 206283799038
2 4 1 5 39 19 46355518359294 101191485939
2 4 2 5 39 40 46456709845233 101191485939
2 4 3 5 39 22 46557901331172 101191485939
2 4 4 5 39 35 46659092817111 101191485939
2 4 3 5 39 3 46760284303050 257688350141
2 4 0 5 39 33 46760284303050 171792231532
2 4 4 5 39 39 47017972653191 257688350141
2 4 1 5 39 28 46932076534582 171792308626
2 4 2 5 39 20 47103868843208 171792231532
2 1 0 5 28 18 44948743125884 137481624927
2 1 3 5 28 25 44948743125884 137533628693
2 1 1 5 28 27 45086224750811 137563664843
2 1 4 5 28 29 45086276754577 137451624112
2 1 0 5 28 24 45223788415654 137492622101
2 1 0 5 28 22 45361281037755 137492622101
2 1 3 5 28 42 45223728378689 137522656101
2 1 2 5 28 5 45361251034790 137522625047
2 1 1 5 28 19 45498773659856 67460996302
2 1 2 5 28 40 45566234656158 67460996302
2 1 3 5 28 22 45633695652460 67460996302
2 1 4 5 28 35 45701156648762 67460996302
2 1 3 5 28 3 45768617645064 171792255196
2 1 0 5 28 33 45768617645064 114528160697
2 1 4 5 28 39 45940409900260 171792255196
2 1 1 5 28 28 45883145805761 114528212652
2 1 2 5 28 20 45997674018413 114528160697
2 2 0 5 20 18 46112202179110 137481610257
2 2 3 5 20 25 46112202179110 137533614017
2 2 1 5 20 27 46249683789367 137563650163
2 2 4 5 20 29 46249735793127 137451609445
2 2 0 5 20 24 46387247439530 137492607429
2 2 0 5 20 22 46524740046959 137492607429
2 2 3 5 20 42 46387187402572 137522641426
2 2 2 5 20 5 46524710043998 137522610372
2 2 1 5 20 19 46662232654388 67460989104
2 2 2 5 20 40 46729693643492 67460989104
2 2 3 5 20 22 46797154632596 67460989104
2 2 4 5 20 35 46864615621700 67460989104
2 2 3 5 20 3 46932076610804 171792229555
2 2 0 5 20 33 46932076610804 114528151760
2 2 4 5 20 39 47103868840359 171792229555
2 2 1 5 20 28 47046604762564 114528203714
2 2 2 5 20 20 47161132966278 114528151760
1 0 0 19 18 18 47275661158239 80970342888
1 0 3 19 18 25 47275661158239 81001187538
1 0 1 19 18 27 47356631501127 81019002765
1 0 4 19 18 29 47356662345777 80952548766
1 0 0 19 18 24 47437650503892 80976865592
1 0 0 19 18 22 47518627369484 80976865592
1 0 3 19 18 42 47437614894543 80994679517
1 0 2 19 18 5 47518609574060 80994660967
1 0 1 19 18 19 47599604235076 39731471860
1 0 2 19 18 40 47639335706936 39731471860
1 0 3 19 18 22 47679067178796 39731471860
1 0 4 19 18 35 47718798650656 39731471860
1 0 3 19 18 3 47758530122516 101177858784
1 0 0 19 18 33 47758530122516 67451900224
1 0 4 19 18 39 47859707981300 101177858784
1 0 1 19 18 28 47825982022740 67451931258
1 0 2 19 18 20 47893433953998 67451900224
1 3 0 19 25 18 47275661158239 80985487966
1 3 3 19 25 25 47275661158239 81016338309
1 3 1 19 25 27 47356646646205 81034156824
1 3 4 19 25 29 47356677496548 80967690561
1 3 0 19 25 24 47437680803029 80992011875
1 3 0 19 25 22 47518672814904 80992011875
1 3 3 19 25 42 47437645187109 81009829087
1 3 2 19 25 5 47518655016196 81009810534
1 3 1 19 25 19 47599664826779 39738903405
1 3 2 19 25 40 47639403730184 39738903405
1 3 3 19 25 22 47679142633589 39738903405
1 3 4 19 25 35 47718881536994 39738903405
1 3 3 19 25 3 47758620440399 101196783527
1 3 0 19 25 33 47758620440399 67464516715
1 3 4 19 25 39 47859817223926 101196783527
1 3 1 19 25 28 47826084957114 67464547755
1 3 2 19 25 20 47893549504869 67464516715
1 1 0 19 27 18 47960885854222 80993767839
1 1 3 19 27 25 47960885854222 81024621323
1 1 1 19 27 27 48041879622061 81042441618
1 1 4 19 27 29 48041910475545 80975968656
1 1 0 19 27 24 48122922063679 81000292420
1 1 0 19 27 22 48203922356099 81000292420
1 1 3 19 27 42 48122886444201 81018111430
1 1 2 19 27 5 48203904555631 81018092875
1 1 1 19 27 19 48284922648519 39742966266
1 1 2 19 27 40 48324665614785 39742966266
1 1 3 19 27 22 48364408581051 39742966266
1 1 4 19 27 35 48404151547317 39742966266
1 1 3 19 27 3 48443894513583 101207129774
1 1 0 19 27 33 48443894513583 67471414213
1 1 4 19 27 39 48545101643357 101207129774
1 1 1 19 27 28 48511365927796 67471445255
1 1 2 19 27 20 48578837373051 67471414213
1 4 0 19 29 18 47961014021584 80962067710
1 4 3 19 29 25 47961014021584 80992909280
1 4 1 19 29 27 48041976089294 81010722693
1 4 4 19 29 29 48042006930864 80944275401
1 4 0 19 29 24 48122986811987 80968589771
1 4 0 19 29 22 48203955401758 80968589771
1 4 3 19 29 42 48122951206265 80986401901
1 4 2 19 29 5 48203937608166 80986383353
1 4 1 19 29 19 48284923991529 39727411317
1 4 2 19 29 40 48324651402846 39727411317
1 4 3 19 29 22 48364378814163 39727411317
1 4 4 19 29 35 48404106225480 39727411317
1 4 3 19 29 3 48443833636797 101167518441
1 4 0 19 29 33 48443833636797 67445006662
1 4 4 19 29 39 48545001155238 101167518441
1 4 1 19 29 28 48511278643459 67445037693
1 4 2 19 29 20 48578723681152 67445006662
1 0 0 19 24 18 48646308787264 80972341267
1 0 3 19 24 25 48646308787264 81003186698
1 0 1 19 24 27 48727281128531 81021002341
1 0 4 19 24 29 48727311973962 80954546730
1 0 0 19 24 24 48808302130872 80978864144
1 0 0 19 24 22 48889280995016 80978864144
1 0 3 19 24 42 48808266520692 80996678504
1 0 2 19 24 5 48889263199196 80996659953
1 0 1 19 24 19 48970259859160 39732452453
1 0 2 19 24 40 49009992311613 39732452453
1 0 3 19 24 22 49049724764066 39732452453
1 0 4 19 24 35 49089457216519 39732452453
1 0 3 19 24 3 49129189668972 91096276160
1 0 0 19 24 33 49129189668972 72876921412
1 0 4 19 24 39 49220285945132 91096206864
1 0 1 19 24 28 49202066590384 72876988333
1 0 2 19 24 20 49274943578717 72876999487
1 0 0 19 22 18 49311382151996 91096206864
1 0 3 19 22 25 49347820578204 72876988333
1 0 1 19 22 27 49402478358860 91096276161
1 0 4 19 22 29 49420697566537 72876921412
1 0 0 19 22 24 49493574635021 80987728525
1 0 0 19 22 22 49574562363546 80987728525
1 0 3 19 22 42 49493574487949 80987812184
1 0 2 19 22 5 49574562300133 80987793643
1 0 1 19 22 19 49655550093776 39732452453
1 0 2 19 22 40 49695282546229 39732452453
1 0 3 19 22 22 49735014998682 39732452453
1 0 4 19 22 35 49774747451135 39732452453
1 0 3 19 22 3 49814479903588 101180355907
1 0 0 19 22 33 49814479903588 67453564969
1 0 4 19 22 39 49915660259495 101180355907
1 0 1 19 22 28 49881933468557 67453596004
1 0 2 19 22 20 49949387064561 67453564969
1 3 0 19 42 18 48646168687814 80983493301
1 3 3 19 42 25 48646168687814 81014342923
1 3 1 19 42 27 48727152181115 81032160988
1 3 4 19 42 29 48727183030737 80965696346
1 3 0 19 42 24 48808184342103 80990017065
1 3 0 19 42 22 48889174359168 80990017065
1 3 3 19 42 42 48808148727083 81007833845
1 3 2 19 42 5 48889156560928 81007815292
1 3 1 19 42 19 48970164376233 39737924649
1 3 2 19 42 40 49009902300882 39737924649
1 3 3 19 42 22 49049640225531 39737924649
1 3 4 19 42 35 49089378150180 39737924649
1 3 3 19 42 3 49129116074829 101194291084
1 3 0 19 42 33 49129116074829 67462855087
1 3 4 19 42 39 49230310365913 101194291084
1 3 1 19 42 28 49196578929916 67462886125
1 3 2 19 42 20 49264041816041 67462855087
1 2 0 19 5 18 49331504671128 80983488918
1 2 3 19 5 25 49331504671128 81014338539
1 2 1 19 5 27 49412488160046 81032156602
1 2 4 19 5 29 49412519009667 80965691963
1 2 0 19 5 24 49493520316648 80990012681
1 2 0 19 5 22 49574510329329 80990012681
1 2 3 19 5 42 49493484701630 81007829461
1 2 2 19 5 5 49574492531091 81007810908
1 2 1 19 5 19 49655500342010 39737922498
1 2 2 19 5 40 49695238264508 39737922498
1 2 3 19 5 22 49734976187006 39737922498
1 2 4 19 5 35 49774714109504 39737922498
1 2 3 19 5 3 49814452032002 101194285607
1 2 0 19 5 33 49814452032002 67462851435
1 2 4 19 5 39 49915646317609 101194285607
1 2 1 19 5 28 49881914883437 67462882474
1 2 2 19 5 20 49949377765911 67462851435
1 1 0 19 19 18 50016840629530 39727549728
1 1 3 19 19 25 50016840629530 39742827749
1 1 1 19 19 27 50056568179258 39751652038
1 1 4 19 19 29 50056583457279 39718735993
1 1 0 19 19 24 50096319831296 39730780588
1 1 0 19 19 22 50136050611884 39730780588
1 1 3 19 19 42 50096302193272 39739604232
1 1 2 19 19 5 50136041797504 39739594956
1 1 1 19 19 19 50175781392472 19494012659
1 1 2 19 19 40 50195275405131 19494012659
1 1 3 19 19 22 50214769417790 19494012659
1 1 4 19 19 35 50234263430449 19494012659
1 1 3 19 19 3 50253757443108 49642320544
1 1 0 19 19 33 50253757443108 33094877544
1 1 4 19 19 39 50303399763652 49642320543
1 1 1 19 19 28 50286852320652 33094893063
1 1 2 19 19 20 50319947213715 33094877544
1 2 0 19 40 18 50353042091259 39727549725
1 2 3 19 40 25 50353042091259 39742827752
1 2 1 19 40 27 50392769640984 39751652038
1 2 4 19 40 29 50392784919011 39718735993
1 2 0 19 40 24 50432521293022 39730780588
1 2 0 19 40 22 50472252073610 39730780588
1 2 3 19 40 42 50432503655004 39739604232
1 2 2 19 40 5 50472243259236 39739594956
1 2 1 19 40 19 50511982854198 19494012659
1 2 2 19 40 40 50531476866857 19494012659
1 2 3 19 40 22 50550970879516 19494012659
1 2 4 19 40 35 50570464892175 19494012659
1 2 3 19 40 3 50589958904834 49642320544
1 2 0 19 40 33 50589958904834 33094877544
1 2 4 19 40 39 50639601225378 49642320543
1 2 1 19 40 28 50623053782378 33094893063
1 2 2 19 40 20 50656148675441 33094877544
1 3 0 19 22 18 50689243552985 39727549725
1 3 3 19 22 25 50689243552985 39742827752
1 3 1 19 22 27 50728971102710 39751652038
1 3 4 19 22 29 50728986380737 39718735993
1 3 0 19 22 24 50768722754748 39730780588
1 3 0 19 22 22 50808453535336 39730780588
1 3 3 19 22 42 50768705116730 39739604232
1 3 2 19 22 5 50808444720962 39739594956
1 3 1 19 22 19 50848184315924 19494012659
1 3 2 19 22 40 50867678328583 19494012659
1 3 3 19 22 22 50887172341242 19494012659
1 3 4 19 22 35 50906666353901 19494012659
1 3 3 19 22 3 50926160366560 49642320544
1 3 0 19 22 33 50926160366560 33094877544
1 3 4 19 22 39 50975802687104 49642320544
1 3 1 19 22 28 50959255244104 33094893063
1 3 2 19 22 20 50992350137167 33094877544
1 4 0 19 35 18 51025445014711 39727549725
1 4 3 19 35 25 51025445014711 39742827752
1 4 1 19 35 27 51065172564436 39751652038
1 4 4 19 35 29 51065187842463 39718735993
1 4 0 19 35 24 51104924216474 39730780588
1 4 0 19 35 22 51144654997062 39730780588
1 4 3 19 35 42 51104906578456 39739604232
1 4 2 19 35 5 51144646182688 39739594956
1 4 1 19 35 19 51184385777650 19494012659
1 4 2 19 35 40 51203879790309 19494012659
1 4 3 19 35 22 51223373802968 19494012659
1 4 4 19 35 35 51242867815627 19494012659
1 4 3 19 35 3 51262361828286 49642318505
1 4 0 19 35 33 51262361828286 33094878460
1 4 4 19 35 39 51312004146791 49642318505
1 4 1 19 35 28 51295456706746 33094893979
1 4 2 19 35 20 51328551600725 33094878460
1 3 0 19 3 18 51361646479185 101168107944
1 3 3 19 3 25 51361646479185 101206532508
1 3 1 19 3 27 51462814587129 101228725667
1 3 4 19 3 29 51462853011693 101145941000
1 3 0 19 3 24 51564043312796 101176233563
1 3 0 19 3 22 51665219546359 101176233563
1 3 3 19 3 42 51563998952693 101198425127
1 3 2 19 3 5 51665197377820 101198402087
1 3 1 19 3 19 51766395779922 49642318701
1 3 2 19 3 40 51816038098623 49642318701
1 3 3 19 3 22 51865680417324 49642318701
1 3 4 19 3 35 51915322736025 49642318701
1 3 3 19 3 3 51964965054726 126416245732
1 3 0 19 3 33 51964965054726 84277490156
1 3 4 19 3 39 52091381300458 126416245732
1 3 1 19 3 28 52049242544882 84277528701
1 3 2 19 3 20 52133520073583 84277490156
1 0 0 19 33 18 51361646479185 67445334382
1 0 3 19 33 25 51361646479185 67471089529
1 0 1 19 33 27 51429091813567 67485965150
1 0 4 19 33 29 51429117568714 67430476427
1 0 0 19 33 24 51496577778717 67450780827
1 0 0 19 33 22 51564028559544 67450780827
1 0 3 19 33 42 51496548045141 67465655374
1 0 2 19 33 5 51564013700515 67465639847
1 0 1 19 33 19 51631479340371 33094878372
1 0 2 19 33 40 51664574218743 33094878372
1 0 3 19 33 22 51697669097115 33094878372
1 0 4 19 33 35 51730763975487 33094878372
1 0 3 19 33 3 51763858853859 84277495258
1 0 0 19 33 33 51763858853859 56184992122
1 0 4 19 33 39 51848136349117 84277495258
1 0 1 19 33 28 51820043845981 56185018098
1 0 2 19 33 20 51876228864079 56184992122
1 4 0 19 39 18 52217797563739 101168107944
1 4 3 19 39 25 52217797563739 101206532508
1 4 1 19 39 27 52318965671683 101228725666
1 4 4 19 39 29 52319004096247 101145941000
1 4 0 19 39 24 52420194397349 101176233563
1 4 0 19 39 22 52521370630912 101176233563
1 4 3 19 39 42 52420150037247 101198425127
1 4 2 19 39 5 52521348462374 101198402087
1 4 1 19 39 19 52622546864475 49642318701
1 4 2 19 39 40 52672189183176 49642318701
1 4 3 19 39 22 52721831501877 49642318701
1 4 4 19 39 35 52771473820578 49642318701
1 4 3 19 39 3 52821116139279 126416240310
1 4 0 19 39 33 52821116139279 84277492592
1 4 4 19 39 39 52947532379589 126416240309
1 4 1 19 39 28 52905393631871 84277531138
1 4 2 19 39 20 52989671163009 84277492592
1 1 0 19 28 18 51932413856201 67445341717
1 1 3 19 28 25 51932413856201 67471096867
1 1 1 19 28 27 51999859197918 67485972490
1 1 4 19 28 29 51999884953068 67430483760
1 1 0 19 28 24 52067345170408 67450788163
1 1 0 19 28 22 52134795958571 67450788163
1 1 3 19 28 42 52067315436828 67465662711
1 1 2 19 28 5 52134781099539 67465647184
1 1 1 19 28 19 52202246746734 33094881972
1 1 2 19 28 40 52235341628706 33094881972
1 1 3 19 28 22 52268436510678 33094881972
1 1 4 19 28 35 52301531392650 33094881972
1 1 3 19 28 3 52334626274622 84277504424
1 1 0 19 28 33 52334626274622 56184998232
1 1 4 19 28 39 52418903779046 84277504424
1 1 1 19 28 28 52390811272854 56185024209
1 1 2 19 28 20 52446996297063 56184998232
1 2 0 19 20 18 52503181295295 67445334382
1 2 3 19 20 25 52503181295295 67471089529
1 2 1 19 20 27 52570626629677 67485965150
1 2 4 19 20 29 52570652384824 67430476427
1 2 0 19 20 24 52638112594827 67450780827
1 2 0 19 20 22 52705563375654 67450780827
1 2 3 19 20 42 52638082861251 67465655374
1 2 2 19 20 5 52705548516625 67465639847
1 2 1 19 20 19 52773014156481 33094878372
1 2 2 19 20 40 52806109034853 33094878372
1 2 3 19 20 22 52839203913225 33094878372
1 2 4 19 20 35 52872298791597 33094878372
1 2 3 19 20 3 52905393669969 84277491604
1 2 0 19 20 33 52905393669969 56184993764
1 2 4 19 20 39 52989671161573 84277491604
1 2 1 19 20 28 52961578663733 56185019740
1 2 2 19 20 20 53017763683473 56184993764
2 0 0 40 18 18 53073948677237 80970342877
2 0 3 40 18 25 53073948677237 81001187547
2 0 1 40 18 27 53154919020114 81019002763
2 0 4 40 18 29 53154949864784 80952548768
2 0 0 40 18 24 53235938022877 80976865591
2 0 0 40 18 22 53316914888468 80976865591
2 0 3 40 18 42 53235902413552 80994679517
2 0 2 40 18 5 53316897093069 80994660967
2 0 1 40 18 19 53397891754059 39731471860
2 0 2 40 18 40 53437623225919 39731471860
2 0 3 40 18 22 53477354697779 39731471860
2 0 4 40 18 35 53517086169639 39731471860
2 0 3 40 18 3 53556817641499 101177858783
2 0 0 40 18 33 53556817641499 67451900223
2 0 4 40 18 39 53657995500282 101177858783
2 0 1 40 18 28 53624269541722 67451931257
2 0 2 40 18 20 53691721472979 67451900223
2 3 0 40 25 18 53073948677237 80985487957
2 3 3 40 25 25 53073948677237 81016338320
2 3 1 40 25 27 53154934165194 81034156823
2 3 4 40 25 29 53154965015557 80967690564
2 3 0 40 25 24 53235968322017 80992011875
2 3 0 40 25 22 53316960333892 80992011875
2 3 3 40 25 42 53235932706121 81009829088
2 3 2 40 25 5 53316942535209 81009810535
2 3 1 40 25 19 53397952345767 39738903405
2 3 2 40 25 40 53437691249172 39738903405
2 3 3 40 25 22 53477430152577 39738903405
2 3 4 40 25 35 53517169055982 39738903405
2 3 3 40 25 3 53556907959387 101196783528
2 3 0 40 25 33 53556907959387 67464516716
2 3 4 40 25 39 53658104742915 101196783528
2 3 1 40 25 28 53624372476103 67464547755
2 3 2 40 25 20 53691837023858 67464516716
2 1 0 40 27 18 53759173373202 80993767839
2 1 3 40 27 25 53759173373202 81024621323
2 1 1 40 27 27 53840167141041 81042441618
2 1 4 40 27 29 53840197994525 80975968656
2 1 0 40 27 24 53921209582659 81000292420
2 1 0 40 27 22 54002209875079 81000292420
2 1 3 40 27 42 53921173963181 81018111430
2 1 2 40 27 5 54002192074611 81018092875
2 1 1 40 27 19 54083210167499 39742966266
2 1 2 40 27 40 54122953133765 39742966266
2 1 3 40 27 22 54162696100031 39742966266
2 1 4 40 27 35 54202439066297 39742966266
2 1 3 40 27 3 54242182032563 101207129774
2 1 0 40 27 33 54242182032563 67471414213
2 1 4 40 27 39 54343389162337 101207129774
2 1 1 40 27 28 54309653446776 67471445255
2 1 2 40 27 20 54377124892031 67471414213
2 4 0 40 29 18 53759301540574 80962067710
2 4 3 40 29 25 53759301540574 80992909280
2 4 1 40 29 27 53840263608284 81010722693
2 4 4 40 29 29 53840294449854 80944275401
2 4 0 40 29 24 53921274330977 80968589771
2 4 0 40 29 22 54002242920748 80968589771
2 4 3 40 29 42 53921238725255 80986401901
2 4 2 40 29 5 54002225127156 80986383353
2 4 1 40 29 19 54083211510519 39727411317
2 4 2 40 29 40 54122938921836 39727411317
2 4 3 40 29 22 54162666333153 39727411317
2 4 4 40 29 35 54202393744470 39727411317
2 4 3 40 29 3 54242121155787 101167518441
2 4 0 40 29 33 54242121155787 67445006662
2 4 4 40 29 39 54343288674228 101167518441
2 4 1 40 29 28 54309566162449 67445037693
2 4 2 40 29 20 54377011200142 67445006662
2 0 0 40 24 18 54444596306244 80972341267
2 0 3 40 24 25 54444596306244 81003186698
2 0 1 40 24 27 54525568647511 81021002341
2 0 4 40 24 29 54525599492942 80954546730
2 0 0 40 24 24 54606589649852 80978864144
2 0 0 40 24 22 54687568513996 80978864144
2 0 3 40 24 42 54606554039672 80996678504
2 0 2 40 24 5 54687550718176 80996659953
2 0 1 40 24 19 54768547378140 39732452453
2 0 2 40 24 40 54808279830593 39732452453
2 0 3 40 24 22 54848012283046 39732452453
2 0 4 40 24 35 54887744735499 39732452453
2 0 3 40 24 3 54927477187952 91096276160
2 0 0 40 24 33 54927477187952 72876921412
2 0 4 40 24 39 55018573464112 91096206864
2 0 1 40 24 28 55000354109364 72876988333
2 0 2 40 24 20 55073231097697 72876999487
2 0 0 40 22 18 55109669670976 91096206864
2 0 3 40 22 25 55146108097184 72876988333
2 0 1 40 22 27 55200765877840 91096276161
2 0 4 40 22 29 55218985085517 72876921411
2 0 0 40 22 24 55291862154001 80987728525
2 0 0 40 22 22 55372849882526 80987728525
2 0 3 40 22 42 55291862006928 80987812184
2 0 2 40 22 5 55372849819112 80987793643
2 0 1 40 22 19 55453837612755 39732452453
2 0 2 40 22 40 55493570065208 39732452453
2 0 3 40 22 22 55533302517661 39732452453
2 0 4 40 22 35 55573034970114 39732452453
2 0 3 40 22 3 55612767422567 101180355907
2 0 0 40 22 33 55612767422567 67453564969
2 0 4 40 22 39 55713947778474 101180355907
2 0 1 40 22 28 55680220987536 67453596004
2 0 2 40 22 20 55747674583540 67453564969
2 3 0 40 42 18 54444456206804 80983493301
2 3 3 40 42 25 54444456206804 81014342923
2 3 1 40 42 27 54525439700105 81032160988
2 3 4 40 42 29 54525470549727 80965696346
2 3 0 40 42 24 54606471861093 80990017065
2 3 0 40 42 22 54687461878158 80990017065
2 3 3 40 42 42 54606436246073 81007833845
2 3 2 40 42 5 54687444079918 81007815292
2 3 1 40 42 19 54768451895223 39737924649
2 3 2 40 42 40 54808189819872 39737924649
2 3 3 40 42 22 54847927744521 39737924649
2 3 4 40 42 35 54887665669170 39737924649
2 3 3 40 42 3 54927403593819 101194291084
2 3 0 40 42 33 54927403593819 67462855087
2 3 4 40 42 39 55028597884903 101194291084
2 3 1 40 42 28 54994866448906 67462886125
2 3 2 40 42 20 55062329335031 67462855087
2 2 0 40 5 18 55129792190118 80983488918
2 2 3 40 5 25 55129792190118 81014338539
2 2 1 40 5 27 55210775679036 81032156602
2 2 4 40 5 29 55210806528657 80965691963
2 2 0 40 5 24 55291807835638 80990012681
2 2 0 40 5 22 55372797848319 80990012681
2 2 3 40 5 42 55291772220620 81007829461
2 2 2 40 5 5 55372780050081 81007810908
2 2 1 40 5 19 55453787861000 39737922498
2 2 2 40 5 40 55493525783498 39737922498
2 2 3 40 5 22 55533263705996 39737922498
2 2 4 40 5 35 55573001628494 39737922498
2 2 3 40 5 3 55612739550992 101194285607
2 2 0 40 5 33 55612739550992 67462851435
2 2 4 40 5 39 55713933836599 101194285607
2 2 1 40 5 28 55680202402427 67462882474
2 2 2 40 5 20 55747665284901 67462851435
2 1 0 40 19 18 55815128148509 39727549728
2 1 3 40 19 25 55815128148509 39742827749
2 1 1 40 19 27 55854855698237 39751652038
2 1 4 40 19 29 55854870976258 39718735993
2 1 0 40 19 24 55894607350275 39730780588
2 1 0 40 19 22 55934338130863 39730780588
2 1 3 40 19 42 55894589712251 39739604232
2 1 2 40 19 5 55934329316483 39739594956
2 1 1 40 19 19 55974068911451 19494012659
2 1 2 40 19 40 55993562924110 19494012659
2 1 3 40 19 22 56013056936769 19494012659
2 1 4 40 19 35 56032550949428 19494012659
2 1 3 40 19 3 56052044962087 49642320544
2 1 0 40 19 33 56052044962087 33094877544
2 1 4 40 19 39 56101687282631 49642320543
2 1 1 40 19 28 56085139839631 33094893063
2 1 2 40 19 20 56118234732694 33094877544
2 2 0 40 40 18 56151329610238 39727549725
2 2 3 40 40 25 56151329610238 39742827752
2 2 1 40 40 27 56191057159963 39751652038
2 2 4 40 40 29 56191072437990 39718735993
2 2 0 40 40 24 56230808812001 39730780588
2 2 0 40 40 22 56270539592589 39730780588
2 2 3 40 40 42 56230791173983 39739604232
2 2 2 40 40 5 56270530778215 39739594956
2 2 1 40 40 19 56310270373177 19494012659
2 2 2 40 40 40 56329764385836 19494012659
2 2 3 40 40 22 56349258398495 19494012659
2 2 4 40 40 35 56368752411154 19494012659
2 2 3 40 40 3 56388246423813 49642320544
2 2 0 40 40 33 56388246423813 33094877544
2 2 4 40 40 39 56437888744357 49642320543
2 2 1 40 40 28 56421341301357 33094893063
2 2 2 40 40 20 56454436194420 33094877544
2 3 0 40 22 18 56487531071964 39727549725
2 3 3 40 22 25 56487531071964 39742827752
2 3 1 40 22 27 56527258621689 39751652038
2 3 4 40 22 29 56527273899716 39718735993
2 3 0 40 22 24 56567010273727 39730780588
2 3 0 40 22 22 56606741054315 39730780588
2 3 3 40 22 42 56566992635709 39739604232
2 3 2 40 22 5 56606732239941 39739594956
2 3 1 40 22 19 56646471834903 19494012659
2 3 2 40 22 40 56665965847562 19494012659
2 3 3 40 22 22 56685459860221 19494012659
2 3 4 40 22 35 56704953872880 19494012659
2 3 3 40 22 3 56724447885539 49642320544
2 3 0 40 22 33 56724447885539 33094877544
2 3 4 40 22 39 56774090206083 49642320543
2 3 1 40 22 28 56757542763083 33094893063
2 3 2 40 22 20 56790637656146 33094877544
2 4 0 40 35 18 56823732533690 39727549725
2 4 3 40 35 25 56823732533690 39742827752
2 4 1 40 35 27 56863460083415 39751652038
2 4 4 40 35 29 56863475361442 39718735993
2 4 0 40 35 24 56903211735453 39730780588
2 4 0 40 35 22 56942942516041 39730780588
2 4 3 40 35 42 56903194097435 39739604232
2 4 2 40 35 5 56942933701667 39739594956
2 4 1 40 35 19 56982673296629 19494012659
2 4 2 40 35 40 57002167309288 19494012659
2 4 3 40 35 22 57021661321947 19494012659
2 4 4 40 35 35 57041155334606 19494012659
2 4 3 40 35 3 57060649347265 49642318505
2 4 0 40 35 33 57060649347265 33094878460
2 4 4 40 35 39 57110291665770 49642318505
2 4 1 40 35 28 57093744225725 33094893979
2 4 2 40 35 20 57126839119704 33094878460
2 3 0 40 3 18 57159933998164 101168107944
2 3 3 40 3 25 57159933998164 101206532508
2 3 1 40 3 27 57261102106108 101228725667
2 3 4 40 3 29 57261140530672 101145941000
2 3 0 40 3 24 57362330831775 101176233563
2 3 0 40 3 22 57463507065338 101176233563
2 3 3 40 3 42 57362286471672 101198425127
2 3 2 40 3 5 57463484896799 101198402087
2 3 1 40 3 19 57564683298901 49642318701
2 3 2 40 3 40 57614325617602 49642318701
2 3 3 40 3 22 57663967936303 49642318701
2 3 4 40 3 35 57713610255004 49642318701
2 3 3 40 3 3 57763252573705 126416245732
2 3 0 40 3 33 57763252573705 84277490156
2 3 4 40 3 39 57889668819437 126416245732
2 3 1 40 3 28 57847530063861 84277528701
2 3 2 40 3 20 57931807592562 84277490156
2 0 0 40 33 18 57159933998164 67445334382
2 0 3 40 33 25 57159933998164 67471089529
2 0 1 40 33 27 57227379332546 67485965150
2 0 4 40 33 29 57227405087693 67430476427
2 0 0 40 33 24 57294865297696 67450780827
2 0 0 40 33 22 57362316078523 67450780827
2 0 3 40 33 42 57294835564120 67465655374
2 0 2 40 33 5 57362301219494 67465639847
2 0 1 40 33 19 57429766859350 33094878372
2 0 2 40 33 40 57462861737722 33094878372
2 0 3 40 33 22 57495956616094 33094878372
2 0 4 40 33 35 57529051494466 33094878372
2 0 3 40 33 3 57562146372838 84277495258
2 0 0 40 33 33 57562146372838 56184992122
2 0 4 40 33 39 57646423868096 84277495258
2 0 1 40 33 28 57618331364960 56185018098
2 0 2 40 33 20 57674516383058 56184992122
2 4 0 40 39 18 58016085082718 101168107944
2 4 3 40 39 25 58016085082718 101206532508
2 4 1 40 39 27 58117253190662 101228725666
2 4 4 40 39 29 58117291615226 101145941000
2 4 0 40 39 24 58218481916328 101176233563
2 4 0 40 39 22 58319658149891 101176233563
2 4 3 40 39 42 58218437556226 101198425127
2 4 2 40 39 5 58319635981353 101198402087
2 4 1 40 39 19 58420834383454 49642318701
2 4 2 40 39 40 58470476702155 49642318701
2 4 3 40 39 22 58520119020856 49642318701
2 4 4 40 39 35 58569761339557 49642318701
2 4 3 40 39 3 58619403658258 126416240310
2 4 0 40 39 33 58619403658258 84277492592
2 4 4 40 39 39 58745819898568 126416240309
2 4 1 40 39 28 58703681150850 84277531138
2 4 2 40 39 20 58787958681988 84277492592
2 1 0 40 28 18 57730701375180 67445341717
2 1 3 40 28 25 57730701375180 67471096867
2 1 1 40 28 27 57798146716897 67485972490
2 1 4 40 28 29 57798172472047 67430483760
2 1 0 40 28 24 57865632689387 67450788163
2 1 0 40 28 22 57933083477550 67450788163
2 1 3 40 28 42 57865602955807 67465662711
2 1 2 40 28 5 57933068618518 67465647184
2 1 1 40 28 19 58000534265713 33094881972
2 1 2 40 28 40 58033629147685 33094881972
2 1 3 40 28 22 58066724029657 33094881972
2 1 4 40 28 35 58099818911629 33094881972
2 1 3 40 28 3 58132913793601 84277504424
2 1 0 40 28 33 58132913793601 56184998232
2 1 4 40 28 39 58217191298025 84277504424
2 1 1 40 28 28 58189098791833 56185024209
2 1 2 40 28 20 58245283816042 56184998232
2 2 0 40 20 18 58301468814274 67445334382
2 2 3 40 20 25 58301468814274 67471089529
2 2 1 40 20 27 58368914148656 67485965150
2 2 4 40 20 29 58368939903803 67430476427
2 2 0 40 20 24 58436400113806 67450780827
2 2 0 40 20 22 58503850894633 67450780827
2 2 3 40 20 42 58436370380230 67465655374
2 2 2 40 20 5 58503836035604 67465639847
2 2 1 40 20 19 58571301675460 33094878372
2 2 2 40 20 40 58604396553832 33094878372
2 2 3 40 20 22 58637491432204 33094878372
2 2 4 40 20 35 58670586310576 33094878372
2 2 3 40 20 3 58703681188948 84277491604
2 2 0 40 20 33 58703681188948 56184993764
2 2 4 40 20 39 58787958680552 84277491604
2 2 1 40 20 28 58759866182712 56185019740
2 2 2 40 20 20 58816051202452 56184993764
3 0 0 22 18 18 58872236196216 80970342877
3 0 3 22 18 25 58872236196216 81001187547
3 0 1 22 18 27 58953206539093 81019002763
3 0 4 22 18 29 58953237383763 80952548768
3 0 0 22 18 24 59034225541856 80976865591
3 0 0 22 18 22 59115202407447 80976865591
3 0 3 22 18 42 59034189932531 80994679517
3 0 2 22 18 5 59115184612048 80994660967
3 0 1 22 18 19 59196179273038 39731471860
3 0 2 22 18 40 59235910744898 39731471860
3 0 3 22 18 22 59275642216758 39731471860
3 0 4 22 18 35 59315373688618 39731471860
3 0 3 22 18 3 59355105160478 101177858783
3 0 0 22 18 33 59355105160478 67451900223
3 0 4 22 18 39 59456283019261 101177858783
3 0 1 22 18 28 59422557060701 67451931257
3 0 2 22 18 20 59490008991958 67451900223
3 3 0 22 25 18 58872236196216 80985487957
3 3 3 22 25 25 58872236196216 81016338320
3 3 1 22 25 27 58953221684173 81034156823
3 3 4 22 25 29 58953252534536 80967690564
3 3 0 22 25 24 59034255840996 80992011875
3 3 0 22 25 22 59115247852871 80992011875
3 3 3 22 25 42 59034220225100 81009829088
3 3 2 22 25 5 59115230054188 81009810535
3 3 1 22 25 19 59196239864746 39738903405
3 3 2 22 25 40 59235978768151 39738903405
3 3 3 22 25 22 59275717671556 39738903405
3 3 4 22 25 35 59315456574961 39738903405
3 3 3 22 25 3 59355195478366 101196783528
3 3 0 22 25 33 59355195478366 67464516716
3 3 4 22 25 39 59456392261894 101196783528
3 3 1 22 25 28 59422659995082 67464547755
3 3 2 22 25 20 59490124542837 67464516716
3 1 0 22 27 18 59557460892181 80993767839
3 1 3 22 27 25 59557460892181 81024621323
3 1 1 22 27 27 59638454660020 81042441618
3 1 4 22 27 29 59638485513504 80975968656
3 1 0 22 27 24 59719497101638 81000292420
3 1 0 22 27 22 59800497394058 81000292420
3 1 3 22 27 42 59719461482160 81018111430
3 1 2 22 27 5 59800479593590 81018092875
3 1 1 22 27 19 59881497686478 39742966266
3 1 2 22 27 40 59921240652744 39742966266
3 1 3 22 27 22 59960983619010 39742966266
3 1 4 22 27 35 60000726585276 39742966266
3 1 3 22 27 3 60040469551542 101207129774
3 1 0 22 27 33 60040469551542 67471414213
3 1 4 22 27 39 60141676681316 101207129774
3 1 1 22 27 28 60107940965755 67471445255
3 1 2 22 27 20 60175412411010 67471414213
3 4 0 22 29 18 59557589059553 80962067710
3 4 3 22 29 25 59557589059553 80992909280
3 4 1 22 29 27 59638551127263 81010722693
3 4 4 22 29 29 59638581968833 80944275401
3 4 0 22 29 24 59719561849956 80968589771
3 4 0 22 29 22 59800530439727 80968589771
3 4 3 22 29 42 59719526244234 80986401901
3 4 2 22 29 5 59800512646135 80986383353
3 4 1 22 29 19 59881499029498 39727411317
3 4 2 22 29 40 59921226440815 39727411317
3 4 3 22 29 22 59960953852132 39727411317
3 4 4 22 29 35 60000681263449 39727411317
3 4 3 22 29 3 60040408674766 101167518441
3 4 0 22 29 33 60040408674766 67445006662
3 4 4 22 29 39 60141576193207 101167518441
3 4 1 22 29 28 60107853681428 67445037693
3 4 2 22 29 20 60175298719121 67445006662
3 0 0 22 24 18 60242883825223 80972341267
3 0 3 22 24 25 60242883825223 81003186698
3 0 1 22 24 27 60323856166490 81021002341
3 0 4 22 24 29 60323887011921 80954546730
3 0 0 22 24 24 60404877168831 80978864144
3 0 0 22 24 22 60485856032975 80978864144
3 0 3 22 24 42 60404841558651 80996678504
3 0 2 22 24 5 60485838237155 80996659953
3 0 1 22 24 19 60566834897119 39732452453
3 0 2 22 24 40 60606567349572 39732452453
3 0 3 22 24 22 60646299802025 39732452453
3 0 4 22 24 35 60686032254478 39732452453
3 0 3 22 24 3 60725764706931 91096276160
3 0 0 22 24 33 60725764706931 72876921412
3 0 4 22 24 39 60816860983091 91096206864
3 0 1 22 24 28 60798641628343 72876988333
3 0 2 22 24 20 60871518616676 72876999487
3 0 0 22 22 18 60907957189955 91096206864
3 0 3 22 22 25 60944395616163 72876988333
3 0 1 22 22 27 60999053396819 91096276161
3 0 4 22 22 29 61017272604496 72876921412
3 0 0 22 22 24 61090149672980 80987728525
3 0 0 22 22 22 61171137401505 80987728525
3 0 3 22 22 42 61090149525908 80987812184
3 0 2 22 22 5 61171137338092 80987793643
3 0 1 22 22 19 61252125131735 39732452453
3 0 2 22 22 40 61291857584188 39732452453
3 0 3 22 22 22 61331590036641 39732452453
3 0 4 22 22 35 61371322489094 39732452453
3 0 3 22 22 3 61411054941547 101180355907
3 0 0 22 22 33 61411054941547 67453564969
3 0 4 22 22 39 61512235297454 101180355907
3 0 1 22 22 28 61478508506516 67453596004
3 0 2 22 22 20 61545962102520 67453564969
3 3 0 22 42 18 60242743725783 80983493301
3 3 3 22 42 25 60242743725783 81014342923
3 3 1 22 42 27 60323727219084 81032160988
3 3 4 22 42 29 60323758068706 80965696346
3 3 0 22 42 24 60404759380072 80990017065
3 3 0 22 42 22 60485749397137 80990017065
3 3 3 22 42 42 60404723765052 81007833845
3 3 2 22 42 5 60485731598897 81007815292
3 3 1 22 42 19 60566739414202 39737924649
3 3 2 22 42 40 60606477338851 39737924649
3 3 3 22 42 22 60646215263500 39737924649
3 3 4 22 42 35 60685953188149 39737924649
3 3 3 22 42 3 60725691112798 101194291084
3 3 0 22 42 33 60725691112798 67462855087
3 3 4 22 42 39 60826885403882 101194291084
3 3 1 22 42 28 60793153967885 67462886125
3 3 2 22 42 20 60860616854010 67462855087
3 2 0 22 5 18 60928079709097 80983488918
3 2 3 22 5 25 60928079709097 81014338539
3 2 1 22 5 27 61009063198015 81032156602
3 2 4 22 5 29 61009094047636 80965691963
3 2 0 22 5 24 61090095354617 80990012681
3 2 0 22 5 22 61171085367298 80990012681
3 2 3 22 5 42 61090059739599 81007829461
3 2 2 22 5 5 61171067569060 81007810908
3 2 1 22 5 19 61252075379979 39737922498
3 2 2 22 5 40 61291813302477 39737922498
3 2 3 22 5 22 61331551224975 39737922498
3 2 4 22 5 35 61371289147473 39737922498
3 2 3 22 5 3 61411027069971 101194285607
3 2 0 22 5 33 61411027069971 67462851435
3 2 4 22 5 39 61512221355578 101194285607
3 2 1 22 5 28 61478489921406 67462882474
3 2 2 22 5 20 61545952803880 67462851435
3 1 0 22 19 18 61613415667489 39727549728
3 1 3 22 19 25 61613415667489 39742827749
3 1 1 22 19 27 61653143217217 39751652038
3 1 4 22 19 29 61653158495238 39718735993
3 1 0 22 19 24 61692894869255 39730780588
3 1 0 22 19 22 61732625649843 39730780588
3 1 3 22 19 42 61692877231231 39739604232
3 1 2 22 19 5 61732616835463 39739594956
3 1 1 22 19 19 61772356430431 19494012659
3 1 2 22 19 40 61791850443090 19494012659
3 1 3 22 19 22 61811344455749 19494012659
3 1 4 22 19 35 61830838468408 19494012659
3 1 3 22 19 3 61850332481067 49642320544
3 1 0 22 19 33 61850332481067 33094877544
3 1 4 22 19 39 61899974801611 49642320543
3 1 1 22 19 28 61883427358611 33094893063
3 1 2 22 19 20 61916522251674 33094877544
3 2 0 22 40 18 61949617129218 39727549725
3 2 3 22 40 25 61949617129218 39742827752
3 2 1 22 40 27 61989344678943 39751652038
3 2 4 22 40 29 61989359956970 39718735993
3 2 0 22 40 24 62029096330981 39730780588
3 2 0 22 40 22 62068827111569 39730780588
3 2 3 22 40 42 62029078692963 39739604232
3 2 2 22 40 5 62068818297195 39739594956
3 2 1 22 40 19 62108557892157 19494012659
3 2 2 22 40 40 62128051904816 19494012659
3 2 3 22 40 22 62147545917475 19494012659
3 2 4 22 40 35 62167039930134 19494012659
3 2 3 22 40 3 62186533942793 49642320544
3 2 0 22 40 33 62186533942793 33094877544
3 2 4 22 40 39 62236176263337 49642320544
3 2 1 22 40 28 62219628820337 33094893063
3 2 2 22 40 20 62252723713400 33094877544
3 3 0 22 22 18 62285818590944 39727549725
3 3 3 22 22 25 62285818590944 39742827752
3 3 1 22 22 27 62325546140669 39751652038
3 3 4 22 22 29 62325561418696 39718735993
3 3 0 22 22 24 62365297792707 39730780588
3 3 0 22 22 22 62405028573295 39730780588
3 3 3 22 22 42 62365280154689 39739604232
3 3 2 22 22 5 62405019758921 39739594956
3 3 1 22 22 19 62444759353883 19494012659
3 3 2 22 22 40 62464253366542 19494012659
3 3 3 22 22 22 62483747379201 19494012659
3 3 4 22 22 35 62503241391860 19494012659
3 3 3 22 22 3 62522735404519 49642320544
3 3 0 22 22 33 62522735404519 33094877544
3 3 4 22 22 39 62572377725063 49642320543
3 3 1 22 22 28 62555830282063 33094893063
3 3 2 22 22 20 62588925175126 33094877544
3 4 0 22 35 18 62622020052670 39727549725
3 4 3 22 35 25 62622020052670 39742827752
3 4 1 22 35 27 62661747602395 39751652038
3 4 4 22 35 29 62661762880422 39718735993
3 4 0 22 35 24 62701499254433 39730780588
3 4 0 22 35 22 62741230035021 39730780588
3 4 3 22 35 42 62701481616415 39739604232
3 4 2 22 35 5 62741221220647 39739594956
3 4 1 22 35 19 62780960815609 19494012659
3 4 2 22 35 40 62800454828268 19494012659
3 4 3 22 35 22 62819948840927 19494012659
3 4 4 22 35 35 62839442853586 19494012659
3 4 3 22 35 3 62858936866245 49642318505
3 4 0 22 35 33 62858936866245 33094878460
3 4 4 22 35 39 62908579184750 49642318505
3 4 1 22 35 28 62892031744705 33094893979
3 4 2 22 35 20 62925126638684 33094878460
3 3 0 22 3 18 62958221517144 101168107944
3 3 3 22 3 25 62958221517144 101206532508
3 3 1 22 3 27 63059389625088 101228725667
3 3 4 22 3 29 63059428049652 101145941000
3 3 0 22 3 24 63160618350755 101176233563
3 3 0 22 3 22 63261794584318 101176233563
3 3 3 22 3 42 63160573990652 101198425127
3 3 2 22 3 5 63261772415779 101198402087
3 3 1 22 3 19 63362970817881 49642318701
3 3 2 22 3 40 63412613136582 49642318701
3 3 3 22 3 22 63462255455283 49642318701
3 3 4 22 3 35 63511897773984 49642318701
3 3 3 22 3 3 63561540092685 126416245732
3 3 0 22 3 33 63561540092685 84277490156
3 3 4 22 3 39 63687956338417 126416245732
3 3 1 22 3 28 63645817582841 84277528701
3 3 2 22 3 20 63730095111542 84277490156
3 0 0 22 33 18 62958221517144 67445334382
3 0 3 22 33 25 62958221517144 67471089529
3 0 1 22 33 27 63025666851526 67485965150
3 0 4 22 33 29 63025692606673 67430476427
3 0 0 22 33 24 63093152816676 67450780827
3 0 0 22 33 22 63160603597503 67450780827
3 0 3 22 33 42 63093123083100 67465655374
3 0 2 22 33 5 63160588738474 67465639847
3 0 1 22 33 19 63228054378330 33094878372
3 0 2 22 33 40 63261149256702 33094878372
3 0 3 22 33 22 63294244135074 33094878372
3 0 4 22 33 35 63327339013446 33094878372
3 0 3 22 33 3 63360433891818 84277495258
3 0 0 22 33 33 63360433891818 56184992122
3 0 4 22 33 39 63444711387076 84277495258
3 0 1 22 33 28 63416618883940 56185018098
3 0 2 22 33 20 63472803902038 56184992122
3 4 0 22 39 18 63814372601698 101168107944
3 4 3 22 39 25 63814372601698 101206532508
3 4 1 22 39 27 63915540709642 101228725666
3 4 4 22 39 29 63915579134206 101145941000
3 4 0 22 39 24 64016769435308 101176233563
3 4 0 22 39 22 64117945668871 101176233563
3 4 3 22 39 42 64016725075206 101198425127
3 4 2 22 39 5 64117923500333 101198402087
3 4 1 22 39 19 64219121902434 49642318701
3 4 2 22 39 40 64268764221135 49642318701
3 4 3 22 39 22 64318406539836 49642318701
3 4 4 22 39 35 64368048858537 49642318701
3 4 3 22 39 3 64417691177238 126416240310
3 4 0 22 39 33 64417691177238 84277492592
3 4 4 22 39 39 64544107417548 126416240309
3 4 1 22 39 28 64501968669830 84277531138
3 4 2 22 39 20 64586246200968 84277492592
3 1 0 22 28 18 63528988894160 67445341717
3 1 3 22 28 25 63528988894160 67471096867
3 1 1 22 28 27 63596434235877 67485972490
3 1 4 22 28 29 63596459991027 67430483760
3 1 0 22 28 24 63663920208367 67450788163
3 1 0 22 28 22 63731370996530 67450788163
3 1 3 22 28 42 63663890474787 67465662711
3 1 2 22 28 5 63731356137498 67465647184
3 1 1 22 28 19 63798821784693 33094881972
3 1 2 22 28 40 63831916666665 33094881972
3 1 3 22 28 22 63865011548637 33094881972
3 1 4 22 28 35 63898106430609 33094881972
3 1 3 22 28 3 63931201312581 84277504424
3 1 0 22 28 33 63931201312581 56184998232
3 1 4 22 28 39 64015478817005 84277504424
3 1 1 22 28 28 63987386310813 56185024209
3 1 2 22 28 20 64043571335022 56184998232
3 2 0 22 20 18 64099756333254 67445334382
3 2 3 22 20 25 64099756333254 67471089529
3 2 1 22 20 27 64167201667636 67485965150
3 2 4 22 20 29 64167227422783 67430476427
3 2 0 22 20 24 64234687632786 67450780827
3 2 0 22 20 22 64302138413613 67450780827
3 2 3 22 20 42 64234657899210 67465655374
3 2 2 22 20 5 64302123554584 67465639847
3 2 1 22 20 19 64369589194440 33094878372
3 2 2 22 20 40 64402684072812 33094878372
3 2 3 22 20 22 64435778951184 33094878372
3 2 4 22 20 35 64468873829556 33094878372
3 2 3 22 20 3 64501968707928 84277491604
3 2 0 22 20 33 64501968707928 56184993764
3 2 4 22 20 39 64586246199532 84277491604
3 2 1 22 20 28 64558153701692 56185019740
3 2 2 22 20 20 64614338721432 56184993764
4 0 0 35 18 18 64670523715196 80970342877
4 0 3 35 18 25 64670523715196 81001187547
4 0 1 35 18 27 64751494058073 81019002763
4 0 4 35 18 29 64751524902743 80952548768
4 0 0 35 18 24 64832513060836 80976865591
4 0 0 35 18 22 64913489926427 80976865591
4 0 3 35 18 42 64832477451511 80994679517
4 0 2 35 18 5 64913472131028 80994660967
4 0 1 35 18 19 64994466792018 39731471860
4 0 2 35 18 40 65034198263878 39731471860
4 0 3 35 18 22 65073929735738 39731471860
4 0 4 35 18 35 65113661207598 39731471860
4 0 3 35 18 3 65153392679458 101177858783
4 0 0 35 18 33 65153392679458 67451900223
4 0 4 35 18 39 65254570538241 101177858783
4 0 1 35 18 28 65220844579681 67451931257
4 0 2 35 18 20 65288296510938 67451900223
4 3 0 35 25 18 64670523715196 80985487957
4 3 3 35 25 25 64670523715196 81016338320
4 3 1 35 25 27 64751509203153 81034156823
4 3 4 35 25 29 64751540053516 80967690564
4 3 0 35 25 24 64832543359976 80992011875
4 3 0 35 25 22 64913535371851 80992011875
4 3 3 35 25 42 64832507744080 81009829088
4 3 2 35 25 5 64913517573168 81009810535
4 3 1 35 25 19 64994527383726 39738903405
4 3 2 35 25 40 65034266287131 39738903405
4 3 3 35 25 22 65074005190536 39738903405
4 3 4 35 25 35 65113744093941 39738903405
4 3 3 35 25 3 65153482997346 101196783528
4 3 0 35 25 33 65153482997346 67464516716
4 3 4 35 25 39 65254679780874 101196783528
4 3 1 35 25 28 65220947514062 67464547755
4 3 2 35 25 20 65288412061817 67464516716
4 1 0 35 27 18 65355748411161 80993767839
4 1 3 35 27 25 65355748411161 81024621323
4 1 1 35 27 27 65436742179000 81042441618
4 1 4 35 27 29 65436773032484 80975968656
4 1 0 35 27 24 65517784620618 81000292420
4 1 0 35 27 22 65598784913038 81000292420
4 1 3 35 27 42 65517749001140 81018111430
4 1 2 35 27 5 65598767112570 81018092875
4 1 1 35 27 19 65679785205458 39742966266
4 1 2 35 27 40 65719528171724 39742966266
4 1 3 35 27 22 65759271137990 39742966266
4 1 4 35 27 35 65799014104256 39742966266
4 1 3 35 27 3 65838757070522 101207129774
4 1 0 35 27 33 65838757070522 67471414213
4 1 4 35 27 39 65939964200296 101207129774
4 1 1 35 27 28 65906228484735 67471445255
4 1 2 35 27 20 65973699929990 67471414213
4 4 0 35 29 18 65355876578533 80962067710
4 4 3 35 29 25 65355876578533 80992909280
4 4 1 35 29 27 65436838646243 81010722693
4 4 4 35 29 29 65436869487813 80944275401
4 4 0 35 29 24 65517849368936 80968589771
4 4 0 35 29 22 65598817958707 80968589771
4 4 3 35 29 42 65517813763214 80986401901
4 4 2 35 29 5 65598800165115 80986383353
4 4 1 35 29 19 65679786548478 39727411317
4 4 2 35 29 40 65719513959795 39727411317
4 4 3 35 29 22 65759241371112 39727411317
4 4 4 35 29 35 65798968782429 39727411317
4 4 3 35 29 3 65838696193746 101167518441
4 4 0 35 29 33 65838696193746 67445006662
4 4 4 35 29 39 65939863712187 101167518441
4 4 1 35 29 28 65906141200408 67445037693
4 4 2 35 29 20 65973586238101 67445006662
4 0 0 35 24 18 66041171344203 80972341267
4 0 3 35 24 25 66041171344203 81003186698
4 0 1 35 24 27 66122143685470 81021002341
4 0 4 35 24 29 66122174530901 80954546730
4 0 0 35 24 24 66203164687811 80978864144
4 0 0 35 24 22 66284143551955 80978864144
4 0 3 35 24 42 66203129077631 80996678504
4 0 2 35 24 5 66284125756135 80996659953
4 0 1 35 24 19 66365122416099 39732452453
4 0 2 35 24 40 66404854868552 39732452453
4 0 3 35 24 22 66444587321005 39732452453
4 0 4 35 24 35 66484319773458 39732452453
4 0 3 35 24 3 66524052225911 91096276160
4 0 0 35 24 33 66524052225911 72876921412
4 0 4 35 24 39 66615148502071 91096206864
4 0 1 35 24 28 66596929147323 72876988333
4 0 2 35 24 20 66669806135656 72876999487
4 0 0 35 22 18 66706244708935 91096206864
4 0 3 35 22 25 66742683135143 72876988333
4 0 1 35 22 27 66797340915799 91096276161
4 0 4 35 22 29 66815560123476 72876921411
4 0 0 35 22 24 66888437191960 80987728525
4 0 0 35 22 22 66969424920485 80987728525
4 0 3 35 22 42 66888437044887 80987812184
4 0 2 35 22 5 66969424857071 80987793643
4 0 1 35 22 19 67050412650714 39732452453
4 0 2 35 22 40 67090145103167 39732452453
4 0 3 35 22 22 67129877555620 39732452453
4 0 4 35 22 35 67169610008073 39732452453
4 0 3 35 22 3 67209342460526 101180355907
4 0 0 35 22 33 67209342460526 67453564969
4 0 4 35 22 39 67310522816433 101180355907
4 0 1 35 22 28 67276796025495 67453596004
4 0 2 35 22 20 67344249621499 67453564969
4 3 0 35 42 18 66041031244763 80983493301
4 3 3 35 42 25 66041031244763 81014342923
4 3 1 35 42 27 66122014738064 81032160988
4 3 4 35 42 29 66122045587686 80965696346
4 3 0 35 42 24 66203046899052 80990017065
4 3 0 35 42 22 66284036916117 80990017065
4 3 3 35 42 42 66203011284032 81007833845
4 3 2 35 42 5 66284019117877 81007815292
4 3 1 35 42 19 66365026933182 39737924649
4 3 2 35 42 40 66404764857831 39737924649
4 3 3 35 42 22 66444502782480 39737924649
4 3 4 35 42 35 66484240707129 39737924649
4 3 3 35 42 3 66523978631778 101194291084
4 3 0 35 42 33 66523978631778 67462855087
4 3 4 35 42 39 66625172922862 101194291084
4 3 1 35 42 28 66591441486865 67462886125
4 3 2 35 42 20 66658904372990 67462855087
4 2 0 35 5 18 66726367228077 80983488918
4 2 3 35 5 25 66726367228077 81014338539
4 2 1 35 5 27 66807350716995 81032156602
4 2 4 35 5 29 66807381566616 80965691963
4 2 0 35 5 24 66888382873597 80990012681
4 2 0 35 5 22 66969372886278 80990012681
4 2 3 35 5 42 66888347258579 81007829461
4 2 2 35 5 5 66969355088040 81007810908
4 2 1 35 5 19 67050362898959 39737922498
4 2 2 35 5 40 67090100821457 39737922498
4 2 3 35 5 22 67129838743955 39737922498
4 2 4 35 5 35 67169576666453 39737922498
4 2 3 35 5 3 67209314588951 101194285607
4 2 0 35 5 33 67209314588951 67462851435
4 2 4 35 5 39 67310508874558 101194285607
4 2 1 35 5 28 67276777440386 67462882474
4 2 2 35 5 20 67344240322860 67462851435
4 1 0 35 19 18 67411703186468 39727549728
4 1 3 35 19 25 67411703186468 39742827749
4 1 1 35 19 27 67451430736196 39751652038
4 1 4 35 19 29 67451446014217 39718735993
4 1 0 35 19 24 67491182388234 39730780588
4 1 0 35 19 22 67530913168822 39730780588
4 1 3 35 19 42 67491164750210 39739604232
4 1 2 35 19 5 67530904354442 39739594956
4 1 1 35 19 19 67570643949410 19494012659
4 1 2 35 19 40 67590137962069 19494012659
4 1 3 35 19 22 67609631974728 19494012659
4 1 4 35 19 35 67629125987387 19494012659
4 1 3 35 19 3 67648620000046 49642320544
4 1 0 35 19 33 67648620000046 33094877544
4 1 4 35 19 39 67698262320590 49642320543
4 1 1 35 19 28 67681714877590 33094893063
4 1 2 35 19 20 67714809770653 33094877544
4 2 0 35 40 18 67747904648197 39727549725
4 2 3 35 40 25 67747904648197 39742827752
4 2 1 35 40 27 67787632197922 39751652038
4 2 4 35 40 29 67787647475949 39718735993
4 2 0 35 40 24 67827383849960 39730780588
4 2 0 35 40 22 67867114630548 39730780588
4 2 3 35 40 42 67827366211942 39739604232
4 2 2 35 40 5 67867105816174 39739594956
4 2 1 35 40 19 67906845411136 19494012659
4 2 2 35 40 40 67926339423795 19494012659
4 2 3 35 40 22 67945833436454 19494012659
4 2 4 35 40 35 67965327449113 19494012659
4 2 3 35 40 3 67984821461772 49642320543
4 2 0 35 40 33 67984821461772 33094877544
4 2 4 35 40 39 68034463782315 49642320544
4 2 1 35 40 28 68017916339316 33094893063
4 2 2 35 40 20 68051011232379 33094877544
4 3 0 35 22 18 68084106109923 39727549725
4 3 3 35 22 25 68084106109923 39742827752
4 3 1 35 22 27 68123833659648 39751652038
4 3 4 35 22 29 68123848937675 39718735993
4 3 0 35 22 24 68163585311686 39730780588
4 3 0 35 22 22 68203316092274 39730780588
4 3 3 35 22 42 68163567673668 39739604232
4 3 2 35 22 5 68203307277900 39739594956
4 3 1 35 22 19 68243046872862 19494012659
4 3 2 35 22 40 68262540885521 19494012659
4 3 3 35 22 22 68282034898180 19494012659
4 3 4 35 22 35 68301528910839 19494012659
4 3 3 35 22 3 68321022923498 49642320544
4 3 0 35 22 33 68321022923498 33094877544
4 3 4 35 22 39 68370665244042 49642320543
4 3 1 35 22 28 68354117801042 33094893063
4 3 2 35 22 20 68387212694105 33094877544
4 4 0 35 35 18 68420307571649 39727549725
4 4 3 35 35 25 68420307571649 39742827752
4 4 1 35 35 27 68460035121374 39751652038
4 4 4 35 35 29 68460050399401 39718735993
4 4 0 35 35 24 68499786773412 39730780588
4 4 0 35 35 22 68539517554000 39730780588
4 4 3 35 35 42 68499769135394 39739604232
4 4 2 35 35 5 68539508739626 39739594956
4 4 1 35 35 19 68579248334588 19494012659
4 4 2 35 35 40 68598742347247 19494012659
4 4 3 35 35 22 68618236359906 19494012659
4 4 4 35 35 35 68637730372565 19494012659
4 4 3 35 35 3 68657224385224 49642318505
4 4 0 35 35 33 68657224385224 33094878460
4 4 4 35 35 39 68706866703729 49642318505
4 4 1 35 35 28 68690319263684 33094893979
4 4 2 35 35 20 68723414157663 33094878460
4 3 0 35 3 18 68756509036123 101168106978
4 3 3 35 3 25 68756509036123 101206531541
4 3 1 35 3 27 68857677143101 101228724700
4 3 4 35 3 29 68857715567664 101145940034
4 3 0 35 3 24 68958905867801 101176232597
4 3 0 35 3 22 69060082100398 101176232597
4 3 3 35 3 42 68958861507698 101198424160
4 3 2 35 3 5 69060059931858 101198401120
4 3 1 35 3 19 69161258332995 49642318226
4 3 2 35 3 40 69210900651221 49642318226
4 3 3 35 3 22 69260542969447 49642318226
4 3 4 35 3 35 69310185287673 49642318226
4 3 3 35 3 3 69359827605899 126416244525
4 3 0 35 3 33 69359827605899 84277489351
4 3 4 35 3 39 69486243850424 126416244525
4 3 1 35 3 28 69444105095250 84277527896
4 3 2 35 3 20 69528382623146 84277489351
4 0 0 35 33 18 68756509036123 67445334816
4 0 3 35 33 25 68756509036123 67471089963
4 0 1 35 33 27 68823954370939 67485965585
4 0 4 35 33 29 68823980126086 67430476861
4 0 0 35 33 24 68891440336524 67450781261
4 0 0 35 33 22 68958891117785 67450781261
4 0 3 35 33 42 68891410602947 67465655808
4 0 2 35 33 5 68958876258755 67465640282
4 0 1 35 33 19 69026341899046 33094878585
4 0 2 35 33 40 69059436777631 33094878585
4 0 3 35 33 22 69092531656216 33094878585
4 0 4 35 33 35 69125626534801 33094878585
4 0 3 35 33 3 69158721413386 84277495801
4 0 0 35 33 33 69158721413386 56184992484
4 0 4 35 33 39 69242998909187 84277495801
4 0 1 35 33 28 69214906405870 56185018460
4 0 2 35 33 20 69271091424330 56184992484
4 4 0 35 39 18 69612660112497 101168106978
4 4 3 35 39 25 69612660112497 101206531542
4 4 1 35 39 27 69713828219475 101228724700
4 4 4 35 39 29 69713866644039 101145940034
4 4 0 35 39 24 69815056944175 101176232597
4 4 0 35 39 22 69916233176772 101176232597
4 4 3 35 39 42 69815012584073 101198424160
4 4 2 35 39 5 69916211008233 101198401120
4 4 1 35 39 19 70017409409369 49642318226
4 4 2 35 39 40 70067051727595 49642318226
4 4 3 35 39 22 70116694045821 49642318226
4 4 4 35 39 35 70166336364047 49642318226
4 4 3 35 39 3 70215978682273 126416228710
4 4 0 35 39 33 70215978682273 84277496456
4 4 4 35 39 39 70342394910983 126416228710
4 4 1 35 39 28 70300256178729 84277535001
4 4 2 35 39 20 70384533713730 84277496456
4 1 0 35 28 18 69327276416814 67445342151
4 1 3 35 28 25 69327276416814 67471097301
4 1 1 35 28 27 69394721758965 67485972924
4 1 4 35 28 29 69394747514115 67430484194
4 1 0 35 28 24 69462207731889 67450788597
4 1 0 35 28 22 69529658520486 67450788597
4 1 3 35 28 42 69462177998309 67465663145
4 1 2 35 28 5 69529643661454 67465647619
4 1 1 35 28 19 69597109309083 33094882185
4 1 2 35 28 40 69630204191268 33094882185
4 1 3 35 28 22 69663299073453 33094882185
4 1 4 35 28 35 69696393955638 33094882185
4 1 3 35 28 3 69729488837823 84277504966
4 1 0 35 28 33 69729488837823 56184998594
4 1 4 35 28 39 69813766342789 84277504966
4 1 1 35 28 28 69785673836417 56185024570
4 1 2 35 28 20 69841858860987 56184998594
4 2 0 35 20 18 69898043859581 67445334816
4 2 3 35 20 25 69898043859581 67471089963
4 2 1 35 20 27 69965489194397 67485965585
4 2 4 35 20 29 69965514949544 67430476861
4 2 0 35 20 24 70032975159982 67450781261
4 2 0 35 20 22 70100425941243 67450781261
4 2 3 35 20 42 70032945426405 67465655808
4 2 2 35 20 5 70100411082213 67465640282
4 2 1 35 20 19 70167876722504 33094878585
4 2 2 35 20 40 70200971601089 33094878585
4 2 3 35 20 22 70234066479674 33094878585
4 2 4 35 20 35 70267161358259 33094878585
4 2 3 35 20 3 70300256236844 84277485462
4 2 0 35 20 33 70300256236844 56184997128
4 2 4 35 20 39 70384533722306 84277485462
4 2 1 35 20 28 70356441233972 56185023105
4 2 2 35 20 20 70412626257077 56184997128
3 0 0 3 18 18 70468811254205 206195086242
3 0 3 3 18 25 70468811254205 206272661332
3 0 1 3 18 27 70675006340447 206317466811
3 0 4 3 18 29 70675083915537 206150333189
3 0 0 3 18 24 70881323807258 206211490886
3 0 0 3 18 22 71087535298144 206211490886
3 0 3 3 18 42 70881234248726 206256293160
3 0 2 3 18 5 71087490541886 206256247085
3 0 1 3 18 19 71293746789030 101177970447
3 0 2 3 18 40 71394924759477 101177970447
3 0 3 3 18 22 71496102729924 101177970447
3 0 4 3 18 35 71597280700371 101177970447
3 0 3 3 18 3 71698458670818 257653943213
3 0 0 3 18 33 71698458670818 171769281486
3 0 4 3 18 39 71956112614031 257653943213
3 0 1 3 18 28 71870227952304 171769358570
3 0 2 3 18 20 72041997310874 171769281486
3 3 0 3 25 18 70468811254205 206233181035
3 3 3 3 25 25 70468811254205 206310770266
3 3 1 3 25 27 70675044435240 206355583912
3 3 4 3 25 29 70675122024471 206188419824
3 3 0 3 25 24 70881400019152 206249588669
3 3 0 3 25 22 71087649607821 206249588669
3 3 3 3 25 42 70881310444295 206294399110
3 3 2 3 25 5 71087604843405 206294353026
3 3 1 3 25 19 71293899196490 101196663153
3 3 2 3 25 40 71395095859643 101196663153
3 3 3 3 25 22 71496292522796 101196663153
3 3 4 3 25 35 71597489185949 101196663153
3 3 3 3 25 3 71698685849102 257701544979
3 3 0 3 25 33 71698685849102 171801015987
3 3 4 3 25 39 71956387394081 257701544979
3 3 1 3 25 28 71870486865089 171801093085
3 3 2 3 25 20 72042287958174 171801015987
3 1 0 3 27 18 72213766592360 206253993454
3 1 3 3 27 25 72213766592360 206331590435
3 1 1 3 27 27 72420020585814 206376408529
3 1 4 3 27 29 72420098182795 206209227800
3 1 0 3 27 24 72626396994343 206270402734
3 1 0 3 27 22 72832667397077 206270402734
3 1 3 3 27 42 72626307410595 206315217637
3 1 2 3 27 5 72832622628232 206315171549
3 1 1 3 27 19 73038937799811 101206875590
3 1 2 3 27 40 73140144675401 101206875590
3 1 3 3 27 22 73241351550991 101206875590
3 1 4 3 27 35 73342558426581 101206875590
3 1 3 3 27 3 73443765302171 257727551377
3 1 0 3 27 33 73443765302171 171818353584
3 1 4 3 27 39 73701492853548 257727551377
3 1 1 3 27 28 73615583655755 171818430690
3 1 2 3 27 20 73787402086445 171818353584
3 4 0 3 29 18 72214088974161 206174285526
3 4 3 3 29 25 72214088974161 206251852920
3 4 1 3 29 27 72420263259687 206296653924
3 4 4 3 29 29 72420340827081 206129536942
3 4 0 3 29 24 72626559913611 206190688549
3 4 0 3 29 22 72832750602160 206190688549
3 4 3 3 29 42 72626470364023 206235486365
3 4 2 3 29 5 72832705850388 206235440294
3 4 1 3 29 19 73038941290709 101167763765
3 4 2 3 29 40 73140109054474 101167763765
3 4 3 3 29 22 73241276818239 101167763765
3 4 4 3 29 35 73342444582004 101167763765
3 4 3 3 29 3 73443612345769 257627951470
3 4 0 3 29 33 73443612345769 171751953658
3 4 4 3 29 39 73701240297239 257627951470
3 4 1 3 29 28 73615364299427 171752030734
3 4 2 3 29 20 73787116330161 171751953658
3 0 0 3 24 18 73959220440029 206200075042
3 0 3 3 24 25 73959220440029 206277652009
3 0 1 3 24 27 74165420515071 206322458542
3 0 4 3 24 29 74165498092038 206155320935
3 0 0 3 24 24 74371742973613 206216480089
3 0 0 3 24 22 74577959453702 206216480089
3 0 3 3 24 42 74371653412973 206261283434
3 0 2 3 24 5 74577914696407 206261237357
3 0 1 3 24 19 74784175933791 101180418403
3 0 2 3 24 40 74885356352194 101180418403
3 0 3 3 24 22 74986536770597 101180418403
3 0 4 3 24 35 75087717189000 101180418403
3 0 3 3 24 3 75188897607403 231980625337
3 0 0 3 24 33 75188897607403 185584253086
3 0 4 3 24 39 75420878232740 231980453215
3 0 1 3 24 28 75374481860489 185584419309
3 0 2 3 24 20 75560066279798 185584447013
3 0 0 3 22 18 75652858685955 231980453216
3 0 3 3 22 25 75745650726811 185584419309
3 0 1 3 22 27 75884839139171 231980625340
3 0 4 3 22 29 75931235146120 185584253084
3 0 0 3 22 24 76116819764511 206238775454
3 0 0 3 22 22 76323058539965 206238775454
3 0 3 3 22 42 76116819399204 206238983252
3 0 2 3 22 5 76323058382456 206238937201
3 0 1 3 22 19 76529297319657 101180418403
3 0 2 3 22 40 76630477738060 101180418403
3 0 3 3 22 22 76731658156463 101180418403
3 0 4 3 22 35 76832838574866 101180418403
3 0 3 3 22 3 76934018993269 257660177043
3 0 0 3 22 33 76934018993269 171773437365
3 0 4 3 22 39 77191679170312 257660177043
3 0 1 3 22 28 77105792430634 171773514451
3 0 2 3 22 20 77277565945085 171773437365
3 3 0 3 42 18 73958868283819 206228201517
3 3 3 3 42 25 73958868283819 206305788924
3 3 1 3 42 27 74165096485336 206350601488
3 3 4 3 42 29 74165174072743 206183441387
3 3 0 3 42 24 74371447086824 206244608772
3 3 0 3 42 22 74577691695596 206244608772
3 3 3 3 42 42 74371357514130 206289418146
3 3 2 3 42 5 74577646932276 206289372064
3 3 1 3 42 19 74783936304368 101194219763
3 3 2 3 42 40 74885130524131 101194219763
3 3 3 3 42 22 74986324743894 101194219763
3 3 4 3 42 35 75087518963657 101194219763
3 3 3 3 42 3 75188713183420 257695322784
3 3 0 3 42 33 75188713183420 171796867857
3 3 4 3 42 39 75446408506204 257695322784
3 3 1 3 42 28 75360510051277 171796944953
3 3 2 3 42 20 75532306996230 171796867857
3 2 0 3 5 18 75704103864087 206228190630
3 2 3 3 5 25 75704103864087 206305778033
3 2 1 3 5 27 75910332054717 206350590594
3 2 4 3 5 29 75910409642120 206183430502
3 2 0 3 5 24 76116682645311 206244597884
3 2 0 3 5 22 76322927243195 206244597884
3 2 3 3 5 42 76116593072622 206289407256
3 2 2 3 5 5 76322882479878 206289361174
3 2 1 3 5 19 76529171841079 101194214421
3 2 2 3 5 40 76630366055500 101194214421
3 2 3 3 5 22 76731560269921 101194214421
3 2 4 3 5 35 76832754484342 101194214421
3 2 3 3 5 3 76933948698763 257695309180
3 2 0 3 5 33 76933948698763 171796858788
3 2 4 3 5 39 77191644007943 257695309180
3 2 1 3 5 28 77105745557551 171796935884
3 2 2 3 5 20 77277542493435 171796858788
3 1 0 3 19 18 77449339382450 101168107272
3 1 3 3 19 25 77449339382450 101206531823
3 1 1 3 19 27 77550507489722 101228724989
3 1 4 3 19 29 77550545914273 101145940321
3 1 0 3 19 24 77651736214711 101176232884
3 1 0 3 19 22 77752912447595 101176232884
3 1 3 3 19 42 77651691854594 101198424448
3 1 2 3 19 5 77752890279042 101198401408
3 1 1 3 19 19 77854088680479 49642318368
3 1 2 3 19 40 77903730998847 49642318368
3 1 3 3 19 22 77953373317215 49642318368
3 1 4 3 19 35 78003015635583 49642318368
3 1 3 3 19 3 78052657953951 126416244884
3 1 0 3 19 33 78052657953951 84277489590
3 1 4 3 19 39 78179074198835 126416244884
3 1 1 3 19 28 78136935443541 84277528136
3 1 2 3 19 20 78221212971677 84277489590
3 2 0 3 40 18 78305490461267 101168107265
3 2 3 3 40 25 78305490461267 101206531829
3 2 1 3 40 27 78406658568532 101228724987
3 2 4 3 40 29 78406696993096 101145940322
3 2 0 3 40 24 78507887293519 101176232884
3 2 0 3 40 22 78609063526403 101176232884
3 2 3 3 40 42 78507842933418 101198424448
3 2 2 3 40 5 78609041357866 101198401408
3 2 1 3 40 19 78710239759287 49642318368
3 2 2 3 40 40 78759882077655 49642318368
3 2 3 3 40 22 78809524396023 49642318368
3 2 4 3 40 35 78859166714391 49642318368
3 2 3 3 40 3 78908809032759 126416244884
3 2 0 3 40 33 78908809032759 84277489590
3 2 4 3 40 39 79035225277643 126416244884
3 2 1 3 40 28 78993086522349 84277528136
3 2 2 3 40 20 79077364050485 84277489590
3 3 0 3 22 18 79161641540075 101168107265
3 3 3 3 22 25 79161641540075 101206531829
3 3 1 3 22 27 79262809647340 101228724987
3 3 4 3 22 29 79262848071904 101145940322
3 3 0 3 22 24 79364038372327 101176232884
3 3 0 3 22 22 79465214605211 101176232884
3 3 3 3 22 42 79363994012226 101198424448
3 3 2 3 22 5 79465192436674 101198401408
3 3 1 3 22 19 79566390838095 49642318368
3 3 2 3 22 40 79616033156463 49642318368
3 3 3 3 22 22 79665675474831 49642318368
3 3 4 3 22 35 79715317793199 49642318368
3 3 3 3 22 3 79764960111567 126416244884
3 3 0 3 22 33 79764960111567 84277489590
3 3 4 3 22 39 79891376356451 126416244884
3 3 1 3 22 28 79849237601157 84277528136
3 3 2 3 22 20 79933515129293 84277489590
3 4 0 3 35 18 80017792618883 101168107265
3 4 3 3 35 25 80017792618883 101206531829
3 4 1 3 35 27 80118960726148 101228724987
3 4 4 3 35 29 80118999150712 101145940322
3 4 0 3 35 24 80220189451135 101176232884
3 4 0 3 35 22 80321365684019 101176232884
3 4 3 3 35 42 80220145091034 101198424448
3 4 2 3 35 5 80321343515482 101198401408
3 4 1 3 35 19 80422541916903 49642318368
3 4 2 3 35 40 80472184235271 49642318368
3 4 3 3 35 22 80521826553639 49642318368
3 4 4 3 35 35 80571468872007 49642318368
3 4 3 3 35 3 80621111190375 126416239820
3 4 0 3 35 33 80621111190375 84277491865
3 4 4 3 35 39 80747527430195 126416239820
3 4 1 3 35 28 80705388682240 84277530411
3 4 2 3 35 20 80789666212651 84277491865
3 3 0 3 3 18 80873943704516 257629422489
3 3 3 3 3 25 80873943704516 257726061085
3 3 1 3 3 27 81131573127005 257781877079
3 3 4 3 3 29 81131669765601 257573671609
3 3 0 3 3 24 81389355004084 257649858420
3 3 0 3 3 22 81647004862504 257649858420
3 3 3 3 3 42 81389243437210 257705670453
3 3 2 3 3 5 81646949107663 257705613225
3 3 1 3 3 19 81904654720924 126416240306
3 3 2 3 3 40 82031070961230 126416240306
3 3 3 3 3 22 82157487201536 126416240306
3 3 4 3 3 35 82283903441842 126416240306
3 3 3 3 3 3 82410319682148 321924255344
3 3 0 3 3 33 82410319682148 214616152845
3 3 4 3 3 39 82732243937492 321924255344
3 3 1 3 3 28 82624935834993 214616248587
3 3 2 3 3 20 82839552083580 214616152845
3 0 0 3 33 18 80873943704516 171752770023
3 0 3 3 33 25 80873943704516 171817544766
3 0 1 3 33 27 81045696474539 171854957088
3 0 4 3 33 29 81045761249282 171715401582
3 0 0 3 33 24 81217551431627 171766467832
3 0 0 3 33 22 81389317899459 171766467832
3 0 3 3 33 42 81217476650864 171803877485
3 0 2 3 33 5 81389280528349 171803838918
3 0 1 3 33 19 81561084367291 84277491647
3 0 2 3 33 40 81645361858938 84277491647
3 0 3 3 33 22 81729639350585 84277491647
3 0 4 3 33 35 81813916842232 84277491647
3 0 3 3 33 3 81898194333879 214616165518
3 0 0 3 33 33 81898194333879 143077431963
3 0 4 3 33 39 82112810499397 214616165518
3 0 1 3 33 28 82041271765842 143077496485
3 0 2 3 33 20 82184349262327 143077431963
3 4 0 3 39 18 83054168236425 257629422488
3 4 3 3 39 25 83054168236425 257726061085
3 4 1 3 39 27 83311797658913 257781877079
3 4 4 3 39 29 83311894297510 257573671609
3 4 0 3 39 24 83569579535992 257649858420
3 4 0 3 39 22 83827229394412 257649858420
3 4 3 3 39 42 83569467969119 257705670453
3 4 2 3 39 5 83827173639572 257705613225
3 4 1 3 39 19 84084879252832 126416240306
3 4 2 3 39 40 84211295493138 126416240306
3 4 3 3 39 22 84337711733444 126416240306
3 4 4 3 39 35 84464127973750 126416240306
3 4 3 3 39 3 84590544214056 321924241875
3 4 0 3 39 33 84590544214056 214616158896
3 4 4 3 39 39 84912468455931 321924241875
3 4 1 3 39 28 84805160372952 214616254639
3 4 2 3 39 20 85019776627591 214616158896
3 1 0 3 28 18 82327426694290 171752788242
3 1 3 3 28 25 82327426694290 171817562992
3 1 1 3 28 27 82499179482532 171854975318
3 1 4 3 28 29 82499244257282 171715419798
3 1 0 3 28 24 82671034457850 171766486053
3 1 0 3 28 22 82842800943903 171766486053
3 1 3 3 28 42 82670959677080 171803895709
3 1 2 3 28 5 82842763572789 171803857143
3 1 1 3 28 19 83014567429956 84277500587
3 1 2 3 28 40 83098844930543 84277500587
3 1 3 3 28 22 83183122431130 84277500587
3 1 4 3 28 35 83267399931717 84277500587
3 1 3 3 28 3 83351677432304 214616188284
3 1 0 3 28 33 83351677432304 143077447141
3 1 4 3 28 39 83566293620588 214616188284
3 1 1 3 28 28 83494754879445 143077511663
3 1 2 3 28 20 83637832391108 143077447141
3 2 0 3 20 18 83780909838249 171752770023
3 2 3 3 20 25 83780909838249 171817544766
3 2 1 3 20 27 83952662608272 171854957088
3 2 4 3 20 29 83952727383015 171715401582
3 2 0 3 20 24 84124517565360 171766467832
3 2 0 3 20 22 84296284033192 171766467832
3 2 3 3 20 42 84124442784597 171803877485
3 2 2 3 20 5 84296246662082 171803838918
3 2 1 3 20 19 84468050501024 84277491647
3 2 2 3 20 40 84552327992671 84277491647
3 2 3 3 20 22 84636605484318 84277491647
3 2 4 3 20 35 84720882975965 84277491647
3 2 3 3 20 3 84805160467612 214616156441
3 2 0 3 20 33 84805160467612 143077436041
3 2 4 3 20 39 85019776624053 214616156441
3 2 1 3 20 28 84948237903653 143077500563
3 2 2 3 20 20 85091315404216 143077436041
0 0 0 33 18 18 70468811254205 137463181046
0 0 3 33 18 25 70468811254205 137515177913
0 0 1 33 18 27 70606274435251 137545210096
0 0 4 33 18 29 70606326432118 137433184193
0 0 0 33 18 24 70743819645347 137474176757
0 0 0 33 18 22 70881293822104 137474176757
0 0 3 33 18 42 70743759616311 137504206781
0 0 2 33 18 5 70881263823092 137504175730
0 0 1 33 18 19 71018767998861 67451946075
0 0 2 33 18 40 71086219944936 67451946075
0 0 3 33 18 22 71153671891011 67451946075
0 0 4 33 18 35 71221123837086 67451946075
0 0 3 33 18 3 71288575783161 171769208408
0 0 0 33 18 33 71288575783161 114512796178
0 0 4 33 18 39 71460344991569 171769208408
0 0 1 33 18 28 71403088579339 114512848125
0 0 2 33 18 20 71517601427464 114512796178
0 3 0 33 25 18 70468811254205 137488713815
0 3 3 33 25 25 70468811254205 137540720211
0 3 1 33 25 27 70606299968020 137570757898
0 3 4 33 25 29 70606351974416 137458711464
0 3 0 33 25 24 70743870725918 137499711540
0 3 0 33 25 22 70881370437458 137499711540
0 3 3 33 25 42 70743810685880 137529747068
0 3 2 33 25 5 70881340432948 137529716012
0 3 1 33 25 19 71018870148998 67464474743
0 3 2 33 25 40 71086334623741 67464474743
0 3 3 33 25 22 71153799098484 67464474743
0 3 4 33 25 35 71221263573227 67464474743
0 3 3 33 25 3 71288728047970 171801113191
0 3 0 33 25 33 71288728047970 114534066027
0 3 4 33 25 39 71460529161161 171801113191
0 3 1 33 25 28 71403262113997 114534117984
0 3 2 33 25 20 71517796231981 114534066027
0 1 0 33 27 18 71632114223642 137502667327
0 1 3 33 27 25 71632114223642 137554678946
0 1 1 33 27 27 71769616890969 137584719632
0 1 4 33 27 29 71769668902588 137472661981
0 1 0 33 27 24 71907201610601 137513666162
0 1 0 33 27 22 72044715276763 137513666162
0 1 3 33 27 42 71907141564569 137543704697
0 1 2 33 27 5 72044685269266 137543673638
0 1 1 33 27 19 72182228942925 67471321593
0 1 2 33 27 40 72249700264518 67471321593
0 1 3 33 27 22 72317171586111 67471321593
0 1 4 33 27 35 72384642907704 67471321593
0 1 3 33 27 3 72452114229297 171818548980
0 1 0 33 27 33 72452114229297 114545689885
0 1 4 33 27 39 72623932778277 171818548980
0 1 1 33 27 28 72566659919182 114545741848
0 1 2 33 27 20 72681205661030 114545689885
0 4 0 33 29 18 71632330298008 137449235424
0 4 3 33 29 25 71632330298008 137501227101
0 4 1 33 29 27 71769779533432 137531256269
0 4 4 33 29 29 71769831525109 137419241583
0 4 0 33 29 24 71907310789701 137460230041
0 4 0 33 29 22 72044771019742 137460230041
0 4 3 33 29 42 71907250766692 137490257060
0 4 2 33 29 5 72044741023752 137490226013
0 4 1 33 29 19 72182231249783 67445103104
0 4 2 33 29 40 72249676352887 67445103104
0 4 3 33 29 22 72317121455991 67445103104
0 4 4 33 29 35 72384566559095 67445103105
0 4 3 33 29 3 72452011662200 171751782498
0 4 0 33 29 33 72452011662200 114501178905
0 4 4 33 29 39 72623763444698 171751782498
0 4 1 33 29 28 72566512841105 114501230847
0 4 2 33 29 20 72681014071952 114501178905
0 0 0 33 24 18 72795751350915 137466535783
0 0 3 33 24 25 72795751350915 137518533917
0 0 1 33 24 27 72933217886698 137548566814
0 0 4 33 24 29 72933269884832 137436538216
0 0 0 33 24 24 73070766453512 137477531765
0 0 0 33 24 22 73208243985277 137477531765
0 0 3 33 24 42 73070706423048 137507562513
0 0 2 33 24 5 73208213985561 137507531462
0 0 1 33 24 19 73345721517042 67453592213
0 0 2 33 24 40 73413175109255 67453592213
0 0 3 33 24 22 73480628701468 67453592213
0 0 4 33 24 35 73548082293681 67453592213
0 0 3 33 24 3 73615535885894 154653705476
0 0 0 33 24 33 73615535885894 123722797801
0 0 4 33 24 39 73770189591370 154653589481
0 0 1 33 24 28 73739258683695 123722909821
0 0 2 33 24 20 73862981593516 123722928491
0 0 0 33 22 18 73924843180851 154653589482
0 0 3 33 22 25 73986704522007 123722909820
0 0 1 33 22 27 74079496770333 154653705478
0 0 4 33 22 29 74110427431827 123722797800
0 0 0 33 22 24 74234150475811 137492475498
0 0 0 33 22 22 74371642951309 137492475498
0 0 3 33 22 42 74234150229627 137492615535
0 0 2 33 22 5 74371642845162 137492584500
0 0 1 33 22 19 74509135429662 67453592213
0 0 2 33 22 40 74576589021875 67453592213
0 0 3 33 22 22 74644042614088 67453592213
0 0 4 33 22 35 74711496206301 67453592213
0 0 3 33 22 3 74778949798514 171773400373
0 0 0 33 22 33 74778949798514 114515590816
0 0 4 33 22 39 74950723198887 171773400373
0 0 1 33 22 28 74893465389330 114515642765
0 0 2 33 22 20 75007981032095 114515590816
0 3 0 33 42 18 72795515250857 137485365332
0 3 3 33 42 25 72795515250857 137537370494
0 3 1 33 42 27 72933000616189 137567407449
0 3 4 33 42 29 72933052621351 137455363711
0 3 0 33 42 24 73070568023638 137496362801
0 3 0 33 42 22 73208064386439 137496362801
0 3 3 33 42 42 73070507985062 137526397607
0 3 2 33 42 5 73208034382669 137526366552
0 3 1 33 42 19 73345560749240 67462831680
0 3 2 33 42 40 73413023580920 67462831680
0 3 3 33 42 22 73480486412600 67462831680
0 3 4 33 42 35 73547949244280 67462831680
0 3 3 33 42 3 73615412075960 171796929064
0 3 0 33 42 33 73615412075960 114531276608
0 3 4 33 42 39 73787209005024 171796929064
0 3 1 33 42 28 73729943352568 114531328564
0 3 2 33 42 20 73844474681132 114531276608
0 2 0 33 5 18 73959005957740 137485357995
0 2 3 33 5 25 73959005957740 137537363154
0 2 1 33 5 27 74096491315735 137567400108
0 2 4 33 5 29 74096543320894 137455356376
0 2 0 33 5 24 74234058715843 137496355463
0 2 0 33 5 22 74371555071306 137496355463
0 2 3 33 5 42 74233998677270 137526390268
0 2 2 33 5 5 74371525067538 137526359212
0 2 1 33 5 19 74509051426769 67462828080
0 2 2 33 5 40 74576514254849 67462828080
0 2 3 33 5 22 74643977082929 67462828080
0 2 4 33 5 35 74711439911009 67462828080
0 2 3 33 5 3 74778902739089 171796919896
0 2 0 33 5 33 74778902739089 114531270496
0 2 4 33 5 39 74950699658985 171796919896
0 2 1 33 5 28 74893434009585 114531322452
0 2 2 33 5 20 75007965332037 114531270496
0 1 0 33 19 18 75122496622911 67445334691
0 1 3 33 19 25 75122496622911 67471089830
0 1 1 33 19 27 75189941957602 67485965456
0 1 4 33 19 29 75189967712741 67430476731
0 1 0 33 19 24 75257427923058 67450781132
0 1 0 33 19 22 75324878704190 67450781132
0 1 3 33 19 42 75257398189472 67465655679
0 1 2 33 19 5 75324863845151 67465640152
0 1 1 33 19 19 75392329485322 33094878522
0 1 2 33 19 40 75425424363844 33094878522
0 1 3 33 19 22 75458519242366 33094878522
0 1 4 33 19 35 75491614120888 33094878522
0 1 3 33 19 3 75524708999410 84277495639
0 1 0 33 19 33 75524708999410 56184992376
0 1 4 33 19 39 75608986495049 84277495639
0 1 1 33 19 28 75580893991786 56185018352
0 1 2 33 19 20 75637079010138 56184992376
0 2 0 33 40 18 75693264002514 67445334687
0 2 3 33 40 25 75693264002514 67471089834
0 2 1 33 40 27 75760709337201 67485965455
0 2 4 33 40 29 75760735092348 67430476732
0 2 0 33 40 24 75828195302656 67450781132
0 2 0 33 40 22 75895646083788 67450781132
0 2 3 33 40 42 75828165569080 67465655679
0 2 2 33 40 5 75895631224759 67465640152
0 2 1 33 40 19 75963096864920 33094878522
0 2 2 33 40 40 75996191743442 33094878522
0 2 3 33 40 22 76029286621964 33094878522
0 2 4 33 40 35 76062381500486 33094878522
0 2 3 33 40 3 76095476379008 84277495639
0 2 0 33 40 33 76095476379008 56184992376
0 2 4 33 40 39 76179753874647 84277495639
0 2 1 33 40 28 76151661371384 56185018352
0 2 2 33 40 20 76207846389736 56184992376
0 3 0 33 22 18 76264031382112 67445334687
0 3 3 33 22 25 76264031382112 67471089834
0 3 1 33 22 27 76331476716799 67485965455
0 3 4 33 22 29 76331502471946 67430476732
0 3 0 33 22 24 76398962682254 67450781132
0 3 0 33 22 22 76466413463386 67450781132
0 3 3 33 22 42 76398932948678 67465655679
0 3 2 33 22 5 76466398604357 67465640152
0 3 1 33 22 19 76533864244518 33094878522
0 3 2 33 22 40 76566959123040 33094878522
0 3 3 33 22 22 76600054001562 33094878522
0 3 4 33 22 35 76633148880084 33094878522
0 3 3 33 22 3 76666243758606 84277495639
0 3 0 33 22 33 76666243758606 56184992376
0 3 4 33 22 39 76750521254245 84277495639
0 3 1 33 22 28 76722428750982 56185018352
0 3 2 33 22 20 76778613769334 56184992376
0 4 0 33 35 18 76834798761710 67445334687
0 4 3 33 35 25 76834798761710 67471089834
0 4 1 33 35 27 76902244096397 67485965455
0 4 4 33 35 29 76902269851544 67430476732
0 4 0 33 35 24 76969730061852 67450781132
0 4 0 33 35 22 77037180842984 67450781132
0 4 3 33 35 42 76969700328276 67465655679
0 4 2 33 35 5 77037165983955 67465640152
0 4 1 33 35 19 77104631624116 33094878522
0 4 2 33 35 40 77137726502638 33094878522
0 4 3 33 35 22 77170821381160 33094878522
0 4 4 33 35 35 77203916259682 33094878522
0 4 3 33 35 3 77237011138204 84277492227
0 4 0 33 35 33 77237011138204 56184993909
0 4 4 33 35 39 77321288630431 84277492227
0 4 1 33 35 28 77293196132113 56185019885
0 4 2 33 35 20 77349381151998 56184993909
0 3 0 33 3 18 77405566145907 171752771872
0 3 3 33 3 25 77405566145907 171817546615
0 3 1 33 3 27 77577318917779 171854958938
0 3 4 33 3 29 77577383692522 171715403431
0 3 0 33 3 24 77749173876717 171766469681
0 3 0 33 3 22 77920940346398 171766469681
0 3 3 33 3 42 77749099095953 171803879334
0 3 2 33 3 5 77920902975287 171803840767
0 3 1 33 3 19 78092706816079 84277492554
0 3 2 33 3 40 78176984308633 84277492554
0 3 3 33 3 22 78261261801187 84277492554
0 3 4 33 3 35 78345539293741 84277492554
0 3 3 33 3 3 78429816786295 214616167828
0 3 0 33 3 33 78429816786295 143077433503
0 3 4 33 3 39 78644432954123 214616167828
0 3 1 33 3 28 78572894219798 143077498025
0 3 2 33 3 20 78715971717823 143077433503
0 0 0 33 33 18 77405566145907 114501728388
0 0 3 33 33 25 77405566145907 114545145486
0 0 1 33 33 27 77520067874295 114570222202
0 0 4 33 33 29 77520111291393 114476681244
0 0 0 33 33 24 77634638096497 114510909765
0 0 0 33 33 22 77749149006262 114510909765
0 0 3 33 33 42 77634587972637 114535984682
0 0 2 33 33 5 77749123957319 114535958692
0 0 1 33 33 19 77863659916027 56184993762
0 0 2 33 33 40 77919844909789 56184993762
0 0 3 33 33 22 77976029903551 56184993762
0 0 4 33 33 35 78032214897313 56184993762
0 0 3 33 33 3 78088399891075 143077442044
0 0 0 33 33 33 78088399891075 95384953467
0 0 4 33 33 39 78231477333119 143077442044
0 0 1 33 33 28 78183784844542 95384996949
0 0 2 33 33 20 78279169841491 95384953467
0 4 0 33 39 18 78859049151326 171752771871
0 4 3 33 39 25 78859049151326 171817546615
0 4 1 33 39 27 79030801923197 171854958938
0 4 4 33 39 29 79030866697941 171715403431
0 4 0 33 39 24 79202656882135 171766469681
0 4 0 33 39 22 79374423351816 171766469681
0 4 3 33 39 42 79202582101372 171803879334
0 4 2 33 39 5 79374385980706 171803840767
0 4 1 33 39 19 79546189821497 84277492554
0 4 2 33 39 40 79630467314051 84277492554
0 4 3 33 39 22 79714744806605 84277492554
0 4 4 33 39 35 79799022299159 84277492554
0 4 3 33 39 3 79883299791713 214616158751
0 4 0 33 39 33 79883299791713 143077437581
0 4 4 33 39 39 80097915950464 214616158751
0 4 1 33 39 28 80026377229294 143077502103
0 4 2 33 39 20 80169454731397 143077437581
0 1 0 33 28 18 78374554794958 114501740666
0 1 3 33 28 25 78374554794958 114545157768
0 1 1 33 28 27 78489056535624 114570234487
0 1 4 33 28 29 78489099952726 114476693519
0 1 0 33 28 24 78603626770111 114510922044
0 1 0 33 28 22 78718137692155 114510922044
0 1 3 33 28 42 78603576646245 114535996964
0 1 2 33 28 5 78718112643209 114535970974
0 1 1 33 28 19 78832648614199 56184999787
0 1 2 33 28 40 78888833613986 56184999787
0 1 3 33 28 22 78945018613773 56184999787
0 1 4 33 28 35 79001203613560 56184999787
0 1 3 33 28 3 79057388613347 143077457386
0 1 0 33 28 33 79057388613347 95384963696
0 1 4 33 28 39 79200466070733 143077457386
0 1 1 33 28 28 79152773577043 95385007178
0 1 2 33 28 20 79248158584221 95384963696
0 2 0 33 20 18 79343543547917 114501728388
0 2 3 33 20 25 79343543547917 114545145486
0 2 1 33 20 27 79458045276305 114570222202
0 2 4 33 20 29 79458088693403 114476681244
0 2 0 33 20 24 79572615498507 114510909765
0 2 0 33 20 22 79687126408272 114510909765
0 2 3 33 20 42 79572565374647 114535984682
0 2 2 33 20 5 79687101359329 114535958692
0 2 1 33 20 19 79801637318037 56184993762
0 2 2 33 20 40 79857822311799 56184993762
0 2 3 33 20 22 79914007305561 56184993762
0 2 4 33 20 35 79970192299323 56184993762
0 2 3 33 20 3 80026377293085 143077435927
0 2 0 33 20 33 80026377293085 95384956216
0 2 4 33 20 39 80169454729012 143077435927
0 2 1 33 20 28 80121762249301 95384999698
0 2 2 33 20 20 80217147248999 95384956216
4 0 0 39 18 18 85234392840257 206195086242
4 0 3 39 18 25 85234392840257 206272661333
4 0 1 39 18 27 85440587926499 206317466811
4 0 4 39 18 29 85440665501590 206150333189
4 0 0 39 18 24 85646905393310 206211490886
4 0 0 39 18 22 85853116884196 206211490886
4 0 3 39 18 42 85646815834779 206256293160
4 0 2 39 18 5 85853072127939 206256247085
4 0 1 39 18 19 86059328375082 101177970447
4 0 2 39 18 40 86160506345529 101177970447
4 0 3 39 18 22 86261684315976 101177970447
4 0 4 39 18 35 86362862286423 101177970447
4 0 3 39 18 3 86464040256870 257653943213
4 0 0 39 18 33 86464040256870 171769281486
4 0 4 39 18 39 86721694200083 257653943213
4 0 1 39 18 28 86635809538356 171769358570
4 0 2 39 18 20 86807578896926 171769281486
4 3 0 39 25 18 85234392840257 206233181034
4 3 3 39 25 25 85234392840257 206310770267
4 3 1 39 25 27 85440626021291 206355583912
4 3 4 39 25 29 85440703610524 206188419824
4 3 0 39 25 24 85646981605203 206249588669
4 3 0 39 25 22 85853231193872 206249588669
4 3 3 39 25 42 85646892030348 206294399110
4 3 2 39 25 5 85853186429458 206294353026
4 3 1 39 25 19 86059480782541 101196663153
4 3 2 39 25 40 86160677445694 101196663153
4 3 3 39 25 22 86261874108847 101196663153
4 3 4 39 25 35 86363070772000 101196663153
4 3 3 39 25 3 86464267435153 257701544979
4 3 0 39 25 33 86464267435153 171801015987
4 3 4 39 25 39 86721968980132 257701544979
4 3 1 39 25 28 86636068451140 171801093085
4 3 2 39 25 20 86807869544225 171801015987
4 1 0 39 27 18 86979348178412 206253993454
4 1 3 39 27 25 86979348178412 206331590435
4 1 1 39 27 27 87185602171866 206376408529
4 1 4 39 27 29 87185679768847 206209227800
4 1 0 39 27 24 87391978580395 206270402734
4 1 0 39 27 22 87598248983129 206270402734
4 1 3 39 27 42 87391888996647 206315217637
4 1 2 39 27 5 87598204214284 206315171549
4 1 1 39 27 19 87804519385863 101206875590
4 1 2 39 27 40 87905726261453 101206875590
4 1 3 39 27 22 88006933137043 101206875590
4 1 4 39 27 35 88108140012633 101206875590
4 1 3 39 27 3 88209346888223 257727551377
4 1 0 39 27 33 88209346888223 171818353584
4 1 4 39 27 39 88467074439600 257727551377
4 1 1 39 27 28 88381165241807 171818430690
4 1 2 39 27 20 88552983672497 171818353584
4 4 0 39 29 18 86979670560212 206174285526
4 4 3 39 29 25 86979670560212 206251852920
4 4 1 39 29 27 87185844845738 206296653924
4 4 4 39 29 29 87185922413132 206129536942
4 4 0 39 29 24 87392141499662 206190688549
4 4 0 39 29 22 87598332188211 206190688549
4 4 3 39 29 42 87392051950074 206235486365
4 4 2 39 29 5 87598287436439 206235440294
4 4 1 39 29 19 87804522876760 101167763765
4 4 2 39 29 40 87905690640525 101167763765
4 4 3 39 29 22 88006858404290 101167763765
4 4 4 39 29 35 88108026168055 101167763765
4 4 3 39 29 3 88209193931820 257627951470
4 4 0 39 29 33 88209193931820 171751953658
4 4 4 39 29 39 88466821883290 257627951470
4 4 1 39 29 28 88380945885478 171752030734
4 4 2 39 29 20 88552697916212 171751953658
4 0 0 39 24 18 88724802026081 206200075042
4 0 3 39 24 25 88724802026081 206277652009
4 0 1 39 24 27 88931002101123 206322458542
4 0 4 39 24 29 88931079678090 206155320935
4 0 0 39 24 24 89137324559665 206216480089
4 0 0 39 24 22 89343541039754 206216480089
4 0 3 39 24 42 89137234999025 206261283433
4 0 2 39 24 5 89343496282458 206261237357
4 0 1 39 24 19 89549757519843 101180418403
4 0 2 39 24 40 89650937938246 101180418403
4 0 3 39 24 22 89752118356649 101180418403
4 0 4 39 24 35 89853298775052 101180418403
4 0 3 39 24 3 89954479193455 231980625337
4 0 0 39 24 33 89954479193455 185584253086
4 0 4 39 24 39 90186459818792 231980453215
4 0 1 39 24 28 90140063446541 185584419309
4 0 2 39 24 20 90325647865850 185584447013
4 0 0 39 22 18 90418440272007 231980453216
4 0 3 39 22 25 90511232312863 185584419309
4 0 1 39 22 27 90650420725223 231980625340
4 0 4 39 22 29 90696816732172 185584253084
4 0 0 39 22 24 90882401350563 206238775454
4 0 0 39 22 22 91088640126017 206238775454
4 0 3 39 22 42 90882400985256 206238983252
4 0 2 39 22 5 91088639968508 206238937201
4 0 1 39 22 19 91294878905709 101180418403
4 0 2 39 22 40 91396059324112 101180418403
4 0 3 39 22 22 91497239742515 101180418403
4 0 4 39 22 35 91598420160918 101180418403
4 0 3 39 22 3 91699600579321 257660177043
4 0 0 39 22 33 91699600579321 171773437365
4 0 4 39 22 39 91957260756364 257660177043
4 0 1 39 22 28 91871374016686 171773514451
4 0 2 39 22 20 92043147531137 171773437365
4 3 0 39 42 18 88724449869870 206228201517
4 3 3 39 42 25 88724449869870 206305788924
4 3 1 39 42 27 88930678071387 206350601488
4 3 4 39 42 29 88930755658794 206183441387
4 3 0 39 42 24 89137028672875 206244608772
4 3 0 39 42 22 89343273281647 206244608772
4 3 3 39 42 42 89136939100181 206289418146
4 3 2 39 42 5 89343228518327 206289372064
4 3 1 39 42 19 89549517890419 101194219763
4 3 2 39 42 40 89650712110182 101194219763
4 3 3 39 42 22 89751906329945 101194219763
4 3 4 39 42 35 89853100549708 101194219763
4 3 3 39 42 3 89954294769471 257695322784
4 3 0 39 42 33 89954294769471 171796867857
4 3 4 39 42 39 90211990092255 257695322784
4 3 1 39 42 28 90126091637328 171796944953
4 3 2 39 42 20 90297888582281 171796867857
4 2 0 39 5 18 90469685450138 206228190630
4 2 3 39 5 25 90469685450138 206305778033
4 2 1 39 5 27 90675913640768 206350590594
4 2 4 39 5 29 90675991228171 206183430502
4 2 0 39 5 24 90882264231362 206244597884
4 2 0 39 5 22 91088508829246 206244597884
4 2 3 39 5 42 90882174658673 206289407256
4 2 2 39 5 5 91088464065929 206289361174
4 2 1 39 5 19 91294753427130 101194214421
4 2 2 39 5 40 91395947641551 101194214421
4 2 3 39 5 22 91497141855972 101194214421
4 2 4 39 5 35 91598336070393 101194214421
4 2 3 39 5 3 91699530284814 257695309180
4 2 0 39 5 33 91699530284814 171796858788
4 2 4 39 5 39 91957225593994 257695309180
4 2 1 39 5 28 91871327143602 171796935884
4 2 2 39 5 20 92043124079486 171796858788
4 1 0 39 19 18 92214920968502 101168107272
4 1 3 39 19 25 92214920968502 101206531823
4 1 1 39 19 27 92316089075774 101228724989
4 1 4 39 19 29 92316127500325 101145940321
4 1 0 39 19 24 92417317800763 101176232884
4 1 0 39 19 22 92518494033647 101176232884
4 1 3 39 19 42 92417273440646 101198424448
4 1 2 39 19 5 92518471865094 101198401408
4 1 1 39 19 19 92619670266531 49642318368
4 1 2 39 19 40 92669312584899 49642318368
4 1 3 39 19 22 92718954903267 49642318368
4 1 4 39 19 35 92768597221635 49642318368
4 1 3 39 19 3 92818239540003 126416244884
4 1 0 39 19 33 92818239540003 84277489590
4 1 4 39 19 39 92944655784887 126416244884
4 1 1 39 19 28 92902517029593 84277528136
4 1 2 39 19 20 92986794557729 84277489590
4 2 0 39 40 18 93071072047319 101168107265
4 2 3 39 40 25 93071072047319 101206531829
4 2 1 39 40 27 93172240154584 101228724987
4 2 4 39 40 29 93172278579148 101145940322
4 2 0 39 40 24 93273468879571 101176232884
4 2 0 39 40 22 93374645112455 101176232884
4 2 3 39 40 42 93273424519470 101198424448
4 2 2 39 40 5 93374622943918 101198401408
4 2 1 39 40 19 93475821345339 49642318368
4 2 2 39 40 40 93525463663707 49642318368
4 2 3 39 40 22 93575105982075 49642318368
4 2 4 39 40 35 93624748300443 49642318368
4 2 3 39 40 3 93674390618811 126416244884
4 2 0 39 40 33 93674390618811 84277489590
4 2 4 39 40 39 93800806863695 126416244884
4 2 1 39 40 28 93758668108401 84277528136
4 2 2 39 40 20 93842945636537 84277489590
4 3 0 39 22 18 93927223126127 101168107265
4 3 3 39 22 25 93927223126127 101206531829
4 3 1 39 22 27 94028391233392 101228724987
4 3 4 39 22 29 94028429657956 101145940322
4 3 0 39 22 24 94129619958379 101176232884
4 3 0 39 22 22 94230796191263 101176232884
4 3 3 39 22 42 94129575598278 101198424448
4 3 2 39 22 5 94230774022726 101198401408
4 3 1 39 22 19 94331972424147 49642318368
4 3 2 39 22 40 94381614742515 49642318368
4 3 3 39 22 22 94431257060883 49642318368
4 3 4 39 22 35 94480899379251 49642318368
4 3 3 39 22 3 94530541697619 126416244884
4 3 0 39 22 33 94530541697619 84277489590
4 3 4 39 22 39 94656957942503 126416244884
4 3 1 39 22 28 94614819187209 84277528136
4 3 2 39 22 20 94699096715345 84277489590
4 4 0 39 35 18 94783374204935 101168107265
4 4 3 39 35 25 94783374204935 101206531829
4 4 1 39 35 27 94884542312200 101228724987
4 4 4 39 35 29 94884580736764 101145940322
4 4 0 39 35 24 94985771037187 101176232884
4 4 0 39 35 22 95086947270071 101176232884
4 4 3 39 35 42 94985726677086 101198424448
4 4 2 39 35 5 95086925101534 101198401408
4 4 1 39 35 19 95188123502955 49642318368
4 4 2 39 35 40 95237765821323 49642318368
4 4 3 39 35 22 95287408139691 49642318368
4 4 4 39 35 35 95337050458059 49642318368
4 4 3 39 35 3 95386692776427 126416239820
4 4 0 39 35 33 95386692776427 84277491865
4 4 4 39 35 39 95513109016247 126416239820
4 4 1 39 35 28 95470970268292 84277530411
4 4 2 39 35 20 95555247798703 84277491865
4 3 0 39 3 18 95639525290568 257629424411
4 3 3 39 3 25 95639525290568 257726063008
4 3 1 39 3 27 95897154714979 257781879002
4 3 4 39 3 29 95897251353576 257573673531
4 3 0 39 3 24 96154936593981 257649860342
4 3 0 39 3 22 96412586454323 257649860342
4 3 3 39 3 42 96154825027107 257705672375
4 3 2 39 3 5 96412530699482 257705615148
4 3 1 39 3 19 96670236314665 126416241250
4 3 2 39 3 40 96796652555915 126416241250
4 3 3 39 3 22 96923068797165 126416241250
4 3 4 39 3 35 97049485038415 126416241250
4 3 3 39 3 3 97175901279665 321924257746
4 3 0 39 3 33 97175901279665 214616154446
4 3 4 39 3 39 97497825537411 321924257746
4 3 1 39 3 28 97390517434111 214616250189
4 3 2 39 3 20 97605133684300 214616154446
4 0 0 39 33 18 95639525290568 171752769159
4 0 3 39 33 25 95639525290568 171817543902
4 0 1 39 33 27 95811278059727 171854956224
4 0 4 39 33 29 95811342834470 171715400719
4 0 0 39 33 24 95983133015951 171766466968
4 0 0 39 33 22 96154899482919 171766466968
4 0 3 39 33 42 95983058235189 171803876621
4 0 2 39 33 5 96154862111810 171803838054
4 0 1 39 33 19 96326665949887 84277491223
4 0 2 39 33 40 96410943441110 84277491223
4 0 3 39 33 22 96495220932333 84277491223
4 0 4 39 33 35 96579498423556 84277491223
4 0 3 39 33 3 96663775914779 214616164439
4 0 0 39 33 33 96663775914779 143077431244
4 0 4 39 33 39 96878392079218 214616164439
4 0 1 39 33 28 96806853346023 143077495766
4 0 2 39 33 20 96949930841789 143077431244
4 4 0 39 39 18 97819749838746 257629424411
4 4 3 39 39 25 97819749838746 257726063008
4 4 1 39 39 27 98077379263157 257781879002
4 4 4 39 39 29 98077475901754 257573673531
4 4 0 39 39 24 98335161142159 257649860342
4 4 0 39 39 22 98592811002501 257649860342
4 4 3 39 39 42 98335049575285 257705672375
4 4 2 39 39 5 98592755247660 257705615148
4 4 1 39 39 19 98850460862843 126416241250
4 4 2 39 39 40 98976877104093 126416241250
4 4 3 39 39 22 99103293345343 126416241250
4 4 4 39 39 35 99229709586593 126416241250
4 4 3 39 39 3 99356125827843 321924264480
4 4 0 39 39 33 99356125827843 214616151421
4 4 4 39 39 39 99678050092323 321924264480
4 4 1 39 39 28 99570741979264 214616247163
4 4 2 39 39 20 99785358226427 214616151421
4 1 0 39 28 18 97093008273033 171752787378
4 1 3 39 28 25 97093008273033 171817562128
4 1 1 39 28 27 97264761060411 171854974454
4 1 4 39 28 29 97264825835161 171715418934
4 1 0 39 28 24 97436616034865 171766485189
4 1 0 39 28 22 97608382520054 171766485189
4 1 3 39 28 42 97436541254095 171803894845
4 1 2 39 28 5 97608345148940 171803856279
4 1 1 39 28 19 97780149005243 84277500163
4 1 2 39 28 40 97864426505406 84277500163
4 1 3 39 28 22 97948704005569 84277500163
4 1 4 39 28 35 98032981505732 84277500163
4 1 3 39 28 3 98117259005895 214616187205
4 1 0 39 28 33 98117259005895 143077446421
4 1 4 39 28 39 98331875193100 214616187205
4 1 1 39 28 28 98260336452316 143077510943
4 1 2 39 28 20 98403413963259 143077446421
4 2 0 39 20 18 98546491409680 171752769159
4 2 3 39 20 25 98546491409680 171817543902
4 2 1 39 20 27 98718244178839 171854956224
4 2 4 39 20 29 98718308953582 171715400719
4 2 0 39 20 24 98890099135063 171766466968
4 2 0 39 20 22 99061865602031 171766466968
4 2 3 39 20 42 98890024354301 171803876621
4 2 2 39 20 5 99061828230922 171803838054
4 2 1 39 20 19 99233632068999 84277491223
4 2 2 39 20 40 99317909560222 84277491223
4 2 3 39 20 22 99402187051445 84277491223
4 2 4 39 20 35 99486464542668 84277491223
4 2 3 39 20 3 99570742033891 214616168978
4 2 0 39 20 33 99570742033891 143077429205
4 2 4 39 20 39 99785358202869 214616168978
4 2 1 39 20 28 99713819463096 143077493727
4 2 2 39 20 20 99856896956823 143077429205
1 0 0 28 18 18 80312532205215 137463184514
1 0 3 28 18 25 80312532205215 137515181381
1 0 1 28 18 27 80449995389729 137545213565
1 0 4 28 18 29 80450047386596 137433187659
1 0 0 28 18 24 80587540603294 137474180224
1 0 0 28 18 22 80725014783518 137474180224
1 0 3 28 18 42 80587480574255 137504210249
1 0 2 28 18 5 80724984784504 137504179199
1 0 1 28 18 19 80862488963742 67451947776
1 0 2 28 18 40 80929940911518 67451947776
1 0 3 28 18 22 80997392859294 67451947776
1 0 4 28 18 35 81064844807070 67451947776
1 0 3 28 18 3 81132296754846 171769212741
1 0 0 28 18 33 81132296754846 114512799066
1 0 4 28 18 39 81304065967587 171769212741
1 0 1 28 18 28 81246809553912 114512851014
1 0 2 28 18 20 81361322404926 114512799066
1 3 0 28 25 18 80312532205215 137488717283
1 3 3 28 25 25 80312532205215 137540723680
1 3 1 28 25 27 80450020922498 137570761368
1 3 4 28 25 29 80450072928895 137458714931
1 3 0 28 25 24 80587591683866 137499715009
1 3 0 28 25 22 80725091398875 137499715009
1 3 3 28 25 42 80587531643826 137529750537
1 3 2 28 25 5 80725061394363 137529719481
1 3 1 28 25 19 80862591113884 67464476445
1 3 2 28 25 40 80930055590329 67464476445
1 3 3 28 25 22 80997520066774 67464476445
1 3 4 28 25 35 81064984543219 67464476445
1 3 3 28 25 3 81132449019664 171801117524
1 3 0 28 25 33 81132449019664 114534068915
1 3 4 28 25 39 81304250137188 171801117524
1 3 1 28 25 28 81246983088579 114534120873
1 3 2 28 25 20 81361517209452 114534068915
1 1 0 28 27 18 81475835203992 137502670795
1 1 3 28 27 25 81475835203992 137554682416
1 1 1 28 27 27 81613337874787 137584723102
1 1 4 28 27 29 81613389886408 137472665449
1 1 0 28 27 24 81750922597889 137513669630
1 1 0 28 27 22 81888436267519 137513669630
1 1 3 28 27 42 81750862551857 137543708167
1 1 2 28 27 5 81888406260024 137543677107
1 1 1 28 27 19 82025949937149 67471323294
1 1 2 28 27 40 82093421260443 67471323294
1 1 3 28 27 22 82160892583737 67471323294
1 1 4 28 27 35 82228363907031 67471323294
1 1 3 28 27 3 82295835230325 171818553314
1 1 0 28 27 33 82295835230325 114545692774
1 1 4 28 27 39 82467653783639 171818553314
1 1 1 28 27 28 82410380923099 114545744737
1 1 2 28 27 20 82524926667836 114545692774
1 4 0 28 29 18 81476051278367 137449238891
1 4 3 28 29 25 81476051278367 137501230570
1 4 1 28 29 27 81613500517258 137531259738
1 4 4 28 29 29 81613552508937 137419245049
1 4 0 28 29 24 81751031776996 137460233509
1 4 0 28 29 22 81888492010505 137460233509
1 4 3 28 29 42 81750971753986 137490260528
1 4 2 28 29 5 81888462014514 137490229481
1 4 1 28 29 19 82025952244014 67445104806
1 4 2 28 29 40 82093397348820 67445104806
1 4 3 28 29 22 82160842453626 67445104806
1 4 4 28 29 35 82228287558432 67445104806
1 4 3 28 29 3 82295732663238 171751786830
1 4 0 28 29 33 82295732663238 114501181793
1 4 4 28 29 39 82467484450068 171751786830
1 4 1 28 29 28 82410233845031 114501233735
1 4 2 28 29 20 82524735078766 114501181793
1 0 0 28 24 18 82639472360610 137466539250
1 0 3 28 24 25 82639472360610 137518537385
1 0 1 28 24 27 82776938899860 137548570283
1 0 4 28 24 29 82776990897995 137436541683
1 0 0 28 24 24 82914487470143 137477535233
1 0 0 28 24 22 83051965005376 137477535233
1 0 3 28 24 42 82914427439678 137507565982
1 0 2 28 24 5 83051935005660 137507534930
1 0 1 28 24 19 83189442540609 67453593915
1 0 2 28 24 40 83256896134524 67453593915
1 0 3 28 24 22 83324349728439 67453593915
1 0 4 28 24 35 83391803322354 67453593915
1 0 3 28 24 3 83459256916269 154653709377
1 0 0 28 24 33 83459256916269 123722800922
1 0 4 28 24 39 83613910625646 154653593382
1 0 1 28 24 28 83582979717191 123722912941
1 0 2 28 24 20 83706702630132 123722931611
1 0 0 28 22 18 83768564219028 154653593382
1 0 3 28 22 25 83830425561743 123722912941
1 0 1 28 22 27 83923217812410 154653709379
1 0 4 28 22 29 83954148474684 123722800920
1 0 0 28 22 24 84077871521789 137492478966
1 0 0 28 22 22 84215364000755 137492478966
1 0 3 28 22 42 84077871275604 137492619003
1 0 2 28 22 5 84215363894607 137492587968
1 0 1 28 22 19 84352856482575 67453593915
1 0 2 28 22 40 84420310076490 67453593915
1 0 3 28 22 22 84487763670405 67453593915
1 0 4 28 22 35 84555217264320 67453593915
1 0 3 28 22 3 84622670858235 171773404706
1 0 0 28 22 33 84622670858235 114515593705
1 0 4 28 22 39 84794444262941 171773404706
1 0 1 28 22 28 84737186451940 114515645654
1 0 2 28 22 20 84851702097594 114515593705
1 3 0 28 42 18 82639236260559 137485368800
1 3 3 28 42 25 82639236260559 137537373963
1 3 1 28 42 27 82776721629359 137567410919
1 3 4 28 42 29 82776773634522 137455367178
1 3 0 28 42 24 82914289040278 137496366269
1 3 0 28 42 22 83051785406547 137496366269
1 3 3 28 42 42 82914229001700 137526401076
1 3 2 28 42 5 83051755402776 137526370020
1 3 1 28 42 19 83189281772816 67462833382
1 3 2 28 42 40 83256744606198 67462833382
1 3 3 28 42 22 83324207439580 67462833382
1 3 4 28 42 35 83391670272962 67462833382
1 3 3 28 42 3 83459133106344 171796933397
1 3 0 28 42 33 83459133106344 114531279497
1 3 4 28 42 39 83630930039741 171796933397
1 3 1 28 42 28 83573664385841 114531331453
1 3 2 28 42 20 83688195717294 114531279497
1 2 0 28 5 18 83802726996791 137485361463
1 2 3 28 5 25 83802726996791 137537366623
1 2 1 28 5 27 83940212358254 137567403578
1 2 4 28 5 29 83940264363414 137455359843
1 2 0 28 5 24 84077779761832 137496358931
1 2 0 28 5 22 84215276120763 137496358931
1 2 3 28 5 42 84077719723257 137526393737
1 2 2 28 5 5 84215246116994 137526362681
1 2 1 28 5 19 84352772479694 67462829782
1 2 2 28 5 40 84420235309476 67462829782
1 2 3 28 5 22 84487698139258 67462829782
1 2 4 28 5 35 84555160969040 67462829782
1 2 3 28 5 3 84622623798822 171796924229
1 2 0 28 5 33 84622623798822 114531273385
1 2 4 28 5 39 84794420723051 171796924229
1 2 1 28 5 28 84737155072207 114531325341
1 2 2 28 5 20 84851686397548 114531273385
1 1 0 28 19 18 84966217691299 67445336393
1 1 3 28 19 25 84966217691299 67471091531
1 1 1 28 19 27 85033663027692 67485967158
1 1 4 28 19 29 85033688782830 67430478432
1 1 0 28 19 24 85101148994850 67450782834
1 1 0 28 19 22 85168599777684 67450782834
1 1 3 28 19 42 85101119261262 67465657381
1 1 2 28 19 5 85168584918643 67465641854
1 1 1 28 19 19 85236050560518 33094879357
1 1 2 28 19 40 85269145439875 33094879357
1 1 3 28 19 22 85302240319232 33094879357
1 1 4 28 19 35 85335335198589 33094879357
1 1 3 28 19 3 85368430077946 84277497765
1 1 0 28 19 33 85368430077946 56184993793
1 1 4 28 19 39 85452707575711 84277497765
1 1 1 28 19 28 85424615071739 56185019769
1 1 2 28 19 20 85480800091508 56184993793
1 2 0 28 40 18 85536985085301 67445336388
1 2 3 28 40 25 85536985085301 67471091536
1 2 1 28 40 27 85604430421689 67485967157
1 2 4 28 40 29 85604456176837 67430478433
1 2 0 28 40 24 85671916388846 67450782834
1 2 0 28 40 22 85739367171680 67450782834
1 2 3 28 40 42 85671886655270 67465657381
1 2 2 28 40 5 85739352312651 67465641854
1 2 1 28 40 19 85806817954514 33094879357
1 2 2 28 40 40 85839912833871 33094879357
1 2 3 28 40 22 85873007713228 33094879357
1 2 4 28 40 35 85906102592585 33094879357
1 2 3 28 40 3 85939197471942 84277497765
1 2 0 28 40 33 85939197471942 56184993793
1 2 4 28 40 39 86023474969707 84277497765
1 2 1 28 40 28 85995382465735 56185019769
1 2 2 28 40 20 86051567485504 56184993793
1 3 0 28 22 18 86107752479297 67445336388
1 3 3 28 22 25 86107752479297 67471091536
1 3 1 28 22 27 86175197815685 67485967157
1 3 4 28 22 29 86175223570833 67430478433
1 3 0 28 22 24 86242683782842 67450782834
1 3 0 28 22 22 86310134565676 67450782834
1 3 3 28 22 42 86242654049266 67465657381
1 3 2 28 22 5 86310119706647 67465641854
1 3 1 28 22 19 86377585348510 33094879357
1 3 2 28 22 40 86410680227867 33094879357
1 3 3 28 22 22 86443775107224 33094879357
1 3 4 28 22 35 86476869986581 33094879357
1 3 3 28 22 3 86509964865938 84277497765
1 3 0 28 22 33 86509964865938 56184993793
1 3 4 28 22 39 86594242363703 84277497765
1 3 1 28 22 28 86566149859731 56185019769
1 3 2 28 22 20 86622334879500 56184993793
1 4 0 28 35 18 86678519873293 67445336388
1 4 3 28 35 25 86678519873293 67471091536
1 4 1 28 35 27 86745965209681 67485967157
1 4 4 28 35 29 86745990964829 67430478433
1 4 0 28 35 24 86813451176838 67450782834
1 4 0 28 35 22 86880901959672 67450782834
1 4 3 28 35 42 86813421443262 67465657381
1 4 2 28 35 5 86880887100643 67465641854
1 4 1 28 35 19 86948352742506 33094879357
1 4 2 28 35 40 86981447621863 33094879357
1 4 3 28 35 22 87014542501220 33094879357
1 4 4 28 35 35 87047637380577 33094879357
1 4 3 28 35 3 87080732259934 84277494352
1 4 0 28 35 33 87080732259934 56184995326
1 4 4 28 35 39 87165009754286 84277494352
1 4 1 28 35 28 87136917255260 56185021303
1 4 2 28 35 20 87193102276563 56184995326
1 3 0 28 3 18 87249287271889 171752776204
1 3 3 28 3 25 87249287271889 171817550949
1 3 1 28 3 27 87421040048093 171854963272
1 3 4 28 3 29 87421104822838 171715407762
1 3 0 28 3 24 87592895011365 171766474013
1 3 0 28 3 22 87764661485378 171766474013
1 3 3 28 3 42 87592820230600 171803883667
1 3 2 28 3 5 87764624114267 171803845101
1 3 1 28 3 19 87936427959391 84277494680
1 3 2 28 3 40 88020705454071 84277494680
1 3 3 28 3 22 88104982948751 84277494680
1 3 4 28 3 35 88189260443431 84277494680
1 3 3 28 3 3 88273537938111 214616173242
1 3 0 28 3 33 88273537938111 143077437112
1 3 4 28 3 39 88488154111353 214616173242
1 3 1 28 3 28 88416615375223 143077501634
1 3 2 28 3 20 88559692876857 143077437112
1 0 0 28 33 18 87249287271889 114501731276
1 0 3 28 33 25 87249287271889 114545148375
1 0 1 28 33 27 87363789003165 114570225092
1 0 4 28 33 29 87363832420264 114476684132
1 0 0 28 33 24 87478359228257 114510912653
1 0 0 28 33 22 87592870140910 114510912653
1 0 3 28 33 42 87478309104396 114535987571
1 0 2 28 33 5 87592845091967 114535961581
1 0 1 28 33 19 87707381053563 56184995179
1 0 2 28 33 40 87763566048742 56184995179
1 0 3 28 33 22 87819751043921 56184995179
1 0 4 28 33 35 87875936039100 56184995179
1 0 3 28 33 3 87932121034279 143077445653
1 0 0 28 33 33 87932121034279 95384955873
1 0 4 28 33 39 88075198479932 143077445653
1 0 1 28 33 28 88027505990152 95384999355
1 0 2 28 33 20 88122890989507 95384955873
1 4 0 28 39 18 88702770313969 171752776204
1 4 3 28 39 25 88702770313969 171817550949
1 4 1 28 39 27 88874523090173 171854963272
1 4 4 28 39 29 88874587864918 171715407762
1 4 0 28 39 24 89046378053445 171766474013
1 4 0 28 39 22 89218144527458 171766474013
1 4 3 28 39 42 89046303272680 171803883667
1 4 2 28 39 5 89218107156347 171803845101
1 4 1 28 39 19 89389911001471 84277494680
1 4 2 28 39 40 89474188496151 84277494680
1 4 3 28 39 22 89558465990831 84277494680
1 4 4 28 39 35 89642743485511 84277494680
1 4 3 28 39 3 89727020980191 214616164165
1 4 0 28 39 33 89727020980191 143077441190
1 4 4 28 39 39 89941637144356 214616164165
1 4 1 28 39 28 89870098421381 143077505712
1 4 2 28 39 20 90013175927093 143077441190
1 1 0 28 28 18 88218275945380 114501743555
1 1 3 28 28 25 88218275945380 114545160658
1 1 1 28 28 27 88332777688935 114570237377
1 1 4 28 28 29 88332821106038 114476696407
1 1 0 28 28 24 88447347926312 114510924932
1 1 0 28 28 22 88561858851244 114510924932
1 1 3 28 28 42 88447297802445 114535999853
1 1 2 28 28 5 88561833802298 114535973863
1 1 1 28 28 19 88676369776176 56185001204
1 1 2 28 28 40 88732554777380 56185001204
1 1 3 28 28 22 88788739778584 56185001204
1 1 4 28 28 35 88844924779788 56185001204
1 1 3 28 28 3 88901109780992 143077460995
1 1 0 28 28 33 88901109780992 95384966102
1 1 4 28 28 39 89044187241987 143077460995
1 1 1 28 28 28 88996494747094 95385009584
1 1 2 28 28 20 89091879756678 95384966102
1 2 0 28 20 18 89187264722780 114501731276
1 2 3 28 20 25 89187264722780 114545148375
1 2 1 28 20 27 89301766454056 114570225092
1 2 4 28 20 29 89301809871155 114476684131
1 2 0 28 20 24 89416336679148 114510912653
1 2 0 28 20 22 89530847591801 114510912653
1 2 3 28 20 42 89416286555286 114535987571
1 2 2 28 20 5 89530822542857 114535961581
1 2 1 28 20 19 89645358504454 56184995179
1 2 2 28 20 40 89701543499633 56184995179
1 2 3 28 20 22 89757728494812 56184995179
1 2 4 28 20 35 89813913489991 56184995179
1 2 3 28 20 3 89870098485170 143077439536
1 2 0 28 20 33 89870098485170 95384958622
1 2 4 28 20 39 90013175924706 143077439536
1 2 1 28 20 28 89965483443792 95385002104
1 2 2 28 20 20 90060868445896 95384958622
2 0 0 20 18 18 90156253404518 137463181046
2 0 3 20 18 25 90156253404518 137515177913
2 0 1 20 18 27 90293716585564 137545210096
2 0 4 20 18 29 90293768582431 137433184193
2 0 0 20 18 24 90431261795660 137474176757
2 0 0 20 18 22 90568735972417 137474176757
2 0 3 20 18 42 90431201766624 137504206781
2 0 2 20 18 5 90568705973405 137504175730
2 0 1 20 18 19 90706210149174 67451946075
2 0 2 20 18 40 90773662095249 67451946075
2 0 3 20 18 22 90841114041324 67451946075
2 0 4 20 18 35 90908565987399 67451946075
2 0 3 20 18 3 90976017933474 171769208408
2 0 0 20 18 33 90976017933474 114512796178
2 0 4 20 18 39 91147787141882 171769208408
2 0 1 20 18 28 91090530729652 114512848125
2 0 2 20 18 20 91205043577777 114512796178
2 3 0 20 25 18 90156253404518 137488713815
2 3 3 20 25 25 90156253404518 137540720211
2 3 1 20 25 27 90293742118333 137570757898
2 3 4 20 25 29 90293794124729 137458711464
2 3 0 20 25 24 90431312876231 137499711540
2 3 0 20 25 22 90568812587771 137499711540
2 3 3 20 25 42 90431252836193 137529747068
2 3 2 20 25 5 90568782583261 137529716012
2 3 1 20 25 19 90706312299311 67464474743
2 3 2 20 25 40 90773776774054 67464474743
2 3 3 20 25 22 90841241248797 67464474743
2 3 4 20 25 35 90908705723540 67464474743
2 3 3 20 25 3 90976170198283 171801113191
2 3 0 20 25 33 90976170198283 114534066027
2 3 4 20 25 39 91147971311474 171801113191
2 3 1 20 25 28 91090704264310 114534117984
2 3 2 20 25 20 91205238382294 114534066027
2 1 0 20 27 18 91319556373955 137502667327
2 1 3 20 27 25 91319556373955 137554678946
2 1 1 20 27 27 91457059041282 137584719632
2 1 4 20 27 29 91457111052901 137472661981
2 1 0 20 27 24 91594643760914 137513666162
2 1 0 20 27 22 91732157427076 137513666162
2 1 3 20 27 42 91594583714882 137543704697
2 1 2 20 27 5 91732127419579 137543673638
2 1 1 20 27 19 91869671093238 67471321593
2 1 2 20 27 40 91937142414831 67471321593
2 1 3 20 27 22 92004613736424 67471321593
2 1 4 20 27 35 92072085058017 67471321593
2 1 3 20 27 3 92139556379610 171818548980
2 1 0 20 27 33 92139556379610 114545689885
2 1 4 20 27 39 92311374928590 171818548980
2 1 1 20 27 28 92254102069495 114545741848
2 1 2 20 27 20 92368647811343 114545689885
2 4 0 20 29 18 91319772448321 137449235424
2 4 3 20 29 25 91319772448321 137501227101
2 4 1 20 29 27 91457221683745 137531256269
2 4 4 20 29 29 91457273675422 137419241583
2 4 0 20 29 24 91594752940014 137460230041
2 4 0 20 29 22 91732213170055 137460230041
2 4 3 20 29 42 91594692917005 137490257060
2 4 2 20 29 5 91732183174065 137490226013
2 4 1 20 29 19 91869673400096 67445103104
2 4 2 20 29 40 91937118503200 67445103104
2 4 3 20 29 22 92004563606304 67445103104
2 4 4 20 29 35 92072008709408 67445103105
2 4 3 20 29 3 92139453812513 171751782498
2 4 0 20 29 33 92139453812513 114501178905
2 4 4 20 29 39 92311205595011 171751782498
2 4 1 20 29 28 92253954991418 114501230847
2 4 2 20 29 20 92368456222265 114501178905
2 0 0 20 24 18 92483193501228 137466535783
2 0 3 20 24 25 92483193501228 137518533917
2 0 1 20 24 27 92620660037011 137548566814
2 0 4 20 24 29 92620712035145 137436538216
2 0 0 20 24 24 92758208603825 137477531765
2 0 0 20 24 22 92895686135590 137477531765
2 0 3 20 24 42 92758148573361 137507562513
2 0 2 20 24 5 92895656135874 137507531462
2 0 1 20 24 19 93033163667355 67453592213
2 0 2 20 24 40 93100617259568 67453592213
2 0 3 20 24 22 93168070851781 67453592213
2 0 4 20 24 35 93235524443994 67453592213
2 0 3 20 24 3 93302978036207 154653705476
2 0 0 20 24 33 93302978036207 123722797801
2 0 4 20 24 39 93457631741683 154653589481
2 0 1 20 24 28 93426700834008 123722909821
2 0 2 20 24 20 93550423743829 123722928491
2 0 0 20 22 18 93612285331164 154653589482
2 0 3 20 22 25 93674146672320 123722909820
2 0 1 20 22 27 93766938920646 154653705478
2 0 4 20 22 29 93797869582140 123722797800
2 0 0 20 22 24 93921592626124 137492475498
2 0 0 20 22 22 94059085101622 137492475498
2 0 3 20 22 42 93921592379940 137492615535
2 0 2 20 22 5 94059084995475 137492584500
2 0 1 20 22 19 94196577579975 67453592213
2 0 2 20 22 40 94264031172188 67453592213
2 0 3 20 22 22 94331484764401 67453592213
2 0 4 20 22 35 94398938356614 67453592213
2 0 3 20 22 3 94466391948827 171773400373
2 0 0 20 22 33 94466391948827 114515590816
2 0 4 20 22 39 94638165349200 171773400373
2 0 1 20 22 28 94580907539643 114515642765
2 0 2 20 22 20 94695423182408 114515590816
2 3 0 20 42 18 92482957401170 137485365332
2 3 3 20 42 25 92482957401170 137537370494
2 3 1 20 42 27 92620442766502 137567407449
2 3 4 20 42 29 92620494771664 137455363711
2 3 0 20 42 24 92758010173951 137496362801
2 3 0 20 42 22 92895506536752 137496362801
2 3 3 20 42 42 92757950135375 137526397607
2 3 2 20 42 5 92895476532982 137526366552
2 3 1 20 42 19 93033002899553 67462831680
2 3 2 20 42 40 93100465731233 67462831680
2 3 3 20 42 22 93167928562913 67462831680
2 3 4 20 42 35 93235391394593 67462831680
2 3 3 20 42 3 93302854226273 171796929064
2 3 0 20 42 33 93302854226273 114531276608
2 3 4 20 42 39 93474651155337 171796929064
2 3 1 20 42 28 93417385502881 114531328564
2 3 2 20 42 20 93531916831445 114531276608
2 2 0 20 5 18 93646448108053 137485357995
2 2 3 20 5 25 93646448108053 137537363154
2 2 1 20 5 27 93783933466048 137567400108
2 2 4 20 5 29 93783985471207 137455356376
2 2 0 20 5 24 93921500866156 137496355463
2 2 0 20 5 22 94058997221619 137496355463
2 2 3 20 5 42 93921440827583 137526390268
2 2 2 20 5 5 94058967217851 137526359212
2 2 1 20 5 19 94196493577082 67462828080
2 2 2 20 5 40 94263956405162 67462828080
2 2 3 20 5 22 94331419233242 67462828080
2 2 4 20 5 35 94398882061322 67462828080
2 2 3 20 5 3 94466344889402 171796919896
2 2 0 20 5 33 94466344889402 114531270496
2 2 4 20 5 39 94638141809298 171796919896
2 2 1 20 5 28 94580876159898 114531322452
2 2 2 20 5 20 94695407482350 114531270496
2 1 0 20 19 18 94809938773224 67445334691
2 1 3 20 19 25 94809938773224 67471089830
2 1 1 20 19 27 94877384107915 67485965456
2 1 4 20 19 29 94877409863054 67430476731
2 1 0 20 19 24 94944870073371 67450781132
2 1 0 20 19 22 95012320854503 67450781132
2 1 3 20 19 42 94944840339785 67465655679
2 1 2 20 19 5 95012305995464 67465640152
2 1 1 20 19 19 95079771635635 33094878522
2 1 2 20 19 40 95112866514157 33094878522
2 1 3 20 19 22 95145961392679 33094878522
2 1 4 20 19 35 95179056271201 33094878522
2 1 3 20 19 3 95212151149723 84277495639
2 1 0 20 19 33 95212151149723 56184992376
2 1 4 20 19 39 95296428645362 84277495639
2 1 1 20 19 28 95268336142099 56185018352
2 1 2 20 19 20 95324521160451 56184992376
2 2 0 20 40 18 95380706152827 67445334687
2 2 3 20 40 25 95380706152827 67471089834
2 2 1 20 40 27 95448151487514 67485965455
2 2 4 20 40 29 95448177242661 67430476732
2 2 0 20 40 24 95515637452969 67450781132
2 2 0 20 40 22 95583088234101 67450781132
2 2 3 20 40 42 95515607719393 67465655679
2 2 2 20 40 5 95583073375072 67465640152
2 2 1 20 40 19 95650539015233 33094878522
2 2 2 20 40 40 95683633893755 33094878522
2 2 3 20 40 22 95716728772277 33094878522
2 2 4 20 40 35 95749823650799 33094878522
2 2 3 20 40 3 95782918529321 84277495639
2 2 0 20 40 33 95782918529321 56184992376
2 2 4 20 40 39 95867196024960 84277495639
2 2 1 20 40 28 95839103521697 56185018352
2 2 2 20 40 20 95895288540049 56184992376
2 3 0 20 22 18 95951473532425 67445334687
2 3 3 20 22 25 95951473532425 67471089834
2 3 1 20 22 27 96018918867112 67485965455
2 3 4 20 22 29 96018944622259 67430476732
2 3 0 20 22 24 96086404832567 67450781132
2 3 0 20 22 22 96153855613699 67450781132
2 3 3 20 22 42 96086375098991 67465655679
2 3 2 20 22 5 96153840754670 67465640152
2 3 1 20 22 19 96221306394831 33094878522
2 3 2 20 22 40 96254401273353 33094878522
2 3 3 20 22 22 96287496151875 33094878522
2 3 4 20 22 35 96320591030397 33094878522
2 3 3 20 22 3 96353685908919 84277495639
2 3 0 20 22 33 96353685908919 56184992376
2 3 4 20 22 39 96437963404558 84277495639
2 3 1 20 22 28 96409870901295 56185018352
2 3 2 20 22 20 96466055919647 56184992376
2 4 0 20 35 18 96522240912023 67445334687
2 4 3 20 35 25 96522240912023 67471089834
2 4 1 20 35 27 96589686246710 67485965455
2 4 4 20 35 29 96589712001857 67430476732
2 4 0 20 35 24 96657172212165 67450781132
2 4 0 20 35 22 96724622993297 67450781132
2 4 3 20 35 42 96657142478589 67465655679
2 4 2 20 35 5 96724608134268 67465640152
2 4 1 20 35 19 96792073774429 33094878522
2 4 2 20 35 40 96825168652951 33094878522
2 4 3 20 35 22 96858263531473 33094878522
2 4 4 20 35 35 96891358409995 33094878522
2 4 3 20 35 3 96924453288517 84277492227
2 4 0 20 35 33 96924453288517 56184993909
2 4 4 20 35 39 97008730780744 84277492227
2 4 1 20 35 28 96980638282426 56185019885
2 4 2 20 35 20 97036823302311 56184993909
2 3 0 20 3 18 97093008296220 171752773167
2 3 3 20 3 25 97093008296220 171817547911
2 3 1 20 3 27 97264761069387 171854960234
2 3 4 20 3 29 97264825844131 171715404726
2 3 0 20 3 24 97436616029621 171766470976
2 3 0 20 3 22 97608382500597 171766470976
2 3 3 20 3 42 97436541248857 171803880630
2 3 2 20 3 5 97608345129487 171803842063
2 3 1 20 3 19 97780148971573 84277493190
2 3 2 20 3 40 97864426464763 84277493190
2 3 3 20 3 22 97948703957953 84277493190
2 3 4 20 3 35 98032981451143 84277493190
2 3 3 20 3 3 98117258944333 214616169447
2 3 0 20 3 33 98117258944333 143077434582
2 3 4 20 3 39 98331875113780 214616169447
2 3 1 20 3 28 98260336378915 143077499104
2 3 2 20 3 20 98403413878019 143077434582
2 0 0 20 33 18 97093008296220 114501727806
2 0 3 20 33 25 97093008296220 114545144904
2 0 1 20 33 27 97207510024026 114570221620
2 0 4 20 33 29 97207553441124 114476680662
2 0 0 20 33 24 97322080245646 114510909183
2 0 0 20 33 22 97436591154829 114510909183
2 0 3 20 33 42 97322030121786 114535984100
2 0 2 20 33 5 97436566105886 114535958110
2 0 1 20 33 19 97551102064012 56184993476
2 0 2 20 33 40 97607287057488 56184993476
2 0 3 20 33 22 97663472050964 56184993476
2 0 4 20 33 35 97719657044440 56184993476
2 0 3 20 33 3 97775842037916 143077441317
2 0 0 20 33 33 97775842037916 95384952983
2 0 4 20 33 39 97918919479233 143077441317
2 0 1 20 33 28 97871226990899 95384996465
2 0 2 20 33 20 97966611987364 95384952983
2 4 0 20 39 18 98546491312601 171752773167
2 4 3 20 39 25 98546491312601 171817547911
2 4 1 20 39 27 98718244085768 171854960234
2 4 4 20 39 29 98718308860512 171715404726
2 4 0 20 39 24 98890099046002 171766470976
2 4 0 20 39 22 99061865516978 171766470976
2 4 3 20 39 42 98890024265238 171803880630
2 4 2 20 39 5 99061828145868 171803842063
2 4 1 20 39 19 99233631987954 84277493190
2 4 2 20 39 40 99317909481144 84277493190
2 4 3 20 39 22 99402186974334 84277493190
2 4 4 20 39 35 99486464467524 84277493190
2 4 3 20 39 3 99570741960714 214616173986
2 4 0 20 39 33 99570741960714 143077432543
2 4 4 20 39 39 99785358134700 214616173986
2 4 1 20 39 28 99713819393257 143077497065
2 4 2 20 39 20 99856896890322 143077432543
2 1 0 20 28 18 98061996940347 114501740084
2 1 3 20 28 25 98061996940347 114545157186
2 1 1 20 28 27 98176498680431 114570233905
2 1 4 20 28 29 98176542097533 114476692938
2 1 0 20 28 24 98291068914336 114510921462
2 1 0 20 28 22 98405579835798 114510921462
2 1 3 20 28 42 98291018790471 114535996382
2 1 2 20 28 5 98405554786853 114535970391
2 1 1 20 28 19 98520090757260 56184999501
2 1 2 20 28 40 98576275756761 56184999501
2 1 3 20 28 22 98632460756262 56184999501
2 1 4 20 28 35 98688645755763 56184999501
2 1 3 20 28 3 98744830755264 143077456659
2 1 0 20 28 33 98744830755264 95384963211
2 1 4 20 28 39 98887908211923 143077456659
2 1 1 20 28 28 98840215718475 95385006693
2 1 2 20 28 20 98935600725168 95384963211
2 2 0 20 20 18 99030985688379 114501727806
2 2 3 20 20 25 99030985688379 114545144904
2 2 1 20 20 27 99145487416185 114570221620
2 2 4 20 20 29 99145530833283 114476680662
2 2 0 20 20 24 99260057637805 114510909183
2 2 0 20 20 22 99374568546988 114510909183
2 2 3 20 20 42 99260007513945 114535984100
2 2 2 20 20 5 99374543498045 114535958110
2 2 1 20 20 19 99489079456171 56184993476
2 2 2 20 20 40 99545264449647 56184993476
2 2 3 20 20 22 99601449443123 56184993476
2 2 4 20 20 35 99657634436599 56184993476
2 2 3 20 20 3 99713819430075 143077444375
2 2 0 20 20 33 99713819430075 95384951608
2 2 4 20 20 39 99856896874450 143077444375
2 2 1 20 20 28 99809204381683 95384995090
2 2 2 20 20 20 99904589376773 95384951608
