19 23 19683 100000118525840
10 10 13 6 6 6 0 16822968183
10 10 10 6 6 16 0 16822951236
10 0 10 6 16 6 0 35229269028
10 0 0 6 16 16 0 98932779840
0 10 13 16 6 6 0 47353765485
0 10 10 16 6 16 0 47353753591
0 0 10 16 16 6 0 99121245490
0 0 0 16 16 16 0 278357316155
10 10 0 6 6 16 16822951236 27635357877
10 10 10 6 6 6 16822968183 11997517216
10 10 14 6 6 6 28820485399 25237244666
10 10 10 6 6 19 28820485399 25237236234
10 0 14 6 16 6 35229269028 55365683063
10 0 10 6 16 19 35229269028 110731040961
10 10 11 6 6 16 44458309113 27635387737
0 10 0 16 6 16 47353753591 77788939159
0 10 10 16 6 6 47353765485 33771017448
10 10 10 6 6 9 54057721633 41269700349
10 10 0 6 6 19 54057730065 18036019170
10 10 0 6 6 20 72093749235 21859946256
10 10 11 6 6 19 72093749235 21859921380
0 10 14 16 6 6 81124782933 71038480586
0 10 10 16 6 19 81124782933 71038464148
10 0 2 6 16 6 90594952091 55365530631
10 10 11 6 6 20 93953695491 10391988499
10 10 10 6 6 22 95327421982 41269806863
10 0 11 6 16 16 98932779840 98932684401
0 0 14 16 16 6 99121245490 155776813271
0 0 10 16 16 19 99121245490 311553267212
10 10 16 6 6 10 104345683990 10391922547
10 10 16 6 6 19 114737606537 21859857275
10 10 17 6 6 10 114737606537 21859931704
0 10 11 16 6 16 125142692750 77788811668
10 10 10 6 19 16 136597228845 50988438730
10 10 16 6 6 22 136597463812 20756412413
10 10 17 6 6 19 136597538241 20756329704
10 0 10 6 16 9 145960309989 126747253546
10 0 0 6 16 19 145960482722 51905080901
0 10 10 16 6 9 152163247081 116167125194
0 10 0 16 6 19 152163263519 50768263960
10 10 14 6 6 9 157353867945 28979156875
10 10 17 6 6 22 157353876225 28989933988
10 10 16 6 6 12 157353876225 40610133168
10 10 2 6 6 9 186333024820 28991961862
10 10 14 6 6 22 186343810213 28981188033
10 10 10 6 19 6 187585667575 50988277566
10 0 0 6 16 20 197865563623 68317363600
10 0 11 6 16 19 197865563623 68317341323
10 10 17 6 6 12 197964009393 40610192140
0 10 0 16 6 20 202931527479 61531950454
0 10 11 16 6 19 202931527479 61531916002
10 14 10 6 6 10 215324986682 39126205128
10 10 2 6 6 22 215324998246 22932887870
10 10 0 6 6 5 238257886116 22933086697
10 10 10 6 19 19 238573945141 113763747614
10 14 0 6 6 15 238574201533 59945112388
10 10 14 6 19 6 238574201533 56882078385
10 14 14 6 6 10 254451191810 39126186662
0 0 2 16 16 6 254898058761 155776808635
10 10 11 6 6 5 261190972813 35756258891
10 10 0 6 19 16 261190972813 73194453892
0 10 11 16 6 20 264463477933 29251127576
10 0 11 6 16 20 266182927223 32477390402
0 10 10 16 6 22 268330372275 116167408430
10 0 10 6 16 22 272707563535 126747276080
0 0 11 16 16 16 278357316155 278357359042
10 14 2 6 6 10 293577378472 39126070898
0 10 16 16 6 10 293714605509 29251616118
10 10 2 6 19 6 295456279918 56881991348
10 14 10 6 6 5 296947231704 35756270228
10 14 11 6 6 15 298519313921 59945225913
10 0 16 6 16 10 298660317625 32477400854
0 10 16 16 6 19 322966221627 61531805121
0 10 17 16 6 10 322966221627 61531963468
10 0 16 6 16 19 331137718479 68317354616
10 0 17 6 16 10 331137718479 68317375520
10 14 10 6 6 0 332703501932 66345414148
10 14 0 6 6 5 332703501932 25761208927
10 10 11 6 19 16 334385426705 73194173587
10 10 10 6 19 9 352337692755 120577476470
10 10 0 6 19 19 352338271266 55241199070
10 14 0 6 6 17 358464710859 36237818396
10 14 11 6 6 5 358464710859 36237808103
0 10 10 16 19 16 384497780705 143529287883
0 10 16 16 6 22 384498026748 58425291360
0 10 17 16 6 19 384498185095 58425120564
10 14 11 6 6 17 394702529255 17227068642
10 14 10 6 6 18 399048916080 66345455011
10 0 16 6 16 22 399455073095 53533393506
10 0 17 6 16 19 399455093999 51266199518
10 10 0 6 19 20 407579470336 63004957598
10 10 11 6 19 19 407579600292 63004900783
0 0 10 16 16 9 410674512702 356616866986
0 0 0 16 16 19 410674867396 146039873866
10 14 16 6 6 12 411929597897 17227060915
10 14 16 6 6 5 429156658812 36237891003
10 14 17 6 6 12 429156658812 36237908098
0 10 14 16 6 9 442923305659 81571065911
0 10 17 16 6 22 442923318108 81597741201
0 10 16 16 6 12 442923318108 114316911068
10 0 14 6 16 9 450721293517 85264432888
10 11 10 6 16 19 450721293517 145741132116
10 0 17 6 16 22 452988466601 84131768574
10 0 16 6 16 12 452988466601 168262589037
10 14 16 6 6 18 465394549815 27700913683
10 14 17 6 6 5 465394566910 27700881646
10 10 11 6 19 20 470584501075 29951882459
10 10 10 6 19 22 472915169225 120577255456
10 14 14 6 6 0 493095448556 34601170064
10 14 17 6 6 18 493095463498 34617515771
10 14 16 6 6 13 493095463498 79367911441
10 10 16 6 19 10 500536383534 29951930429
0 10 2 16 6 9 524494371570 81597459562
0 10 14 16 6 22 524521059309 81570798885
10 14 2 6 6 0 527696618620 34609800880
10 14 14 6 6 18 527712979269 34609842458
0 10 10 16 19 6 528027068588 143529015361
10 10 16 6 19 19 530488313963 63004854787
10 10 17 6 19 10 530488313963 63005233411
10 0 2 6 16 9 535985726405 85265315732
10 0 14 6 16 22 537120235175 84130812867
0 0 0 16 16 20 556714741262 192218163086
0 0 11 16 16 19 556714741262 192218105032
0 10 17 16 6 12 557240229176 114316069650
10 2 10 6 6 12 562306419500 34617611696
10 14 2 6 6 18 562322821727 34601207635
10 14 1 6 6 13 572463374939 79367769473
10 10 10 6 9 16 593492424681 131646159299
10 10 16 6 19 22 593493168750 61586110091
10 10 17 6 19 19 593493547374 61585727699
10 11 14 6 16 19 596462425633 145741335744
10 14 0 6 6 21 596924029362 106821448451
10 2 10 6 6 20 596924031196 29337065131
10 2 0 6 6 12 596924031196 75442536684
0 14 10 16 6 10 606091831132 110124464722
0 10 2 16 6 22 606091858194 64552098156
10 11 10 6 16 4 621251042137 180239391163
10 0 2 6 16 22 621251048042 60079866693
10 0 1 6 16 12 621251055638 133237068993
10 2 14 6 6 20 626261096327 46105513918
10 2 10 6 6 5 626261096327 92210924355
10 14 17 6 6 13 651831144412 79367732364
10 10 14 6 19 9 655079275073 92507293320
10 10 17 6 19 22 655079278841 92537743633
10 10 16 6 19 12 655079278841 100853085459
0 10 0 16 6 5 670643956350 64552795546
0 10 10 16 19 19 671556083949 320283600504
0 14 0 16 6 15 671556298826 168707500629
0 10 14 16 19 6 671556298826 160143552029
10 2 11 6 6 12 672366567880 75442486224
10 2 2 6 6 20 672366610245 46105477616
10 0 0 6 16 5 681330914735 60079756022
10 14 11 6 6 21 703745477813 106821140919
0 14 14 16 6 10 716216295854 110124496084
10 2 0 6 6 5 718472087861 29337075620
10 10 10 6 9 6 725138583980 131646113612
10 2 10 6 6 13 731198876776 79367677758
0 10 11 16 6 5 735196751896 100634182056
0 10 0 16 19 16 735196751896 206082676550
10 0 11 6 16 5 741410670757 60079885829
10 11 2 6 16 19 742203761377 145741652806
10 10 2 6 19 9 747586568393 92538110923
10 10 14 6 19 22 747617022474 92507646098
10 2 0 6 6 18 747809163481 42536362457
10 2 11 6 6 5 747809163481 42536352628
0 0 11 16 16 20 748932904348 91378591586
10 0 17 6 16 12 754488124631 133237164110
10 10 17 6 19 12 755932364300 100853012656
0 0 10 16 16 22 767291379688 356616249016
10 2 11 6 6 18 790345525938 20221351863
10 11 10 6 16 8 801490556586 43227581810
10 2 10 6 6 21 810566618732 56301503716
10 2 16 6 6 3 810566877801 18141092739
0 14 2 16 6 10 826340791938 110124515357
10 2 16 6 6 5 828707970540 38160455762
10 2 17 6 6 3 828707970540 38160468566
0 10 2 16 19 6 831699850855 160140797173
0 14 10 16 6 5 835830933952 100634407644
10 10 2 6 19 22 840124679316 43983898411
0 14 11 16 6 15 840263799455 168707399586
0 0 16 16 16 10 840311495934 91378438524
10 11 0 6 16 11 844718138396 43227500651
10 10 10 6 9 19 856784697592 170756291903
10 10 14 6 9 6 856785376956 85379200765
10 2 16 6 6 21 866868426302 27700947988
10 2 17 6 6 5 866868439106 27700925741
10 10 0 6 19 5 884108577727 43984054510
10 11 10 6 16 12 887725288741 133237494021
10 11 11 6 16 11 887945639047 67404980992
10 11 0 6 16 4 887945639047 67381532411
10 2 14 6 6 13 894569364847 36781323069
10 2 17 6 6 21 894569374290 36795308712
10 2 16 6 6 6 894569374290 63022705032
10 10 11 6 19 5 928092632237 92521327504
10 10 0 6 9 16 928092632237 92522946138
10 2 2 6 6 13 931350687916 36797520470
10 2 14 6 6 21 931364683002 36783520376
0 0 16 16 16 19 931689934458 192217919289
0 0 17 16 16 10 931689934458 192217973184
0 14 10 16 6 0 936465341596 186728794521
0 14 0 16 6 5 936465341596 72505990311
0 10 11 16 19 16 941279428446 206082568131
10 10 2 6 9 6 942164577721 85379128332
10 11 0 6 16 17 955327171458 67404950849
10 11 11 6 16 4 955350620039 67381510898
10 2 17 6 6 6 957592079322 63022473721
10 2 2 6 6 21 968148208386 17488869679
10 2 0 6 6 7 985637078065 17488839007
0 10 10 16 19 9 991839684453 339472209978
0 10 0 16 19 19 991840648028 155521124615
10 2 11 6 6 7 1003125917072 17488837752
0 14 0 16 6 17 1008971331907 101990670955
0 14 11 16 6 5 1008971331907 101990648642
10 0 0 6 19 16 1020614754824 23594591892
10 0 2 6 19 11 1020614754824 23594599204
10 10 11 6 9 16 1020615578375 91825977040
10 11 10 6 16 20 1020962782762 133237338931
10 11 11 6 16 17 1022732130937 32037806240
10 10 10 6 9 9 1027540989495 172623466079
10 10 0 6 9 19 1027543706053 84897492407
10 0 6 6 19 16 1044209346716 38759209642
10 0 0 6 19 11 1044209354028 16826815932
10 11 16 6 16 2 1054769937177 32037872182
10 0 9 6 19 11 1061036169960 35395816043
10 0 0 6 19 6 1061036169960 35395805956
10 0 7 6 19 16 1082968556358 38759323777
10 11 16 6 16 4 1086807809359 67392720714
10 11 17 6 16 2 1086807809359 67392746167
10 0 0 6 19 1 1096431975916 57881846378
10 0 6 6 19 6 1096431986003 25295934496
0 14 11 16 6 17 1110962002862 48485296546
10 10 0 6 9 20 1112441198460 88230466827
10 10 11 6 9 19 1112441555415 88230165126
10 0 6 6 19 18 1121727920499 30659087948
10 0 7 6 19 6 1121727920499 30659065364
0 14 10 16 6 18 1123194136117 186728829231
0 0 16 16 16 22 1123907853747 150622237395
0 0 17 16 16 19 1123907907642 144242362970
0 10 0 16 19 20 1147361772643 177385373577
0 10 11 16 19 19 1147361996577 177385226128
10 0 7 6 19 18 1152387008447 14575001401
10 11 16 6 16 20 1154200530073 52376077614
10 11 17 6 16 4 1154200555526 52376055348
10 0 0 6 19 19 1154313822294 57881879287
0 14 16 16 6 12 1159447299408 48485130633
10 0 4 6 19 13 1166962009848 14574963448
10 0 4 6 19 6 1181536973296 30658951434
10 0 11 6 19 13 1181536973296 30659025772
10 10 10 6 9 22 1200164455574 172623457577
10 10 11 6 9 20 1200671720541 41943847949
10 11 16 6 16 5 1206576607687 80937604514
10 11 14 6 16 12 1206576610874 80900716855
10 11 17 6 16 20 1206576610874 80918971605
0 14 16 16 6 5 1207932430041 101990688814
0 14 17 16 6 12 1207932430041 101990722266
10 0 0 6 20 16 1212195701581 74919346297
10 0 4 6 19 19 1212195924730 28827258391
10 0 11 6 19 6 1212195999068 28827154201
10 0 9 6 19 1 1241023153269 48388943615
10 11 10 6 19 6 1241023153269 119801417464
10 0 11 6 19 19 1241023183121 48405101617
10 0 4 6 19 14 1241023183121 60505746447
10 10 16 6 9 10 1242615568490 41943896433
0 0 14 16 16 9 1268150270612 239900419776
0 11 10 16 16 19 1268150270612 410058883065
0 0 17 16 16 22 1274530091142 236713211902
0 0 16 16 16 12 1274530091142 473423872494
10 10 16 6 9 19 1284559464923 88229875991
10 10 17 6 9 10 1284559464923 88230897640
10 0 0 6 20 6 1287115047878 74919311179
10 11 2 6 16 12 1287477327729 80936563658
10 11 14 6 16 20 1287495582479 80918296203
10 11 17 6 16 5 1287514212201 80899737965
10 0 1 6 19 1 1289412096884 48405164641
10 0 9 6 19 19 1289428284738 48388975750
10 0 11 6 19 14 1301528929568 60505732112
0 14 16 16 6 18 1309923118855 77963631126
0 14 17 16 6 5 1309923152307 77963563887
0 10 11 16 19 20 1324747222705 84326970177
0 10 10 16 19 22 1331311894431 339472931581
10 0 1 6 19 19 1337817261525 23007432095
10 0 6 6 19 22 1360824693620 34526542431
10 11 10 6 19 19 1360824693620 45481290209
10 0 0 6 20 19 1362034359057 90450831486
10 0 9 6 20 6 1362034661680 52971578113
10 11 2 6 16 20 1368413891387 41685632956
10 11 14 6 19 6 1368413950166 70023277164
10 10 10 6 22 16 1372787913151 180233935569
10 10 16 6 9 22 1372789340914 87243933617
10 10 17 6 9 19 1372790362563 87242910780
0 14 14 16 6 0 1387886716194 97384058048
0 14 17 16 6 18 1387886749981 97431390548
0 14 16 16 6 13 1387886749981 223379342739
10 0 7 6 19 22 1395351236051 72626685007
10 0 6 6 20 16 1395351236051 72626680125
10 11 10 6 19 14 1406305983829 45481228140
0 10 16 16 19 10 1409074192882 84326860920
10 11 0 6 16 6 1410099524343 41686055503
10 0 1 6 20 6 1415006239793 52971640597
10 11 2 6 19 6 1438437227330 70023021743
10 11 11 6 16 6 1451785579846 56674737409
10 11 10 6 19 9 1451787211969 105739730826
10 11 0 6 19 16 1451787211969 56674708006
10 0 0 6 20 9 1452485190543 90450294037
10 10 14 6 9 9 1460033273343 133869207478
10 10 17 6 9 22 1460033274531 133914185830
10 10 16 6 9 12 1460033274531 136613747444
10 0 6 6 20 19 1467977916176 41860483676
10 0 7 6 20 16 1467977921058 41875705988
0 14 2 16 6 0 1485270774242 97407553366
0 14 14 16 6 18 1485318140529 97410289666
0 10 16 16 19 19 1493401053802 177384756847
0 10 17 16 19 10 1493401053802 177385737302
0 0 2 16 16 9 1508050690388 239903141834
10 11 11 6 19 16 1508461919975 39185795927
10 11 0 6 19 19 1508461919975 39168167049
10 0 6 6 20 20 1509838399852 41873274565
10 0 7 6 20 19 1509853627046 41858067887
0 0 14 16 16 22 1511243303044 236710544620
10 0 0 6 20 22 1542935484580 90451546188
10 11 0 6 19 20 1547630087024 39194461422
10 11 11 6 19 19 1547647715902 39176825440
10 0 7 6 20 20 1551711694933 19903807584
10 10 10 6 22 6 1553021848720 180234539786
10 11 10 6 19 22 1557526942795 105739878776
10 0 4 6 20 10 1571615502517 19903763608
0 2 10 16 6 12 1582678327608 97429547894
0 14 2 16 6 18 1582728430195 97379441415
10 11 11 6 19 20 1586824548446 18628486642
10 0 4 6 20 19 1591519266125 41868309737
10 0 11 6 20 10 1591519266125 41868328763
10 10 2 6 9 9 1593902480821 133911355695
10 10 14 6 9 22 1593947460361 133866359596
10 10 17 6 9 12 1596647021975 136610575846
10 11 16 6 19 10 1605453035088 18628413112
0 14 1 16 6 13 1611266092720 223378591953
10 11 16 6 19 19 1624081448200 39185609331
10 11 17 6 19 10 1624081448200 39185634182
10 0 4 6 20 22 1633387575862 33392254310
10 0 11 6 20 19 1633387594888 32870056488
10 11 16 6 19 22 1663267057531 32275838101
10 11 17 6 19 19 1663267082382 32275797586
10 0 9 6 20 9 1666257651376 51657818919
10 11 10 6 20 19 1666257651376 103317106519
10 0 11 6 20 22 1666779830172 51398101488
10 0 4 6 20 12 1666779830172 109331997931
0 10 10 16 9 16 1670784826012 370885956681
0 10 16 16 19 22 1670785810649 173361388797
0 10 17 16 19 19 1670786791104 173360398726
0 11 14 16 16 19 1678209153677 410059169483
0 14 0 16 6 21 1680107871610 300647660242
0 2 10 16 6 20 1680107875502 82568812002
0 2 0 16 6 12 1680107875502 212332207276
10 11 14 6 19 9 1695542879968 41094892714
10 11 17 6 19 22 1695542895632 41108651540
10 11 16 6 19 12 1695542895632 85456910055
10 0 1 6 20 9 1717915470295 51659328376
10 0 9 6 20 22 1718177931660 51396866533
10 10 2 6 9 22 1727813836516 63650738927
10 10 10 6 22 19 1733256388506 197620037860
10 10 14 6 22 6 1733257597821 127874665242
10 11 2 6 19 9 1736637772682 41108462861
10 11 14 6 19 22 1736651547172 41094684862
0 11 10 16 16 4 1747953832222 507123091812
0 0 2 16 16 22 1747953847664 169040905316
0 0 1 16 16 12 1747953963636 374876886802
0 2 14 16 6 20 1762676687504 129763173884
0 2 10 16 6 5 1762676687504 259526901988
10 11 10 6 20 4 1769574798671 71173956208
10 0 1 6 20 22 1769574798671 27710540444
10 0 11 6 20 12 1776111828103 109332372104
10 11 2 6 19 22 1777746235543 19539154307
10 11 17 6 19 12 1780999805687 85457022281
10 10 0 6 9 5 1791464575443 63650815261
10 0 6 6 20 5 1797285339115 44079593854
10 11 13 6 20 22 1797285389850 43463493257
10 11 0 6 19 5 1797285389850 25543786624
10 11 11 6 19 5 1822829176474 53732343107
10 11 0 6 20 19 1822829176474 53732343064
0 14 17 16 6 13 1834644684673 223378361778
10 11 10 6 20 22 1840748883107 25708123500
10 0 7 6 20 5 1841364932969 44079481914
0 10 14 16 19 9 1844147189830 260277145868
0 10 17 16 19 22 1844147199446 260363952009
0 10 16 16 19 12 1844147199446 284202590386
10 10 11 6 9 5 1855115390704 133891890483
10 10 0 6 22 16 1855115390704 133891874887
10 10 2 6 22 6 1861132263063 127874970864
10 11 14 6 20 22 1866457006607 18987491942
10 11 11 6 20 19 1876561519581 25543791018
10 11 10 6 20 5 1885444414883 38130376463
10 11 0 6 20 2 1885444498549 16660851474
0 2 2 16 6 20 1892439861388 129763801135
0 2 11 16 6 12 1892440082778 212332239239
10 11 0 6 20 4 1902105350023 20198120290
10 11 11 6 20 2 1902105350023 20198097561
0 0 0 16 16 5 1916994752980 169041216536
10 11 11 6 20 4 1922303470313 9601961696
10 11 10 6 20 8 1923574791346 38130384411
10 10 10 6 22 9 1930876426366 197620522571
10 11 16 6 20 7 1931905432009 9601956267
10 11 16 6 20 2 1941507388276 20198100949
10 11 17 6 20 7 1941507388276 20198124156
10 11 16 6 20 8 1961705489225 15543870172
10 11 17 6 20 2 1961705512432 15543830431
10 11 16 6 20 11 1977249359397 35363420967
10 11 14 6 20 5 1977249342863 20639611511
10 11 17 6 20 8 1977249359397 20646868661
0 14 11 16 6 21 1980755531852 300647499759
10 10 0 6 22 19 1989007265591 85312887226
10 10 11 6 22 16 1989007281187 85341069231
10 11 2 6 20 5 1997888954374 20646818362
10 11 14 6 20 8 1997896228058 20639542792
10 11 17 6 20 11 2012612780364 35363620211
10 11 2 6 20 8 2018535772736 9813623199
0 2 0 16 6 5 2022203662523 82568745367
10 11 0 6 20 20 2028349395935 9813599354
10 11 11 6 20 20 2038162995289 9813632061
0 10 10 16 9 6 2041670782693 370885579849
10 16 13 6 10 6 2047976627350 15543865102
10 16 10 6 10 16 2047976627350 15543848597
0 2 10 16 6 13 2058023046451 223379921918
10 16 0 6 10 16 2063520475947 25534240495
10 16 10 6 10 6 2063520492452 11085340175
10 10 0 6 22 20 2074320152817 85343880831
10 10 11 6 22 19 2074348350418 85315701929
10 16 14 6 10 6 2074605832627 23318448301
10 16 10 6 10 19 2074605832627 23318440149
0 0 11 16 16 5 2086035969516 169041084421
0 11 2 16 16 19 2088268323160 410058645454
10 16 11 6 10 16 2089054716442 25534230561
10 16 10 6 10 9 2097924272776 38131948319
10 16 0 6 10 19 2097924280928 16664719912
0 10 2 16 19 9 2104424335698 260351408694
0 10 14 16 19 22 2104511151455 260264565293
0 2 0 16 6 18 2104772407890 119718167555
0 2 11 16 6 5 2104772407890 119718145659
10 16 0 6 10 20 2114589000840 20197888300
10 16 11 6 10 19 2114589000840 20197864740
0 0 17 16 16 12 2122830850438 374877250318
0 10 17 16 19 12 2128349789832 284207296321
10 10 10 6 22 22 2128496948937 197620734353
10 16 11 6 10 20 2134786889140 9601854162
10 16 10 6 10 22 2136056221095 38131977916
10 16 16 6 10 10 2144388743302 9601845973
10 16 16 6 10 19 2153990589275 20197840347
10 16 17 6 10 10 2153990589275 20197888883
10 10 11 6 22 20 2159664052347 40563731629
10 16 10 6 19 20 2174188199011 57874078760
10 16 16 6 10 22 2174188429622 18430737879
10 16 17 6 10 19 2174188478158 18430630621
10 17 10 6 10 19 2192619108779 70367821711
10 16 14 6 10 9 2192619108779 29048220816
10 16 17 6 10 22 2192619167501 29058660857
10 16 16 6 10 12 2192619167501 48658793194
10 10 16 6 22 10 2200227783976 40563740401
10 16 2 6 10 9 2221667329595 29057944096
10 16 14 6 10 22 2221677828358 29047450841
0 2 11 16 6 18 2224490575445 56912726616
10 16 10 6 19 21 2232062277771 57874649162
10 10 16 6 22 19 2240791524377 85327390528
10 10 17 6 22 10 2240791524377 85327428602
10 16 17 6 10 12 2241277960695 48659266168
10 16 2 6 10 22 2250725279199 13811350935
0 11 10 16 16 8 2255077053937 121624852547
10 17 0 6 10 19 2262986930490 70368475692
10 16 0 6 10 5 2264536630134 33872089705
10 17 10 6 10 22 2264536630134 25402896537
0 2 10 16 6 21 2281403031611 158459950579
0 2 16 16 6 3 2281403302061 51057845635
10 16 10 6 19 22 2289936926933 78049335458
10 16 14 6 19 21 2289937226863 39861479318
10 17 14 6 10 22 2289939526671 39860445196
10 17 10 6 10 2 2289939526671 79720587094
10 16 11 6 10 5 2298408719839 71251361769
10 16 0 6 19 20 2298408719839 71251364897
10 10 16 6 22 22 2326118914905 68420425575
10 10 17 6 22 19 2326118952979 68420345429
10 16 2 6 19 21 2329798706181 39861595390
10 17 2 6 10 22 2329799971867 39860231372
0 2 16 16 6 5 2332461147696 107402121311
0 2 17 16 6 3 2332461147696 107402147557
10 17 11 6 10 19 2333355406182 70368990654
0 10 2 16 19 22 2364775744392 123751280734
10 16 10 6 19 0 2367986262391 78054964188
10 16 11 6 19 20 2369660084736 39095576636
10 17 10 6 10 5 2369660113765 85047220679
10 17 0 6 10 2 2369660203239 34064433821
10 16 0 6 19 22 2369660301571 39081881414
0 11 0 16 16 11 2376701906484 121625265828
10 10 14 6 22 9 2394539298408 82111783734
10 10 17 6 22 22 2394539340480 82139715761
10 10 16 6 22 12 2394539340480 237901365063
10 17 0 6 10 4 2403724637060 46099783007
10 17 11 6 10 2 2403724637060 46099769262
10 16 0 6 19 15 2408742182985 39095541778
10 16 11 6 19 22 2408755661372 39082125092
0 10 10 16 9 19 2412556362542 481137706129
0 10 14 16 9 6 2412557086153 240571284572
0 2 16 16 6 21 2439863269007 77963864491
0 2 17 16 6 5 2439863295253 77963820301
10 16 10 6 19 1 2446041226579 78049903891
10 16 11 6 19 15 2447837786464 18582399331
10 17 11 6 10 4 2449824420067 21915337559
10 17 10 6 10 8 2454707334444 85047238408
10 16 16 6 19 16 2466420185795 18582498100
10 17 16 6 10 7 2471739757626 21915317914
10 10 2 6 22 9 2476651082142 82139259889
10 10 14 6 22 22 2476679056241 82111484992
10 16 16 6 19 22 2485002683895 39089025375
10 16 17 6 19 16 2485002683895 39089044528
0 10 0 16 19 5 2488527025126 123751265341
10 17 16 6 10 2 2493655075540 46099740575
10 17 17 6 10 7 2493655075540 46099758764
0 11 10 16 16 12 2497708100756 374876870229
0 11 11 16 16 11 2498327172312 189647943271
0 11 0 16 16 4 2498327172312 189586144372
0 2 14 16 6 13 2517827115554 103524007197
0 2 17 16 6 21 2517827133498 103557124269
0 2 16 16 6 6 2517827133498 177374289618
10 16 16 6 19 1 2524091709270 30441950866
10 16 17 6 19 22 2524091728423 30441911901
10 17 16 6 10 8 2539754816115 35299031836
10 17 17 6 10 2 2539754834304 35298997229
10 16 14 6 19 0 2554533640324 36882261778
10 16 17 6 19 1 2554533660136 36894543678
10 16 16 6 19 2 2554533660136 100707916849
10 16 10 6 22 10 2558790342031 86832618061
10 10 2 6 22 22 2558790541233 77887852118
10 17 14 6 10 5 2575053831533 44408669955
10 17 17 6 10 8 2575053847951 44423715345
10 17 16 6 10 11 2575053847951 98135336913
10 16 2 6 19 0 2591415902102 36894335028
10 16 14 6 19 1 2591428203814 36882040683
0 10 11 16 19 5 2612278290467 260296704648
0 10 0 16 9 16 2612278290467 260331378389
10 17 2 6 10 5 2619462501488 44423817893
10 17 14 6 10 8 2619477563296 44408751201
0 2 2 16 6 13 2621351122751 103557560901
0 2 14 16 6 21 2621384257767 103524412528
10 17 10 6 19 16 2628310237130 57680252075
10 16 2 6 19 1 2628310244497 26931545775
10 10 17 6 22 12 2632440705543 237901083888
10 10 0 6 22 5 2636678393351 77887896398
10 16 10 6 22 19 2645622960092 86832764709
0 10 2 16 9 6 2653128370725 240571015167
10 16 17 6 19 2 2655241576985 116081608975
10 16 0 6 19 5 2655241790272 41946480847
10 16 13 6 22 22 2655241790272 77217263906
10 17 2 6 10 8 2663886319381 21114916810
10 17 17 6 10 11 2673189184864 98135265619
10 17 13 6 19 19 2685001236191 58669606493
10 17 0 6 10 20 2685001236191 35616698872
10 17 10 6 19 1 2685990489205 57680292991
0 11 0 16 16 17 2687913316684 189648944869
0 11 11 16 16 4 2687975115583 189587168386
0 2 17 16 6 6 2695201423116 177374101671
10 16 11 6 19 5 2697188271119 88236027851
10 16 0 6 22 10 2697188271119 88236027803
10 10 11 6 22 5 2714566289749 77887758238
10 17 11 6 10 20 2720617935063 74921094264
10 17 0 6 19 16 2720617935063 74921094222
0 2 2 16 6 21 2724908683652 49222302086
10 16 10 6 22 22 2732459054178 38864313649
10 17 10 6 19 19 2743670842684 27653790673
10 16 14 6 22 22 2771323367827 28023729465
10 17 14 6 19 19 2771324633357 29915540721
10 17 10 6 19 2 2771324633357 77904537222
0 2 0 16 6 7 2774130985738 49222304941
10 16 11 6 22 10 2785424298970 41946462902
10 16 10 6 22 0 2792454047987 77887988336
10 17 11 6 19 16 2795539029327 35616656629
10 16 0 6 22 11 2799347097292 28023702911
10 17 0 6 19 22 2801240174078 29915518945
0 2 11 16 6 7 2823353290679 49222441446
10 16 0 6 22 19 2827370800203 33645437356
10 16 11 6 22 11 2827370800203 33645413368
10 17 0 6 19 1 2831155693023 32526542315
10 17 11 6 19 22 2831155693023 32526487281
10 17 10 6 19 5 2849229170579 77904709205
10 16 11 6 22 19 2861016237559 15994757801
10 17 11 6 19 1 2863682235338 15462751280
10 16 10 6 22 12 2870342036323 56305759041
0 0 0 16 19 16 2872575732125 66340138617
0 0 2 16 19 11 2872575732125 66340148734
0 11 10 16 16 20 2872584970985 374876892734
0 10 11 16 9 16 2872609668856 260124425828
10 16 16 6 22 8 2877010995360 15994704372
0 11 11 16 16 17 2877562283969 90141750169
10 17 16 6 19 4 2879144986618 15462671666
10 16 16 6 22 11 2893005699732 33645678438
10 16 17 6 22 8 2893005699732 33645707640
0 10 10 16 9 9 2893694068671 487108103540
0 10 0 16 9 19 2893699385892 239033923676
10 17 16 6 19 22 2894607658284 32526468450
10 17 17 6 19 4 2894607658284 32526489395
10 16 10 6 12 6 2926647795364 120613423851
10 16 16 6 22 12 2926651378170 28764779625
10 16 17 6 22 11 2926651407372 28764751818
10 17 16 6 19 5 2927134126734 26242907622
10 17 17 6 19 22 2927134147679 26242875713
0 0 6 16 19 16 2938915870742 108977973316
0 0 0 16 19 11 2938915880859 47311304278
10 17 14 6 19 2 2953377023392 34714047731
10 17 17 6 19 5 2953377034356 34725826941
10 17 16 6 19 8 2953377034356 60465978070
10 16 16 6 22 1 2955416157795 44440109130
10 16 14 6 22 0 2955416159190 44439963324
10 16 17 6 22 12 2955416159190 44440054968
0 11 16 16 16 2 2967704034138 90141677895
0 0 9 16 19 11 2986227185137 99521266643
0 0 0 16 19 6 2986227185137 99521244270
10 17 2 6 19 2 2988091071123 34726018255
10 17 14 6 19 5 2988102861297 34714223926
10 16 2 6 22 0 2999856122514 47408817940
10 16 14 6 22 12 2999856214158 47408715921
10 16 17 6 22 1 2999856266925 39466223774
10 17 17 6 19 8 3013843012426 60465950114
10 17 2 6 19 5 3022817089378 16505485654
10 17 0 6 19 17 3039322575032 17493289083
10 17 13 6 22 19 3039322575032 34986482676
10 16 10 6 12 19 3047261219215 184354009700
10 16 14 6 12 6 3047264930079 111845109786
10 16 2 6 22 12 3047264940454 27044030530
0 0 7 16 19 16 3047893844058 108978243656
10 17 11 6 19 17 3056815864115 17493301300
0 11 16 16 16 4 3057845712033 189616546671
0 11 17 16 16 2 3057845712033 189616612257
10 16 0 6 22 14 3074308970984 63361944963
10 17 13 6 22 12 3074309057708 25144495663
10 14 0 6 9 20 3074309165415 20035864647
10 14 9 6 9 14 3074309165415 56265681794
10 17 1 6 22 19 3074309165415 70438662733
0 0 0 16 19 1 3085748429407 162744425392
0 0 6 16 19 6 3085748451780 71123639896
10 14 4 6 9 20 3094345030062 31487886924
10 14 0 6 9 3 3094345030062 62975696886
10 17 14 6 22 12 3099453553371 39516492347
10 17 13 6 22 5 3099453553371 79032951354
10 14 11 6 9 20 3125832916986 31487941444
10 14 1 6 9 14 3130574847209 56265717487
0 10 0 16 9 20 3132733309568 249148658115
0 10 11 16 9 19 3132734094684 249147919245
10 16 11 6 22 14 3137670915947 133284300864
10 16 0 6 12 16 3137670915947 133284291926
10 17 11 6 22 12 3138970045718 39516591915
10 17 18 6 22 19 3144747828148 70438883685
0 0 6 16 19 18 3156872091676 86202968739
0 0 7 16 19 6 3156872091676 86202922104
10 14 0 6 9 9 3157320726948 72084494809
10 14 9 6 9 3 3157320858430 29519822243
10 16 2 6 12 6 3159110039865 111845129469
10 17 13 6 22 21 3178486504725 92469052540
10 17 1 6 22 5 3178486637633 36700078474
10 14 9 6 9 7 3186840680673 38853980414
10 14 1 6 9 3 3186840680673 38853966225
10 17 1 6 22 8 3215186716107 48423237973
10 17 18 6 22 5 3215186716107 48423221389
10 14 1 6 9 7 3225694661087 18470738957
10 14 0 6 9 15 3229405221757 72084609732
10 16 10 6 12 9 3231615228915 184353392920
0 0 7 16 19 18 3243075060415 40979927781
10 14 6 6 9 13 3244165400044 18470731374
0 11 16 16 16 20 3247462258704 147365508995
0 11 17 16 16 4 3247462324290 147365451661
0 0 0 16 19 19 3248492854799 162744709298
10 14 6 6 9 3 3262636131418 38853944796
10 14 7 6 9 13 3262636131418 38853957966
10 17 18 6 22 8 3263609954080 23019836289
10 16 0 6 12 19 3270955207873 83354945510
10 16 11 6 12 16 3270955216811 83382208000
10 17 13 6 22 14 3270955557265 87117098160
0 0 4 16 19 13 3284054988196 40979987894
10 17 5 6 22 1 3286629790369 23019878402
10 14 6 6 9 15 3301490076214 31244410084
10 14 7 6 9 3 3301490089384 28456653871
10 17 5 6 22 5 3309649668771 48423227493
10 17 10 6 22 1 3309649668771 48423245402
0 0 4 16 19 6 3325034976090 86202839034
0 0 11 16 19 13 3325034976090 86203018827
10 14 4 6 9 9 3329946743255 50496653669
10 2 14 6 9 3 3329946743255 73277236858
10 14 7 6 9 15 3332734486298 49103038686
10 14 6 6 9 21 3332734486298 98205713753
10 16 0 6 12 20 3354310153383 83382266738
10 16 11 6 12 19 3354337424811 83355022622
10 17 5 6 22 14 3358072896264 36871628675
10 17 10 6 22 5 3358072914173 36871603042
10 14 11 6 9 9 3380443396924 50496886595
0 10 10 16 9 22 3380802172211 487108859579
10 14 4 6 9 15 3381837524984 49102738607
0 10 11 16 9 20 3381882013929 118442148757
0 11 16 16 16 5 3394827767699 227722286622
0 11 14 16 16 12 3394827775951 227622218650
0 11 17 16 16 20 3394827775951 227672838348
10 17 14 6 22 21 3394944517215 50566937475
10 17 10 6 22 14 3394944524939 50590918680
10 17 5 6 22 7 3394944524939 75867990831
10 2 15 6 9 3 3403223980113 73277254825
0 0 0 16 20 16 3411237564097 210662546424
0 0 4 16 19 19 3411237815124 81051373146
0 0 11 16 19 6 3411237994917 81051124424
10 16 10 6 12 22 3415968621835 184353957877
10 14 10 6 9 21 3430940263591 39612746068
10 14 11 6 9 15 3430940283519 37782761788
10 16 11 6 12 20 3437692447433 39632772848
10 17 11 6 22 21 3445511454690 50578548912
10 17 14 6 22 14 3445535443619 50578817673
10 14 9 6 9 16 3468723045307 77957769558
10 2 14 6 9 15 3468723045307 81055449856
10 14 7 6 9 21 3470553009659 39612722341
10 17 10 6 22 7 3470812515770 75868085260
10 2 12 6 9 3 3476501234938 73277262428
10 16 16 6 12 10 3477325220281 39632688658
0 0 9 16 19 1 3492289119341 136045945158
0 11 10 16 19 6 3492289119341 336823362114
0 0 11 16 19 19 3492289188270 136092162174
0 0 4 16 19 14 3492289188270 170137132111
10 14 0 6 22 6 3496090003602 50590537843
10 17 11 6 22 14 3496114261292 50566390500
0 10 16 16 9 10 3500324162686 118441869609
10 2 2 6 9 14 3510165732000 39612857139
10 16 16 6 12 19 3516957908939 83368647667
10 16 17 6 12 10 3516957908939 83368682879
10 14 4 6 22 6 3546680541445 53515944970
10 14 0 6 22 19 3546680601030 107031575056
10 17 1 6 22 9 3546680651792 64014967794
10 14 1 6 9 16 3546680814865 95624776390
10 14 9 6 22 16 3546680814865 95624729154
10 2 14 6 9 4 3549778495163 96719342639
10 2 0 6 9 14 3549778589139 48969976029
10 2 2 6 9 15 3549778589139 48953697973
10 2 2 6 9 0 3598732287112 48970609569
10 2 0 6 9 15 3598748565168 48954355799
10 14 11 6 22 6 3600196486415 53515820430
10 16 16 6 12 22 3600326556606 66266942483
10 16 17 6 12 19 3600326591818 66266882790
10 17 18 6 22 9 3610695619586 64015215510
0 10 16 16 9 19 3618766032295 249147198696
0 10 17 16 9 10 3618766032295 249149908058
0 0 0 16 20 6 3621900110521 210662523654
0 11 2 16 16 12 3622449994601 227723588414
0 11 14 16 16 20 3622500614299 227672935833
0 11 17 16 16 5 3622550054321 227623683239
0 0 1 16 19 1 3628335064499 136091376397
0 0 9 16 19 19 3628381350444 136045085631
10 14 1 6 22 16 3642305591255 45459156671
10 2 14 6 9 16 3646497837802 96719309978
10 2 0 6 9 0 3647702920967 23276143389
10 14 9 6 22 19 3653712306845 34052288547
0 0 11 16 19 14 3662426320381 170136678404
10 16 14 6 12 9 3666593474608 85047358231
10 16 17 6 12 22 3666593499089 85075344700
10 16 16 6 12 12 3666593499089 170122385862
10 2 6 6 9 12 3670979064356 23276100493
10 14 0 6 22 9 3674710835096 64014905076
10 14 9 6 22 20 3687764595392 38964788219
10 14 1 6 22 19 3687764747926 38964751137
10 2 6 6 9 15 3694255164849 48962217771
10 2 11 6 9 12 3694255164849 48962237848
10 14 1 6 22 20 3726729499063 18523452530
10 14 0 6 22 22 3738725740172 64015136086
10 2 6 6 9 16 3743217382620 38045629283
10 2 11 6 9 15 3743217402697 38045594100
10 14 6 6 22 10 3745252951593 18523443701
10 16 2 6 12 9 3751640832839 85075124589
10 16 14 6 12 22 3751668843789 85047094798
10 14 6 6 22 19 3763776395294 38964781960
10 14 7 6 22 10 3763776395294 38964796490
0 0 1 16 19 19 3764426440896 64686160497
10 2 15 6 9 4 3781262996797 48827440559
10 2 11 6 9 16 3781263011903 48843693741
10 2 6 6 9 5 3781263011903 97671632063
10 14 6 6 22 22 3802741177254 29051450597
10 14 7 6 22 19 3802741191784 29051424148
0 0 6 16 19 22 3829112601393 97096906743
0 11 10 16 19 19 3829112601393 127828715824
10 2 12 6 9 4 3830090437356 48844261187
10 2 15 6 9 16 3830106705644 48827985052
10 14 4 6 22 9 3831792615932 37284052464
10 14 7 6 22 22 3831792627851 37296666324
10 14 6 6 22 12 3831792627851 74581772521
0 0 0 16 20 19 3832562634175 254347231712
0 0 9 16 20 6 3832562998785 148946615999
10 16 1 6 12 12 3836715938587 82487306428
10 16 2 6 12 22 3836715957428 55253739618
0 11 2 16 16 20 3850173583015 117297896430
0 11 14 16 19 6 3850173737560 196988528568
0 10 10 16 22 16 3867911031790 508875177055
0 10 16 16 9 22 3867913230991 246324822691
0 10 17 16 9 19 3867915940353 246322110225
10 14 11 6 22 9 3869076668396 37297781450
10 14 4 6 22 22 3869089294175 37285155594
10 2 7 6 9 5 3878934690696 61010436590
10 2 12 6 9 16 3878934698543 27439809096
10 16 0 6 12 5 3891969697046 55253616216
10 14 11 6 22 22 3906374449846 31772457412
10 14 10 6 22 12 3906374449769 47658590888
10 2 2 6 9 18 3906374507639 47658580702
10 2 10 6 22 10 3906374507639 33571394485
10 16 17 6 12 12 3919203245015 82487495061
0 0 7 16 19 22 3926209508136 204246870732
0 0 6 16 20 16 3926209508136 204246858214
10 14 9 6 22 5 3938146907258 31772464648
10 2 11 6 9 5 3939945127286 61746497037
10 2 14 6 22 10 3939945902124 53596238780
10 2 10 6 22 19 3939945902124 100520174349
10 16 11 6 12 5 3947223313262 55253856765
10 14 7 6 22 12 3954033040657 47658604058
10 2 0 6 9 18 3954033088341 47658612453
0 11 10 16 19 14 3956941317217 127828605490
0 11 0 16 16 6 3967471479445 117296937955
10 14 1 6 22 5 3969919371906 31772374320
0 0 1 16 20 6 3981509614784 148946756351
10 2 2 6 22 10 3993542140904 53596229522
14 10 13 6 10 10 4001691700794 63404787579
14 10 10 6 10 15 4001691700794 63404772596
10 2 0 6 22 1 4001691700794 45446573231
10 1 10 6 12 15 4001691746226 19811613454
10 1 0 6 12 14 4002477170027 55252183101
10 1 14 6 12 15 4021503359680 31135461617
10 1 10 6 12 16 4021503359680 62270821110
10 2 10 6 22 5 4040466076473 100519839024
0 11 2 16 19 6 4047162266128 196987855543
10 2 11 6 22 1 4047138274025 49205903670
10 2 0 6 22 19 4047138370426 49189054076
10 1 2 6 12 15 4052638821297 31135490238
10 1 11 6 12 14 4057729353128 55252234381
14 10 0 6 10 15 4065096473390 104155853607
14 10 10 6 10 10 4065096488373 45217998013
10 1 10 6 12 17 4083774180790 71171574948
10 1 0 6 12 16 4083774311535 29208310587
0 11 11 16 16 6 4084768417400 159381780955
0 11 10 16 19 9 4084769922707 297397215268
0 11 0 16 19 16 4084769922707 159381711127
0 0 0 16 20 9 4086909865887 254347449861
10 2 0 6 22 2 4096327424502 49205111202
10 2 11 6 22 19 4096344177695 49188342791
14 10 14 6 10 10 4110314486386 95117538917
14 10 10 6 10 5 4110314486386 95117517432
10 1 0 6 12 9 4112982622122 38340797345
10 1 11 6 12 16 4112982622122 38340782535
0 10 14 16 9 9 4114238050578 377975027449
0 10 17 16 9 22 4114238053682 378096569428
0 10 16 16 9 12 4114238053682 385713671419
0 0 6 16 20 19 4130456371135 117716592347
0 0 7 16 20 16 4130456378868 117755984537
10 2 10 6 22 14 4140985915497 100519580444
10 2 11 6 22 2 4145532535704 23387899715
10 1 11 6 12 9 4151323419467 18226837642
10 1 10 6 12 18 4154945755738 71171878988
14 10 11 6 10 15 4169252326997 104156414860
10 2 16 6 22 11 4168920435419 23387902904
10 1 16 6 12 10 4169550257109 18226809429
10 1 16 6 12 16 4187777066538 38340812840
10 1 17 6 12 10 4187777066538 38340829128
10 2 16 6 22 19 4192308338323 49197397521
10 2 17 6 22 11 4192308338323 49197418292
14 10 10 6 10 0 4205432003818 155543825004
14 10 0 6 10 5 4205432025303 67976728087
10 1 16 6 12 18 4226117879378 29407408926
10 1 17 6 12 16 4226117895666 29391500460
10 2 16 6 22 14 4241505735844 38496550620
10 2 17 6 22 19 4241505756615 38496515192
0 11 11 16 19 16 4244151633834 110227497255
0 11 0 16 19 19 4244151633834 110190918016
0 0 6 16 20 20 4248172963482 117752868648
0 0 7 16 20 19 4248212363405 117713515373
10 17 10 6 12 16 4255509396126 92409427290
10 1 14 6 12 17 4255509396126 46198941648
10 1 17 6 12 18 4255525288304 46203061366
10 1 16 6 12 19 4255525288304 92393570371
14 10 0 6 10 17 4273408753390 82388855860
14 10 11 6 10 5 4273408753390 82388811111
10 2 14 6 22 5 4280002271807 49406367659
10 2 17 6 22 14 4280002286464 49424945758
10 2 16 6 22 0 4280002286464 98829937938
10 1 2 6 12 17 4301708337774 46210570705
10 1 14 6 12 18 4301728349670 46190560375
10 2 2 6 22 5 4329408639466 49423653906
10 2 14 6 22 14 4329427232222 49405048749
0 0 0 16 20 22 4341257315748 254347912223
10 17 0 6 12 16 4347918823416 139320939982
10 17 10 6 12 6 4347918908479 72999101033
10 1 2 6 12 18 4347918910045 37681528088
10 1 1 6 12 19 4347918910045 56522630590
0 11 0 16 19 20 4354342551850 110227081049
0 11 11 16 19 19 4354379131089 110190486639
14 10 11 6 10 17 4355797609250 39166786248
14 10 10 6 10 18 4360975828822 155543988796
0 0 7 16 20 20 4365925878778 55971290714
0 10 10 16 22 6 4376786208845 508874464271
10 2 1 6 22 0 4378832280971 48054518470
10 2 2 6 22 14 4378832293372 32036232659
0 11 10 16 19 22 4382167137975 297396863615
10 1 0 6 12 22 4385600438133 37682101253
14 10 16 6 10 12 4394964395498 39166769659
10 1 17 6 12 19 4404441540635 56522433754
10 2 0 6 22 4 4410868526031 32036402887
10 17 14 6 12 6 4420918009512 72999731959
0 0 4 16 20 10 4421897169492 55971178627
10 1 11 6 12 22 4423282539386 37681529472
10 2 17 6 22 0 4426886799441 48054555410
14 10 16 6 10 5 4434131165157 82388825129
14 10 17 6 10 12 4434131165157 82388853997
10 2 11 6 22 4 4442904928918 32036501118
10 17 10 6 12 19 4460963974389 105952368025
10 10 13 19 6 6 4460964068858 59633467109
10 10 10 19 6 16 4460964068858 59633453011
0 11 11 16 19 20 4464569632899 52392459652
10 0 10 6 5 6 4474941430036 25893500374
10 0 0 6 5 16 4474941430036 72715422790
0 0 4 16 20 19 4477868348119 117737379578
0 0 11 16 20 10 4477868348119 117737424204
10 17 11 6 12 16 4487239763398 139321108386
0 10 2 16 9 9 4492213078027 378089084281
0 10 14 16 9 22 4492334623110 377967495568
10 17 2 6 12 6 4493917741471 72998650204
0 10 17 16 9 12 4499951725101 385710486330
10 0 14 6 5 6 4500834930410 40693635871
10 0 10 6 5 19 4500834930410 81387146935
14 10 16 6 10 18 4516519990286 63404810535
14 10 17 6 10 5 4516520019154 63404768512
0 11 16 16 19 10 4516962092551 52392500293
10 10 0 19 6 16 4520597521869 97960831123
10 10 10 19 6 6 4520597535967 42528407830
10 0 2 6 5 6 4541528566281 40693657835
10 0 11 6 5 16 4547656852826 72715425872
10 10 14 19 6 6 4563125943797 89460256829
10 10 10 19 6 19 4563125943797 89460236491
10 17 10 6 12 9 4566916342414 153756452461
10 17 0 6 12 19 4566916391675 59644640485
0 11 16 16 19 19 4569354592844 110209622454
0 11 17 16 19 10 4569354592844 110209680245
14 10 14 6 10 0 4579924787666 86282405888
14 10 17 6 10 18 4579924800821 86310961590
14 10 16 6 10 13 4579924800821 133523353282
10 0 10 6 5 9 4582222077345 93159059345
10 0 0 6 5 19 4582222224116 38150167098
0 0 4 16 20 22 4595605727697 93901850031
0 0 11 16 20 19 4595605772323 92431588160
10 10 11 19 6 16 4618558352992 97961319987
10 0 0 6 5 20 4620372391214 50213165606
10 0 11 6 5 19 4620372391214 50213148115
10 17 0 6 12 20 4626561032160 84001051543
10 17 11 6 12 19 4626561032160 84001032935
10 10 10 19 6 9 4652586180288 146292108952
10 10 0 19 6 19 4652586200626 63933486519
14 10 2 6 10 0 4666207193554 86311516155
14 10 14 6 10 18 4666235762411 86283011838
10 0 11 6 5 20 4670585556820 23870866126
10 0 10 6 5 22 4675381136690 93159050795
0 11 16 16 19 22 4679564215298 90775846364
0 11 17 16 19 19 4679564273089 90775752783
0 0 9 16 20 9 4688037360483 145265221888
0 11 10 16 20 19 4688037360483 290533732795
0 0 11 16 20 22 4689507577728 144533399976
0 0 4 16 20 12 4689507577728 307457687987
10 0 16 6 5 10 4694456422946 23870808617
10 17 11 6 12 20 4710562083703 39933236975
14 10 17 6 10 13 4713448154103 133523148723
10 10 0 19 6 20 4716519687145 77488404340
10 10 11 19 6 19 4716519687145 77488361965
10 0 16 6 5 19 4718327231563 50213195857
10 0 17 6 5 10 4718327231563 50213213304
10 17 10 6 12 22 4720672794875 153756591927
10 17 16 6 12 10 4750495320678 39933159763
14 14 10 6 10 12 4752518709709 100610542720
14 10 2 6 10 18 4752518774249 75457784808
10 0 16 6 5 22 4768540427420 39051173690
10 0 17 6 5 19 4768540444867 37956421763
0 11 14 16 19 9 4770340025872 115579504707
0 11 17 16 19 22 4770340061662 115617243422
0 11 16 16 19 12 4770340061662 240342039424
10 17 16 6 12 19 4790428480441 84001091907
10 17 17 6 12 10 4790428480441 84001120183
10 10 11 19 6 20 4794008091485 36837365232
10 10 10 19 6 22 4798878289240 146292269704
10 0 14 6 5 9 4806496866630 61918376315
10 11 10 6 5 19 4806496866630 111488330653
10 0 17 6 5 22 4807591601110 61372014121
10 0 16 6 5 12 4807591601110 122742996852
14 10 0 6 10 21 4827976559057 75458010113
10 10 16 19 6 10 4830845456717 36837105997
0 0 1 16 20 9 4833302582371 145268519137
0 0 9 16 20 22 4834040977704 144530124040
14 14 0 6 10 3 4846971302826 133523000713
14 14 14 6 10 12 4853129252429 100610468968
10 10 16 19 6 19 4867682562714 77488276985
10 10 17 19 6 10 4867682562714 77488511064
10 0 2 6 5 9 4868415242945 61919413044
10 0 14 6 5 22 4868963615231 61371036266
0 10 2 16 9 22 4870302162308 179711011871
10 17 16 6 12 22 4874429572348 64208886693
10 17 17 6 12 19 4874429600624 64208841425
0 10 10 16 22 19 4885660673116 557962209443
0 10 14 16 22 6 4885662211431 361046121677
0 11 2 16 19 9 4885919530579 115618765643
0 11 14 16 19 22 4885957305084 115580982522
14 10 11 6 10 21 4903434569170 75457664989
10 11 14 6 5 19 4917985197283 111488481678
10 0 1 6 5 12 4930334651497 67866921682
10 0 2 6 5 22 4930334655989 46757486034
10 11 10 6 5 4 4930334655989 210627408903
10 17 14 6 12 9 4938638442049 85259047006
10 17 17 6 12 22 4938638459041 85288169665
10 17 16 6 12 12 4938638459041 146081236583
10 10 10 19 19 16 4945170558944 174404350400
10 10 16 19 6 22 4945170839699 74159721521
10 10 17 19 6 19 4945171073778 74159475237
14 14 2 6 10 12 4953739721397 100610392582
14 14 10 6 10 21 4978892234159 75457919691
10 0 0 6 5 5 4977092142023 46757457977
0 11 10 16 20 4 4978571101508 200154801055
0 0 1 16 20 22 4978571101744 77921862459
14 14 11 6 10 3 4980494303539 133522915246
0 0 11 16 20 12 4996965265715 307457311914
10 0 17 6 5 12 4998201573179 142760541030
10 0 10 19 16 6 4998201573179 142760544952
0 11 2 16 19 22 5001538296222 54954697946
0 11 17 16 19 12 5010682101086 240341841899
10 10 14 19 6 9 5019330549015 105719050968
10 10 17 19 6 22 5019330561220 105753705263
10 10 16 19 6 12 5019330561220 137324597945
10 17 2 6 12 9 5023897489055 85289458506
10 17 14 6 12 22 5023926628706 85260309465
10 0 11 6 5 5 5023849600000 58556294923
10 0 0 19 16 16 5023849600000 278976146767
10 11 2 6 5 19 5029473678961 111488447071
0 10 0 16 9 5 5050013174179 179711395660
14 14 10 6 10 7 5054350153850 152144103471
14 14 0 6 10 21 5054350153850 59667207757
0 0 6 16 20 5 5056492964203 123964921521
0 11 13 16 20 22 5056492994168 122233038835
0 11 0 16 19 5 5056492994168 71836939286
10 11 0 6 5 11 5082405894923 58556372021
10 17 17 6 12 12 5084719695624 146081130870
10 17 2 6 12 22 5109186947561 40538055140
14 14 0 6 10 4 5114017361607 82900626578
14 14 11 6 10 21 5114017361607 82900606568
10 10 10 19 19 6 5119574909344 174404033754
10 10 2 19 6 9 5125049599983 105751441128
10 10 14 19 6 22 5125084266483 105716774264
0 11 11 16 19 5 5128329933454 151111241224
0 11 0 16 20 19 5128329933454 151111241240
10 11 10 6 5 12 5140962114209 141981803678
10 0 14 19 16 6 5140962118131 150241923070
10 0 10 19 16 19 5140962118131 300483397391
10 11 11 6 5 11 5140962266944 71888802455
10 11 0 6 5 4 5140962266944 71864195421
10 17 0 6 12 5 5149725002701 40538055182
10 10 17 19 6 12 5156655159165 137324015586
0 11 10 16 20 22 5178726033003 72298076301
0 0 7 16 20 5 5180457885724 123964951040
10 17 11 6 12 5 5190263057883 40537977573
14 14 11 6 10 4 5196917988185 39410052713
14 14 10 6 10 16 5206494257321 152144270407
10 11 0 6 5 17 5212826462365 71887096983
10 11 11 6 5 4 5212851069399 71862526071
0 10 11 16 9 5 5229724569839 378029574697
0 10 0 16 22 16 5229724569839 378029533414
14 0 10 6 15 10 5230801035456 52340800575
14 0 0 6 15 15 5230801035456 146986351192
10 10 2 19 6 22 5230801041111 63178117098
10 14 10 19 6 10 5230801041111 117529647026
14 14 16 6 10 13 5236328040898 39410051146
0 10 2 16 22 6 5246708333108 361045783231
0 11 14 16 20 22 5251024109304 53398748913
14 14 16 6 10 21 5275738092044 82900598367
14 14 17 6 10 13 5275738092044 82900626402
0 11 11 16 20 19 5279441174694 71836718183
14 0 14 6 15 10 5283141836031 82257719137
14 0 10 6 15 5 5283141836031 164515332439
10 11 10 6 5 20 5282943917887 141981842764
10 11 11 6 5 17 5284713595470 34168682153
10 0 2 19 16 6 5291204041201 150241785707
10 10 10 19 19 19 5293978943098 346207262585
10 10 0 19 6 5 5293979158209 70084602736
10 14 0 19 6 15 5293979174751 183786430681
10 10 14 19 19 6 5293979174751 173103922522
10 0 11 19 16 16 5302825746767 278975649303
0 11 10 16 20 5 5304422836764 107233839974
0 11 0 16 20 2 5304422858217 46855045861
10 11 16 6 5 2 5318882277623 34168678825
10 14 14 19 6 10 5348330688137 117529847334
0 11 0 16 20 4 5351277904078 56802884896
0 11 11 16 20 2 5351277904078 56802852876
10 11 16 6 5 4 5353050956448 71875125930
10 11 17 6 5 2 5353050956448 71875153223
14 14 16 6 10 16 5358638690411 63404848761
14 14 17 6 10 21 5358638718446 63404792712
10 10 11 19 6 5 5364063760945 109662932475
10 10 0 19 19 16 5364063760945 222144793673
14 0 2 6 15 10 5365399555168 82257836198
14 0 11 6 15 15 5377787386648 146986750274
0 11 11 16 20 4 5408080788974 27003485759
0 11 10 16 20 8 5411656676738 107233824666
14 14 14 6 10 7 5422043511158 79199739168
14 14 17 6 10 16 5422043539172 79235702920
14 14 16 6 10 2 5422043539172 181665440587
10 11 16 6 5 20 5424926082378 55850080937
10 11 17 6 5 4 5424926109671 55850033301
0 11 16 16 20 7 5435084274733 27003503096
10 0 10 19 16 9 5441445515522 346759017839
10 0 0 19 16 19 5441445826908 140355555636
0 10 10 16 22 9 5443622882559 557964057053
14 0 10 6 15 0 5447657168470 188309133651
14 0 0 6 15 5 5447657391366 77116842218
0 11 16 16 20 2 5462087777829 56802968841
0 11 17 16 20 7 5462087777829 56802989891
10 14 2 19 6 10 5465860535471 117529377400
10 10 2 19 19 6 5467083097273 173104141815
10 14 10 19 6 5 5473726693420 109663267072
10 14 11 19 6 15 5477765605432 183786154659
10 11 14 6 5 12 5480776142972 71678384188
10 11 17 6 5 20 5480776163315 71702984967
10 11 16 6 5 5 5480776163315 143380275094
14 14 2 6 10 7 5501243250326 79218784928
14 14 14 6 10 16 5501279242092 79218550957
0 11 16 16 20 8 5518890746670 43713847371
0 11 17 16 20 2 5518890767720 43713813657
14 0 0 6 15 17 5524774233584 101500860866
14 0 11 6 15 5 5524774233584 101500828587
10 11 2 6 5 12 5552454527160 71701546153
10 11 14 6 5 20 5552479148282 71676928325
0 11 14 16 20 5 5562604581377 58045176891
0 11 17 16 20 8 5562604594041 58065716552
0 11 16 16 20 11 5562604594041 99453058849
14 2 10 6 10 13 5580462035254 79234519039
14 14 2 6 10 16 5580497793049 79198757982
10 0 0 19 16 20 5581801382544 187463270487
10 0 11 19 16 19 5581801396070 187463218342
10 14 10 19 6 0 5583389960492 201826933648
10 14 0 19 6 5 5583389960492 78161931820
10 10 11 19 19 16 5586208554618 222145040884
14 14 1 6 10 2 5603708979759 181665183714
0 10 0 16 22 19 5607754116339 240870080433
0 10 11 16 22 16 5607754144536 240948268210
0 11 2 16 20 5 5620649758268 58065483132
0 11 14 16 20 8 5620670310593 58044924440
14 0 11 6 15 17 5626275094450 48252551683
10 11 2 6 5 20 5624156076607 47926733446
14 10 10 6 5 2 5624156073313 143780289974
10 11 1 6 5 5 5624156438409 137249843531
14 0 10 6 15 18 5635966302121 188314124677
10 10 10 19 19 9 5640186205683 366690373163
10 10 0 19 19 19 5640187239088 168166133955
14 14 0 6 10 6 5659696551031 244504300327
14 2 10 6 10 17 5659696554293 67149905285
14 2 0 6 10 13 5659696554293 172680889669
10 14 0 19 6 17 5661551892312 110307132819
10 14 11 19 6 5 5661551892312 110307109189
10 11 0 6 5 6 5672082810053 47926778029
0 11 17 16 20 11 5662057652890 99453025768
14 0 16 6 15 12 5674527646133 48252268141
0 11 2 16 20 8 5678715241400 27598524731
10 11 11 6 5 6 5720009588082 47926881293
0 11 0 16 20 20 5706313766131 27598582674
14 0 16 6 15 5 5722779914274 101500744701
14 0 17 6 15 12 5722779914274 101500774742
14 2 14 6 10 17 5726846459578 105530808728
14 2 10 6 10 21 5726846459578 211061800356
14 10 13 6 5 10 5767936469375 72537111343
14 10 10 6 5 15 5767936469375 72537067126
0 11 11 16 20 20 5733912348805 27598525943
10 11 17 6 5 5 5761406281940 137249730770
0 16 13 16 10 6 5761510874748 43713863755
0 16 10 16 10 16 5761510874748 43713852517
10 0 11 19 16 20 5769264653031 89117843221
10 14 11 19 6 17 5771859025131 52438845790
14 14 17 6 10 2 5785374163473 181665266839
10 14 10 19 6 18 5785216894140 201826651109
10 0 10 19 16 22 5788204533361 346759054430
0 16 0 16 10 16 5805224727265 71809444650
0 16 10 16 10 6 5805224738503 31175123256
10 10 0 19 19 20 5808353373043 191547931321
10 10 11 19 19 19 5808353595502 191547770670
14 10 0 6 5 15 5840473536501 95773267996
14 10 10 6 5 10 5840473580718 58182649867
14 0 16 6 15 18 5824280658975 79535488145
14 0 17 6 15 5 5824280689016 76167276336
10 14 16 19 6 12 5824297870921 52438783869
14 2 11 6 10 13 5832377443962 172680843722
14 2 2 6 10 17 5832377268306 105531062530
0 16 14 16 10 6 5836399861759 65578047437
0 16 10 16 10 19 5836399861759 65578032104
0 10 0 16 22 20 5848624196772 240953578709
0 10 11 16 22 19 5848702412746 240875398612
10 0 16 19 16 10 5858382496252 89118071233
14 10 14 6 5 10 5898656230585 82193147619
14 10 10 6 5 5 5898656230585 82193120727
10 14 16 19 6 5 5876736654790 110307041524
10 14 17 19 6 12 5876736654790 110307077522
0 16 11 16 10 16 5877034171915 71809569973
14 0 14 6 15 0 5900447965352 126678496511
14 11 10 6 15 5 5900447965352 216530698968
0 16 10 16 10 9 5901977893863 107238373842
0 16 0 16 10 19 5901977909196 46865858471
14 14 11 6 10 6 5904200851358 244503717072
14 0 17 6 15 18 5903816147120 124996433266
14 0 16 6 15 13 5903816147120 249991017272
14 10 11 6 5 15 5936246804497 95773175093
14 2 0 6 10 21 5937908330836 67150048695
10 0 16 19 16 19 5947500567485 187463228438
10 0 17 19 16 10 5947500567485 187463280951
0 16 0 16 10 20 5948843767667 56802272175
0 16 11 16 10 19 5948843767667 56802239813
14 10 10 6 5 18 5980849351312 196114532013
14 10 0 6 5 5 5980849378204 51170647051
14 2 10 6 10 2 5967039430312 181665075329
10 14 16 19 6 18 5987043696314 84309188284
10 14 17 19 6 5 5987043732312 84309116096
10 10 11 19 19 20 5999901366172 91059612169
0 10 10 16 22 22 6001586939612 557959755375
14 2 0 6 10 16 6005058379531 97361766478
14 2 11 6 10 21 6005058379531 97361748308
0 16 11 16 10 20 6005646039842 27003164993
10 10 10 19 19 22 6006876578846 366690704168
14 10 0 6 5 17 6032020025255 66915565051
14 10 11 6 5 5 6032020025255 66915542162
0 16 10 16 10 22 6009216267705 107238190790
14 0 2 6 15 0 6027126461863 126680656802
14 0 14 6 15 18 6028812580386 124994546820
0 16 16 16 10 10 6032649204835 27003169374
0 16 16 16 10 19 6059652374209 56802291561
0 16 17 16 10 10 6059652374209 56802370769
10 14 14 19 6 0 6071352848408 105320362579
10 14 17 19 6 18 6071352884598 105378931887
10 14 16 19 6 13 6071352884598 241563621136
14 10 11 6 5 17 6098935590306 31810972112
0 10 11 16 22 20 6089577811358 114528071225
10 10 16 19 19 10 6090960978341 91059848782
14 2 11 6 10 16 6102420146009 46284687977
14 10 16 6 5 12 6130746562418 31810864095
14 11 14 6 15 5 6116978664320 216531501139
0 16 10 16 19 20 6116454458495 162794971240
0 16 16 16 10 22 6116454665770 51830541530
0 16 17 16 10 19 6116454744978 51830353350
10 0 16 19 16 22 6134963795923 146799919653
10 0 17 19 16 19 6134963848436 140582343565
14 2 10 6 10 6 6148704568430 128868791378
14 2 16 6 10 20 6148704833986 41523208882
14 10 16 6 5 5 6162557426513 66903548814
14 10 17 6 5 12 6162557426513 66925878165
14 11 10 6 15 9 6153807118665 267786030150
14 0 2 6 15 18 6153807127206 89262211362
14 0 1 6 15 13 6153807164392 197953046727
0 17 10 16 10 19 6168285098328 197592657368
0 16 14 16 10 9 6168285098328 81702298638
0 16 17 16 10 22 6168285207300 81731442588
0 16 16 16 10 12 6168285207300 136879835297
10 14 2 19 6 0 6176673210987 105340281229
10 14 14 19 6 18 6176731816485 105332903245
10 10 16 19 19 19 6182020827123 191547499500
10 10 17 19 19 10 6182020827123 191548620967
14 2 16 6 10 21 6190228042868 87345606466
14 2 17 6 10 20 6190228042868 87345628335
0 10 16 16 22 10 6204105882583 114528348420
14 10 10 6 0 15 6176963883325 196114782816
14 10 16 6 5 18 6229460975327 66926704188
14 10 17 6 5 5 6229483304678 66904358211
14 0 0 6 15 21 6243069338568 89262087221
0 16 2 16 10 9 6249987396966 81735971053
0 16 14 16 10 22 6250016649888 81706716470
14 2 16 6 10 6 6277573649334 63404797827
14 2 17 6 10 21 6277573671203 63404761020
10 0 14 19 16 9 6275546192001 233812492852
10 11 10 19 16 19 6275546192001 399652997171
0 16 10 16 19 21 6279249429735 162795216935
10 2 10 19 6 12 6282013492216 105362259175
10 14 2 19 6 18 6282064719730 105311027353
10 0 17 19 16 22 6281763715576 230706323717
10 0 16 19 16 12 6281763715576 461410536997
14 10 14 6 5 0 6296387662889 92071911050
14 10 17 6 5 18 6296387679515 92103441298
14 10 16 6 5 13 6296387679515 136403176048
0 16 17 16 10 12 6305165042597 136879899335
10 14 1 19 6 13 6312916505734 241563064351
0 10 16 16 22 19 6318634231003 240913581772
0 10 17 16 22 10 6318634231003 240913681292
14 0 11 6 15 21 6332331425789 89261848669
0 16 2 16 10 22 6331723368019 38849322563
14 11 2 6 15 5 6333510165459 216531110721
14 2 14 6 10 2 6340978432223 84190491327
14 2 17 6 10 6 6340978447161 84218367757
14 2 16 6 10 10 6340978447161 144250689887
14 0 17 6 15 13 6351760211119 197952691234
0 17 0 16 10 19 6365877755696 197593931659
0 16 0 16 10 5 6370572690582 95239447868
0 17 10 16 10 22 6370572690582 71476060284
10 10 10 19 9 16 6373567283014 398636669946
10 10 16 19 19 22 6373568326623 187434149738
10 10 17 19 19 19 6373569448090 187433019176
14 10 2 6 5 0 6388459573939 92106046250
14 10 14 6 5 18 6388491120813 92074493120
10 14 0 19 6 21 6387375747083 325114709532
10 2 0 19 6 12 6387375751391 229612246364
10 2 10 19 6 20 6387375751391 89288581964
14 10 10 6 0 10 6373078666141 196114907413
14 11 10 6 15 11 6421593274458 64224109696
14 2 2 6 10 2 6425168923550 84218867578
14 2 14 6 10 6 6425196814918 84190965097
14 10 17 6 5 13 6432790855563 136403145655
0 16 10 16 19 22 6442044646670 220404308093
0 16 14 16 19 21 6442044941932 112054031224
0 17 14 16 10 22 6442048750866 112051561376
0 17 10 16 10 2 6442048750866 224103149834
0 16 11 16 10 5 6465812138450 200339699097
0 16 0 16 19 20 6465812138450 200339706399
10 2 14 19 6 20 6476664333355 140323655593
10 2 10 19 6 5 6476664333355 280647446988
14 10 2 6 5 18 6480565620189 43777772049
14 2 17 6 10 10 6485229137048 144250480046
14 11 0 6 15 1 6485817384154 64224112056
14 2 2 6 10 6 6509387791128 40030532461
10 0 2 19 16 9 6509358684853 233815440928
10 0 14 19 16 22 6512470039293 230704101458
14 10 0 6 5 21 6524343392238 43777929798
14 2 0 6 10 22 6549418323589 40030492262
14 11 10 6 15 13 6549712902353 197952577563
14 11 11 6 15 1 6550041496210 100144763289
14 11 0 6 15 9 6550041496210 100107228836
0 17 2 16 10 22 6554100312242 112051718799
0 16 2 16 19 21 6554098973156 112053920708
10 14 17 19 6 13 6554479570085 241563225159
0 10 16 16 22 22 6559547812775 193178425758
0 10 17 16 22 19 6559547912295 193178211968
10 10 14 19 19 9 6561002467266 282395274454
10 10 17 19 19 22 6561002476361 282488745695
10 10 16 19 19 12 6561002476361 304919833179
0 17 11 16 10 19 6563471687355 197594030634
14 10 11 6 5 21 6568121322036 61359384391
14 10 0 6 0 15 6568121322036 178364112468
14 10 10 6 0 5 6569193573554 240681847910
14 10 14 6 0 10 6569194001218 120341127919
14 2 11 6 10 22 6589448815851 40031001207
10 2 2 19 6 20 6616987988948 140323865392
10 2 11 19 6 12 6616987997755 229612325683
14 0 0 6 5 15 6629479817058 40589407558
14 0 2 6 5 1 6629480706427 40589397606
14 11 0 6 15 4 6650148725046 100145161659
14 11 11 6 15 9 6650186259499 100107639728
0 16 10 16 19 0 6662448954763 220406045135
0 16 11 16 19 20 6666151844849 110657174978
0 17 10 16 10 5 6666151900700 237462351708
0 17 0 16 10 2 6666152031041 94913887655
0 16 0 16 19 22 6666152893864 110619590497
14 0 6 6 5 15 6670069224616 66677332752
14 0 0 6 5 1 6670070104033 28947296006
10 11 14 19 16 19 6675199189172 399653634681
14 0 9 6 5 1 6699017400039 60890924709
14 0 0 6 5 10 6699017400039 60890910191
14 10 2 6 0 10 6689535129137 120340993267
10 14 11 19 6 21 6712490456615 325115499762
14 0 7 6 5 15 6736746557368 66677036842
10 11 10 19 16 4 6743174125781 494254917900
10 0 2 19 16 22 6743174140751 164751597670
10 0 1 19 16 12 6743174252573 365363797259
14 11 10 6 15 17 6747665479916 197953400141
14 10 11 6 0 15 6746485434504 178363321749
14 11 11 6 15 4 6750293899227 47599269513
0 10 14 16 22 9 6752726124263 230871654377
0 10 17 16 22 22 6752726238533 230946255332
0 10 16 16 22 12 6752726238533 687174028270
10 2 0 19 6 5 6757311854340 89288552427
14 0 0 6 5 19 6759908310230 99573393685
14 0 6 6 5 10 6759908324748 43516166380
0 17 0 16 10 4 6761065918696 128783413484
0 17 11 16 10 2 6761065918696 128783379849
10 10 10 19 9 6 6772203952960 398637237942
0 16 0 16 19 15 6776772484361 110657906079
0 16 11 16 19 22 6776809019827 110621417131
10 2 10 19 6 13 6796042795244 241563097626
14 11 16 6 15 8 6797893168740 47599216796
14 0 6 6 5 16 6803424491128 52742287519
14 0 7 6 5 10 6803424491128 52742256957
14 10 10 6 0 0 6809875421464 264103437838
14 10 0 6 0 5 6809876122404 114972511442
10 10 2 19 19 9 6843397741720 282495511507
10 10 14 19 19 22 6843491222056 282402000802
14 11 16 6 15 9 6845492385536 100126901192
14 11 17 6 15 8 6845492385536 100126937725
10 2 0 19 6 18 6846600406767 129461359780
10 2 11 19 6 5 6846600406767 129461336224
14 0 7 6 5 16 6856166778647 25073178581
14 0 0 6 5 5 6859481703915 99573387101
10 10 17 19 19 12 6865922309540 304919608613
14 0 4 6 5 2 6881239957228 25073122809
0 16 10 16 19 1 6882854999898 220406355772
0 16 11 16 19 15 6887430436958 52596437448
0 17 11 16 10 4 6889849332180 61222139842
0 17 10 16 10 8 6903614252408 237462429364
14 0 4 6 5 10 6906313080037 52742242148
14 0 11 6 5 2 6906313080037 52742363072
10 0 0 19 16 5 6907925738421 164751624290
14 10 0 6 0 17 6924848633846 140042755914
14 10 11 6 0 5 6924848756253 140042685535
0 16 16 16 19 16 6940026874406 52596251179
14 11 16 6 15 17 6945619286728 77816950563
14 11 17 6 15 9 6945619323261 77816918545
0 17 16 16 10 7 6951071472022 61222145857
14 0 0 6 17 15 6959055091016 127251703008
14 0 4 6 5 5 6959055322185 49721767757
14 0 11 6 5 10 6959055443109 49721605334
10 2 11 19 6 18 6976061766547 61544462892
0 10 2 16 22 9 6983597778640 230945584223
0 10 14 16 22 22 6983672493865 230872040560
0 16 16 16 19 22 6992623125585 110638736447
0 16 17 16 19 16 6992623125585 110638776693
14 0 9 6 5 19 7008777048443 84001174602
14 11 10 6 5 10 7008777048443 207975505420
14 0 11 6 5 5 7008777089942 84031136445
14 0 4 6 5 14 7008777089942 102391624926
0 17 16 16 10 2 7012293617879 128783304050
0 17 17 16 10 7 7012293617879 128783345959
14 11 16 6 15 21 7023436237291 120250041200
14 11 14 6 15 13 7023436241806 120192469818
14 11 17 6 15 17 7023436241806 120221147029
10 2 10 19 6 21 7037605956377 171356742137
10 2 16 19 6 3 7037606229439 55213306805
14 10 11 6 0 17 7064891441788 66574775398
10 0 11 19 16 5 7072677362711 164751810614
10 11 2 19 16 19 7074852823853 399654245317
14 10 10 6 0 18 7073978859302 264103106043
14 0 0 6 17 10 7086306794024 127252130044
14 0 1 6 5 19 7092778223045 84034159745
14 0 9 6 5 5 7092808226387 84004153305
10 2 16 19 6 5 7092819536244 116143448452
10 2 17 19 6 3 7092819536244 116143476619
0 16 16 16 19 1 7103261862032 86122485704
0 16 17 16 19 22 7103261902278 86122397796
14 0 11 6 5 14 7111168714868 102390534843
10 0 17 19 16 12 7108538049832 365363352821
10 10 2 19 19 22 7125893253227 134273521674
14 10 16 6 0 12 7131466217186 66574693261
0 17 16 16 10 8 7141076921929 98599355347
0 17 17 16 10 2 7141076963838 98599273009
14 11 2 6 15 13 7143628711624 120249395791
14 11 14 6 15 17 7143657388835 120220701010
14 11 17 6 15 21 7143686278491 120191944162
10 10 10 19 9 19 7170841190902 516607396187
10 10 14 19 9 6 7170841918153 258326302378
14 0 1 6 5 5 7176812382790 39940289370
0 16 14 16 19 0 7189384300074 104287585601
0 16 17 16 19 1 7189384347736 104322739144
0 16 16 16 19 2 7189384347736 285649164906
14 10 16 6 0 5 7198040910447 140042107239
14 10 17 6 0 12 7198040910447 140043054169
10 2 16 19 6 21 7208962984696 84309214264
10 2 17 19 6 5 7208963012863 84309166821
14 0 0 6 17 5 7213558924068 152307224537
14 0 9 6 17 10 7213559249711 90153979820
0 16 10 16 22 10 7214543362863 236936019091
0 10 2 16 22 22 7214544534425 225169634935
14 0 6 6 5 18 7216752672160 57068754145
14 11 10 6 5 5 7216752672160 84418212956
10 11 10 19 16 8 7237429173325 118539000048
0 17 14 16 10 5 7239676236847 123658364025
0 17 17 16 10 8 7239676277276 123698845592
0 17 16 16 10 11 7239676277276 277748524895
10 10 0 19 19 5 7260166774901 134273417105
14 11 2 6 15 17 7263878107415 60854895164
14 11 14 6 5 10 7263878222653 107107900895
14 0 7 6 5 18 7273821426305 120046168979
14 0 6 6 17 15 7273821426305 120046160704
10 2 14 19 6 13 7293272179684 111946571084
10 2 17 19 6 21 7293272198960 111984374016
10 2 16 19 6 6 7293272198960 191809334377
0 16 2 16 19 0 7293671885675 104326103013
0 16 14 16 19 1 7293707086880 104290921543
14 11 10 6 5 14 7301170885116 84418145833
14 0 1 6 17 10 7303713229531 90154334386
14 11 0 6 15 10 7324733002579 60855142376
14 10 10 6 18 15 7338081965345 283833442562
14 10 16 6 0 18 7338083017686 137390933294
14 10 17 6 0 5 7338083964616 137389984624
10 11 0 19 16 11 7355968173373 118539100377
0 17 2 16 10 5 7363334600872 123700153219
0 17 14 16 10 8 7363375122868 123659619787
14 0 0 6 17 0 7365866148605 152307145658
14 11 2 6 5 10 7370986123548 107108052426
14 11 11 6 15 10 7385588144955 92506097797
14 11 10 6 5 0 7385589030949 170182587273
14 11 0 6 5 15 7385589030949 92506068023
14 0 6 6 17 5 7393867587009 70003104374
14 0 7 6 17 15 7393867595284 70026463589
10 10 11 19 19 5 7394440192006 282449814569
10 10 0 19 9 16 7394440192006 282450494449
0 17 10 16 19 16 7397997988688 159378402435
0 16 2 16 19 1 7397998008423 77035927293
10 2 2 19 6 13 7405218750768 111986513902
10 2 14 19 6 21 7405256572976 111948677346
10 10 2 19 9 6 7429168220531 258312348418
0 10 0 16 22 5 7439714169360 225169968192
0 10 17 16 22 12 7439900266803 687172604354
0 16 10 16 22 19 7451479381954 236935950828
14 0 6 6 17 17 7463870691383 70026942447
14 0 7 6 17 5 7463894058873 70003604037
10 11 10 19 16 12 7473901402653 365363499526
10 11 11 19 16 11 7474507273750 184831612153
10 11 0 19 16 4 7474507273750 184772983700
0 16 17 16 19 2 7475033512642 320140616235
0 16 0 16 19 5 7475033935716 123753502131
0 16 13 16 22 22 7475033935716 213384420884
14 11 11 6 5 15 7478095098972 62747673200
14 11 0 6 5 5 7478095098972 62726405810
14 10 14 6 0 0 7475473949240 210823566335
14 10 17 6 0 18 7475473950980 210890493248
14 10 16 6 0 13 7475473950980 215138231702
10 2 17 19 6 6 7485081533337 191808999514
0 17 2 16 10 8 7487034754091 58795712004
14 0 0 6 17 18 7518173294263 152307132323
10 2 2 19 6 21 7517205264670 53228596123
0 17 17 16 10 11 7517424802171 277749384470
14 0 7 6 17 17 7533897662910 33284218302
14 11 0 6 5 17 7540821504782 62747165104
14 11 11 6 5 5 7540842772172 62725891120
0 17 13 16 19 19 7545830466095 170925119321
0 17 0 16 10 20 7545830466095 96491485774
14 11 10 6 5 18 7555771618222 170182702310
0 17 10 16 19 1 7557376391123 159379137974
14 0 4 6 17 12 7567181881212 33284271763
10 2 0 19 6 7 7570433860793 53228438241
14 0 4 6 17 5 7600466152975 70014793600
14 0 11 6 17 12 7600466152975 70014823306
0 16 11 16 19 5 7598787437847 260320790790
0 16 0 16 22 10 7598787437847 260320790774
14 11 11 6 5 17 7603568669886 29824494690
10 2 11 19 6 7 7623662299034 53228443374
14 10 10 6 18 10 7621915407907 283832972241
14 11 16 6 5 12 7633393164576 29824462438
0 17 11 16 10 20 7642321951869 202973184266
0 17 0 16 19 16 7642321951869 202973184209
10 11 0 19 16 17 7659280257450 184835293295
10 11 11 19 16 4 7659338885903 184776686711
14 11 16 6 5 5 7663217627014 62736914285
14 11 17 6 5 12 7663217627014 62736952170
0 10 11 16 22 5 7664884137552 225169663870
14 0 4 6 17 18 7670480946575 55477864787
14 0 11 6 17 5 7670480976281 55473905794
10 10 11 19 9 16 7676890686455 268674179813
10 0 0 19 19 16 7676890742408 72281489521
10 0 2 19 19 11 7676890742408 72281500715
10 10 10 19 9 9 7687448587089 517487791874
10 10 0 19 9 19 7687480568949 258082620396
0 16 10 16 22 22 7688418356600 106756029908
14 10 2 6 0 0 7686297515575 210882771667
14 10 14 6 0 18 7686364444228 210815817626
14 10 17 6 0 13 7690612182682 215137225041
0 17 10 16 19 19 7716755585416 78418782794
14 11 16 6 5 18 7725954541299 52268222533
14 11 17 6 5 5 7725954579184 52268162673
14 0 9 6 17 0 7725954882075 85403731197
14 11 10 6 17 5 7725954882075 170834896297
14 0 11 6 17 18 7725958811362 85429941262
14 0 4 6 17 13 7725958811362 180562470339
10 0 6 19 19 16 7749172231929 118738033581
10 0 0 19 19 11 7749172243123 51548446219
14 11 14 6 5 0 7778222741857 66488322793
14 11 17 6 5 18 7778222763832 66510534015
14 11 16 6 5 13 7778222763832 138901963248
0 17 14 16 19 19 7795174368210 73306130479
0 17 10 16 19 2 7795174368210 196307387255
0 16 14 16 22 22 7795174386508 94883075872
10 0 9 19 19 11 7800720689342 108434130790
10 0 0 19 19 6 7800720689342 108434106566
14 0 1 6 17 0 7811358613272 85431195660
14 0 9 6 17 18 7811388752624 85401056631
10 11 10 19 16 20 7839264902179 365364252462
14 11 2 6 5 0 7844711064650 66510037120
14 11 14 6 5 18 7844733297847 66487798575
10 11 11 19 16 17 7844115572614 87854562221
0 17 11 16 19 16 7845295136135 96491456159
0 16 11 16 22 10 7859108228637 123753757956
10 0 7 19 19 16 7867910265510 118737950629
0 17 0 16 19 22 7868480498689 73306076025
0 16 10 16 22 0 7890053801422 237019336902
0 16 0 16 22 11 7890057462380 92804494578
14 11 10 6 17 9 7896789808932 117103298631
14 0 1 6 17 18 7896789809255 46044399561
14 10 2 6 0 18 7897180287242 100237108382
14 0 11 6 17 13 7906521281701 180560691517
14 10 10 6 18 5 7905748380148 311211620913
14 10 14 6 18 10 7905749407723 201378324138
10 0 0 19 19 1 7909154795908 177319733142
10 0 6 19 19 6 7909154820132 77493395678
14 11 2 6 5 18 7911221101770 31613143658
14 11 17 6 5 13 7917124727080 138901909216
10 11 16 19 16 2 7931970134835 87854388577
14 0 6 6 17 21 7942834208816 72124015007
14 11 13 6 17 18 7942834245428 71058982598
14 11 0 6 5 21 7942834245428 41801571635
0 17 0 16 19 1 7941786574714 83368745111
0 17 11 16 19 22 7941786592294 83368669792
10 10 0 19 9 20 7945563189345 263275222009
10 10 11 19 9 19 7945564866268 263273589270
0 16 0 16 22 19 7982861956958 106141554060
0 16 11 16 22 11 7982861986593 106141464687
14 11 11 6 5 21 7984635817063 87931352396
14 11 0 6 17 5 7984635817063 87931352361
10 0 6 19 19 18 7986648215810 93923240233
10 0 7 19 19 6 7986648216139 93923189755
0 17 10 16 19 5 7991481755465 196307560084
14 10 0 6 0 21 7997417395624 100237102931
14 11 10 6 17 18 8013893228026 42133582190
14 0 7 6 17 21 8014958223823 72123978771
10 11 16 19 16 4 8019824523412 184805026999
10 11 17 19 16 2 8019824523412 184805091042
0 17 11 16 19 1 8025155319825 39632891814
14 11 14 6 17 18 8056026810216 31055446479
0 17 16 16 19 4 8064788211639 39632619385
14 11 11 6 17 5 8072567169459 41801345388
10 0 7 19 19 18 8080571456043 44650087571
14 11 10 6 17 21 8087082202594 62432707230
14 11 0 6 17 8 8087082256695 27286289284
10 0 0 19 19 19 8086474529050 177319928598
0 16 11 16 22 19 8089003511018 50458596398
14 10 11 6 0 21 8097654498555 210852726582
14 10 0 6 18 15 8097654498555 210852702598
0 17 16 16 19 22 8104420831024 83368738073
0 17 17 16 19 4 8104420831024 83368776263
14 10 2 6 18 10 8107127731861 201379451866
14 11 0 6 17 9 8114368545979 33069061270
14 11 11 6 17 8 8114368545979 33069038932
10 0 4 19 19 13 8125221543614 44650094867
0 16 10 16 22 12 8127073138324 168985501108
0 16 16 16 22 8 8139462107416 50458653701
14 11 11 6 17 9 8147437607249 15720681242
14 11 10 6 17 11 8149514909824 62432909191
14 11 16 6 17 22 8163158288491 15720728295
10 0 4 19 19 6 8169871638481 93923079874
10 0 11 19 19 13 8169871638481 93923281607
14 11 16 6 17 8 8178879016786 33069071909
14 11 17 6 17 22 8178879016786 33069088978
0 17 16 16 19 5 8187789569097 67054867840
0 17 17 16 19 22 8187789607287 67054810686
0 16 16 16 22 11 8189920761117 106141158636
0 16 17 16 22 8 8189920761117 106141225118
10 10 10 19 9 22 8204936378963 517488966938
10 11 16 19 16 20 8204629550411 143626085060
10 11 17 19 16 4 8204629614454 143626029036
10 10 11 19 9 20 8208838455538 125157933603
14 11 16 6 17 11 8211948088695 25449364405
14 11 17 6 17 8 8211948105764 25449335866
14 10 10 6 18 0 8216960001061 311215569249
14 11 14 6 17 21 8237397441630 33792753446
14 11 17 6 17 11 8237397453100 33804223561
14 11 16 6 17 1 8237397453100 57899235471
0 17 14 16 19 2 8254844417973 89038022230
0 17 17 16 19 5 8254844436937 89067452410
0 17 16 16 19 8 8254844436937 152555074951
10 0 0 19 20 16 8263794457648 227216426420
10 0 4 19 19 19 8263794718355 88494973302
10 0 11 19 19 6 8263794920088 88494700539
14 11 2 6 17 21 8271190195076 33804036487
14 11 14 6 17 11 8271201676661 33792550981
14 11 17 6 17 1 8295296688571 57899471329
0 16 10 16 12 6 8296058639432 379690157268
0 16 16 16 22 12 8296061919753 89546576778
0 16 17 16 22 11 8296061986235 89546513154
14 11 2 6 17 11 8304994231563 16067326786
14 10 0 6 18 5 8308507201153 134350770537
14 10 11 6 18 15 8308507225137 134396090813
14 11 0 6 17 17 8321061558349 16067399824
10 10 16 19 9 10 8333996389141 125158662329
14 11 11 6 17 17 8337128958173 16067403329
0 17 2 16 19 2 8343882440203 89067921101
0 17 14 16 19 5 8343911889347 89038463658
10 11 16 19 16 5 8348255635471 221945016823
10 11 14 19 16 12 8348255643490 221843055492
10 11 17 19 16 20 8348255643490 221893614575
14 16 13 6 12 10 8353196361502 25449379501
14 16 10 6 12 15 8353196361502 25449369256
10 0 9 19 19 1 8352289620627 149299566399
10 11 10 19 19 6 8352289620627 369642747358
10 0 11 19 19 19 8352289691657 149352834155
10 0 4 19 19 14 8352289691657 182968840599
14 16 0 6 12 15 8378645730758 41806103498
14 16 10 6 12 10 8378645741003 18149568182
0 16 16 16 22 1 8385608496531 138345018043
0 16 14 16 22 0 8385608499389 138344738983
0 16 17 16 22 12 8385608499389 138344911878
14 16 14 6 12 10 8396795309185 38178319203
14 16 10 6 12 5 8396795309185 38178309219
0 17 17 16 19 8 8407399511888 152555031466
14 16 11 6 12 15 8420451834256 41806179082
0 17 2 16 19 5 8432950361304 42334873026
14 16 10 6 12 0 8434973618404 62431932123
14 16 0 6 12 5 8434973628388 27284425682
14 10 0 6 18 17 8442857971690 134396261944
14 10 11 6 18 5 8442903315950 134350946122
10 10 16 19 9 19 8459155051470 263272717076
10 10 17 19 9 10 8459155051470 263275836271
14 16 0 6 12 17 8462258054070 33069183596
14 16 11 6 12 5 8462258054070 33069160864
0 17 0 16 19 17 8475285234330 42334835826
10 0 0 19 20 6 8491010884068 227216558152
14 16 11 6 12 17 8495327237666 15720740314
14 16 10 6 12 18 8497405550527 62432019840
10 0 1 19 19 1 8501589187026 149354542756
10 0 9 19 19 19 8501642525812 149301198488
14 16 16 6 12 12 8511047977980 15720729476
0 17 11 16 19 17 8517620070156 42334831896
0 16 2 16 22 0 8523953238372 151798965757
0 16 14 16 22 12 8523953411267 151798767106
0 16 17 16 22 1 8523953514574 117356516296
14 16 16 6 12 5 8526768707456 33069069576
14 16 17 6 12 12 8526768707456 33069121862
14 10 10 6 18 18 8528175570310 311212113466
10 0 11 19 19 14 8535258532256 182969289659
14 16 10 6 5 17 8559837570367 94756709393
14 16 16 6 12 18 8559837777032 30175811598
14 16 17 6 12 5 8559837829318 30175691254
11 10 10 16 19 11 8559954543354 190657331975
0 14 0 16 9 20 8559954902052 75005322533
0 14 9 16 9 14 8559954902052 210633670020
11 10 13 16 19 19 8559954902052 190657187487
10 11 2 19 16 12 8570098698982 221943452111
10 11 14 19 16 20 8570149258065 221892861742
10 11 17 19 16 5 8570200652294 221841688266
14 10 11 6 18 17 8577254262072 63880675647
14 17 10 6 12 5 8590013520572 115198309748
14 16 14 6 12 0 8590013520572 47559243344
14 16 17 6 12 18 8590013588630 47575259403
14 16 16 6 12 13 8590013588630 79668976361
0 14 4 16 9 20 8634960224585 117876828436
0 14 0 16 9 3 8634960224585 235753308857
14 16 2 6 12 0 8637572763916 47575829563
14 16 14 6 12 18 8637588848033 47559744479
0 17 13 16 22 19 8641310030870 117357815941
14 10 16 6 18 12 8641134937719 63879861250
10 0 1 19 19 19 8650943729782 70988755676
14 16 10 6 5 6 8654594279760 94756907609
14 16 17 6 12 13 8669682564991 79668905865
0 16 10 16 12 19 8675748796700 667727160539
0 16 14 16 12 6 8675752178373 388020837409
0 16 2 16 22 12 8675752204129 82915652570
14 16 2 6 12 18 8685148593479 22613159523
14 17 0 6 12 5 8705211830320 115199215037
14 10 16 6 18 5 8705014798969 134373792924
14 10 17 6 18 12 8705014798969 134373850954
14 16 0 6 12 21 8707761753002 55456773582
14 17 10 6 12 18 8707761753002 41592981354
10 0 0 19 20 19 8718227442220 272461918782
10 0 9 19 20 6 8718227821915 160905368619
10 0 6 19 19 22 8721932485458 102497784373
10 11 10 19 19 19 8721932485458 147826897763
10 10 10 19 22 16 8722425345901 538331791065
10 10 16 19 9 22 8722427768546 260584912203
10 10 17 19 9 19 8722430887741 260581789745
14 16 10 6 5 18 8749351187369 127827452012
14 16 14 6 5 6 8749351470856 65261630852
14 17 14 6 12 18 8749354734356 65259748033
14 17 10 6 12 8 8749354734356 130519223714
11 10 0 16 19 11 8750611875329 313196385609
11 10 10 16 19 19 8750612089539 135969940921
0 14 11 16 9 20 8752837053021 117876767636
0 17 1 16 22 19 8758667846811 242108476037
0 16 0 16 22 14 8758667856699 223333734015
0 17 13 16 22 12 8758667856699 86823390611
14 16 11 6 12 21 8763218526584 116655385747
14 16 0 6 5 17 8763218526584 116655389597
0 14 1 16 9 14 8770588572072 210634208890
10 11 2 19 16 20 8792042151093 112771123939
10 11 14 19 19 6 8792042340560 196360934913
14 16 2 6 5 6 8814613101708 65261202907
14 17 2 6 12 18 8814614482389 65259581874
14 17 11 6 12 5 8820411045357 115199183348
10 0 7 19 19 22 8824430269831 215608447361
10 0 6 19 20 16 8824430269831 215608433322
14 10 16 6 18 18 8839388591893 107788353921
14 10 17 6 18 5 8839388649923 107788230829
0 17 14 16 22 12 8845491247310 136450056647
0 17 13 16 22 5 8845491247310 272899990988
10 11 10 19 19 14 8869759383221 147826042333
0 14 0 16 9 9 8870713533442 269853139725
0 14 9 16 9 3 8870713820657 110509035734
14 16 10 6 5 7 8877178639381 127828358079
14 16 11 6 5 17 8879873916181 64041876792
14 17 10 6 12 21 8879873958070 139174624027
14 17 0 6 12 8 8879874064263 55736383324
14 16 0 6 5 18 8879874304615 64017417838
10 0 1 19 20 6 8879133190534 160905517335
11 10 14 16 19 19 8886582030460 286018264751
11 10 10 16 19 4 8886582030460 286018205123
10 11 0 19 16 6 8904813275032 112771237895
14 17 0 6 12 9 8935610447587 75442094034
14 17 11 6 12 8 8935610447587 75442073017
14 16 0 6 5 3 8943891722453 64041773761
14 16 11 6 5 18 8943915792973 64017756635
14 10 14 6 18 0 8947176880752 129154370814
14 10 17 6 18 18 8947176945814 129200176636
14 10 16 6 18 13 8947176945814 377108814701
0 14 9 16 9 7 8981222856391 145452073264
0 14 1 16 9 3 8981222856391 145452028410
0 17 11 16 22 12 8981941303957 136450169401
0 16 11 16 22 14 8982001590714 469791824274
0 16 0 16 12 16 8982001590714 469791822011
10 10 14 19 9 9 8983012677486 399839387232
10 10 17 19 9 22 8983012680749 399973371677
10 10 16 19 9 12 8983012680749 408040674483
10 11 2 19 19 6 8988403275473 196360759361
10 0 0 19 20 9 8990689361002 272461225227
0 17 18 16 22 19 9000776322848 242109185650
14 16 10 6 5 19 9005006997460 127828272750
14 16 11 6 5 3 9007933549608 30437678907
14 17 11 6 12 9 9011052541621 35864437419
10 11 11 19 16 6 9017584512927 167179593993
10 11 10 19 19 9 9017585425554 308513530179
10 11 0 19 19 16 9017585425554 167179539539
14 17 10 6 12 11 9019048582097 139174748335
14 16 16 6 5 15 9038371228515 30437711158
10 0 6 19 20 19 9040038707869 125416482106
10 0 7 19 20 16 9040038717192 125457366233
14 17 16 6 12 22 9046916979040 35864414857
0 16 2 16 12 6 9063773015782 388020447576
11 10 11 16 19 11 9063808260938 313196692605
14 16 16 6 5 18 9068808939673 64026863049
14 16 17 6 5 15 9068808939673 64026888055
14 10 2 6 18 0 9076331251566 129193357194
14 10 14 6 18 18 9076377122450 129147888045
14 17 16 6 12 8 9082781393897 75442177418
14 17 17 6 12 22 9082781393897 75442203348
0 17 13 16 22 21 9118391238298 333402403627
0 17 1 16 22 5 9118391473358 124494100661
0 14 1 16 9 7 9126674929655 69146494612
14 16 16 6 5 19 9132835802722 49861946389
14 16 17 6 5 18 9132835827728 49861892011
0 14 0 16 9 15 9140566673167 269852880586
14 17 16 6 12 11 9158223571315 57766390136
14 17 17 6 12 8 9158223597245 57766339694
10 0 6 19 20 20 9165455189975 125456509967
10 0 7 19 20 19 9165496083425 125415662507
11 10 10 16 19 12 9172600235583 467718730704
11 10 0 16 19 4 9172600295211 204404757197
14 16 14 6 5 7 9182697719739 60408328655
14 16 17 6 5 19 9182697749111 60428243918
14 16 16 6 5 8 9182697749111 164983905469
10 11 11 19 19 16 9184764965093 113865918906
10 11 0 19 19 19 9184764965093 113810981960
0 14 6 16 9 13 9195821424267 69146334315
14 16 10 6 18 12 9205524608760 134824338518
14 10 2 6 18 18 9205525010495 123965223417
14 17 14 6 12 21 9215989936939 72660963563
14 17 17 6 12 11 9215989961451 72686299594
14 17 16 6 12 1 9215989961451 160725396671
14 16 2 6 5 7 9243106048394 60430135333
14 16 14 6 5 19 9243125993029 60410201407
0 17 1 16 22 8 9242885574019 165022706607
0 17 18 16 22 5 9242885574019 165022658259
10 10 10 19 22 6 9260757136966 538332070531
10 0 0 19 20 22 9263150586229 272460472112
0 14 6 16 9 3 9264967758582 145452022070
0 14 7 16 9 13 9264967758582 145452057954
14 17 2 6 12 21 9288650900502 72684899052
14 17 14 6 12 11 9288676261045 72659531373
10 0 7 19 20 20 9290911745932 59631394011
10 11 0 19 19 20 9298575947053 113898521863
10 11 11 19 19 19 9298630883999 113843572823
14 17 10 6 5 15 9303536183727 94320491877
14 16 2 6 5 19 9303536194436 44145725681
14 10 17 6 18 13 9324285760515 377103453332
10 11 10 19 19 22 9326098955733 308513767570
14 10 0 6 18 21 9329490233912 123966408084
14 16 10 6 18 5 9340348947278 134824216651
0 16 10 16 12 9 9343475957239 667727361833
14 16 17 6 5 8 9347681654580 189798197993
14 16 0 6 5 21 9347681920117 68527343229
14 16 13 6 18 18 9347681920117 127493642813
10 0 4 19 20 10 9350543139943 59631395649
14 17 2 6 12 11 9361335799554 34547668860
14 17 17 6 12 1 9376715358122 160764962086
11 10 0 16 19 17 9377005052408 247742227622
11 10 11 16 19 4 9377005052408 247742103675
10 10 2 19 9 9 9382852064718 399981160945
10 10 14 19 9 22 9382986052426 399847127294
10 10 17 19 9 12 9391053355232 408037414766
14 17 13 6 5 5 9395883468414 96293817402
14 17 0 6 12 17 9395883468414 58161562184
14 17 10 6 5 19 9397856675604 94320551482
0 17 18 16 22 8 9407908280626 78449881297
10 0 4 19 20 19 9410174535592 125437020408
10 0 11 19 20 10 9410174535592 125437069278
0 14 6 16 9 15 9410419780652 117226127169
0 14 7 16 9 3 9410419816536 106312723803
10 11 11 19 19 20 9412474468916 54133332475
14 16 11 6 5 21 9416209263346 144149816350
14 16 0 6 18 12 9416209263346 144149816368
0 16 11 16 12 16 9451793414988 310653647254
0 16 0 16 12 19 9451793463358 310555083655
0 17 13 16 22 14 9451793641925 278036829293
14 10 11 6 18 21 9453456641996 123966410505
14 17 11 6 12 17 9454045030598 122344330807
14 17 0 6 5 15 9454045030598 122344330805
10 11 16 19 19 10 9466607801391 54133433806
14 16 10 6 18 18 9475175562930 62304469442
0 17 5 16 22 1 9486358161923 78450373075
14 17 10 6 5 5 9492177285816 45303214836
0 14 4 16 9 9 9516732540339 189685726182
0 2 14 16 9 3 9516732540339 271666249511
10 11 16 19 19 19 9520741235197 113871694140
10 11 17 19 19 10 9520741235197 113871755972
0 14 7 16 9 15 9527645907821 184229709098
0 14 6 16 9 21 9527645907821 368458416608
10 0 4 19 20 22 9535611556000 99718845118
10 0 11 19 20 19 9535611604870 99002692511
14 16 14 6 18 18 9537480032372 45703298095
14 17 14 6 5 5 9537480500652 48535098188
14 17 10 6 5 8 9537480500652 126625113897
14 16 11 6 18 12 9560359079714 68527310764
0 17 5 16 22 5 9564808534998 165022165657
0 17 10 16 22 1 9564808534998 165022212549
14 17 11 6 5 15 9576389361405 58161333449
14 16 10 6 18 7 9577423052501 123966416183
14 16 0 6 18 1 9583183330467 45703085558
14 17 0 6 5 18 9586015598840 48535075852
11 10 11 16 19 17 9624747280030 117774025906
14 16 0 6 18 5 9628886416025 54909918496
14 16 11 6 18 1 9628886416025 54909885078
14 17 0 6 5 19 9634550674692 52928599700
14 17 11 6 5 18 9634550694854 52928520499
10 11 16 19 19 22 9634612929337 94284840848
10 11 17 19 19 19 9634612991169 94284741589
10 0 9 19 20 9 9634614297381 154113127531
10 11 10 19 20 19 9634614297381 308233510000
10 0 11 19 20 22 9635330401118 153762112099
10 0 4 19 20 12 9635330401118 325318485346
11 10 10 16 19 20 9640318966287 467718562452
14 17 10 6 5 21 9664105614549 126625352584
14 16 11 6 18 5 9683796334521 26103606665
14 17 11 6 5 19 9687479274392 25161694093
14 16 10 6 18 13 9701389468684 89521306529
0 14 11 16 9 9 9706418266521 189686195152
14 16 16 6 18 11 9709899941186 26103610996
0 14 4 16 9 15 9711875616919 184228776816
14 17 16 6 5 9 9712640968485 25161675993
10 11 14 19 19 9 9728897732758 119938636605
10 11 17 19 19 22 9728897770185 119977280971
10 11 16 19 19 12 9728897770185 250533139819
0 17 5 16 22 14 9729830700655 123776005168
0 17 10 16 22 5 9729830747547 123775937482
14 16 16 6 18 1 9736003552182 54909873450
14 16 17 6 18 11 9736003552182 54909912501
14 17 16 6 5 18 9737802644478 52928562683
14 17 17 6 5 9 9737802644478 52928589437
11 10 16 16 19 2 9742521305936 117773980908
0 16 0 16 12 20 9762348547013 310659834466
0 16 11 16 12 19 9762447062242 310561393830
10 10 2 19 9 22 9782833225663 190115503073
0 2 15 16 9 3 9788398789850 271666255201
10 0 1 19 20 9 9788727424912 154120390436
10 0 9 19 20 22 9789092513217 153755302551
14 17 16 6 5 21 9790731207161 42694892391
14 17 17 6 5 18 9790731233915 42694852026
14 16 10 6 13 10 9790910775213 195840825747
14 16 16 6 18 13 9790913425632 46645938424
14 16 17 6 18 1 9790913464683 46645900893
10 10 10 19 22 19 9799089207497 590260001066
10 10 14 19 22 6 9799090769998 381944808108
14 17 14 6 5 8 9833426085941 56487115907
14 17 17 6 5 21 9833426099552 56506053918
14 17 16 6 5 11 9833426099552 98313034511
14 16 16 6 18 19 9837559364056 72065574075
14 16 14 6 18 7 9837559365576 72065360513
14 16 17 6 18 13 9837559365576 72065495497
10 11 2 19 19 9 9848836369363 119978335899
10 11 14 19 19 22 9848875051156 119939645372
0 17 14 16 22 21 9853606685029 169747710115
0 17 10 16 22 14 9853606705823 169827077484
0 17 5 16 22 7 9853606705823 254685172110
11 10 16 16 19 4 9860295286844 247742401491
11 10 17 16 19 2 9860295286844 247742480792
14 17 2 6 5 8 9889913201848 56505878009
14 17 14 6 5 21 9889932153470 56486920955
0 14 10 16 9 21 9896104393735 145208784868
0 14 11 16 9 15 9896104461673 145150017552
14 16 2 6 18 7 9909624726089 77129662858
14 16 14 6 18 13 9909624861073 77129512982
14 16 17 6 18 19 9909624938131 63651925668
14 17 17 6 5 11 9931739134063 98312358998
10 11 10 19 20 4 9942847815348 211139543464
10 0 1 19 20 22 9942847815768 82994156220
14 17 2 6 5 21 9946419079857 26857843182
10 0 11 19 20 12 9960648886464 325318472081
10 11 2 19 19 22 9968814705262 57027288644
14 17 0 6 5 4 9973276923039 28387365876
14 17 13 6 18 5 9973276923039 56774663828
10 10 0 19 9 5 9972948728736 190115864874
10 11 17 19 19 12 9979430910004 250533057987
14 16 10 6 13 5 9986751600960 319711831008
14 16 14 6 13 10 9986754374055 185675441796
14 16 2 6 18 13 9986754388947 43297138921
14 17 11 6 5 4 10001664288915 28387399496
0 16 10 16 12 22 10011203319072 667728183826
0 17 11 16 22 21 10023354395144 169789724235
0 17 14 16 22 14 10023433783307 169789775565
10 0 6 19 20 5 10025841971988 130062819701
10 11 13 19 20 22 10025841993906 128145487119
10 11 0 19 19 5 10025841993906 75380552516
14 16 0 6 18 14 10030051527868 105703520202
14 17 13 6 18 13 10030051586867 40999665894
14 14 0 6 0 17 10030051688411 31987062516
14 14 9 6 0 14 10030051688411 89829463893
14 17 1 6 18 5 10030051688411 114272942108
0 14 9 16 9 16 10041254479225 321721404633
0 2 14 16 9 15 10041254479225 290477085794
0 14 7 16 9 21 10041313178603 145209314570
0 2 12 16 9 3 10060065045051 271666623413
14 14 4 6 0 17 10062038750927 50271740687
14 14 0 6 0 20 10062038750927 100542396817
14 17 14 6 18 13 10071051252761 64434182572
14 17 13 6 18 21 10071051252761 128868405468
0 16 11 16 12 20 10073008456072 147659507194
10 11 11 19 19 5 10101222546422 158565242328
10 11 0 19 20 19 10101222546422 158565242324
11 10 16 16 19 20 10108037688335 190657387021
11 10 17 16 19 4 10108037767636 190657271376
0 17 10 16 22 7 10108291877933 254685069735
14 14 11 6 0 17 10112310491614 50270820110
14 14 1 6 0 14 10119881152304 89828909129
14 17 11 6 18 13 10135485435333 64434368674
14 16 11 6 18 14 10135755048070 222350487601
14 16 0 6 13 15 10135755048070 222350487687
14 17 18 6 18 5 10144324630519 114272738918
10 11 10 19 20 22 10153987481025 75976654151
10 0 7 19 20 5 10155904791689 130062830218
14 14 0 6 0 0 10162581147744 115083991239
14 14 9 6 0 20 10162581311724 47128856871
10 10 11 19 9 5 10163064593610 399916017973
10 10 0 19 22 16 10163064593610 399915974397
14 16 2 6 13 10 10172429815851 185675719764
10 10 2 19 22 6 10181035578106 381945006870
0 2 2 16 9 14 10186522493173 145209195506
0 14 0 16 22 6 10193144119379 169832698863
0 17 11 16 22 14 10193223558872 169753415997
14 17 13 6 18 6 10199919658229 158186069834
14 17 1 6 18 21 10199919804007 58677562193
14 14 9 6 0 22 10209710168595 62030943964
14 14 1 6 0 20 10209710168595 62030923148
0 16 16 16 12 10 10220667963266 147659546377
10 11 14 19 20 22 10229964135176 56003495753
14 17 1 6 18 11 10258597366200 77817877058
14 17 18 6 18 21 10258597369437 77817852795
10 11 11 19 20 19 10259787788750 75380421898
14 14 1 6 0 22 10271741112559 29488748714
14 14 0 6 0 3 10277665138983 115084162743
10 11 10 19 20 5 10285967621907 112577044087
10 11 0 19 20 2 10285967630929 49200590280
11 10 14 16 19 12 10298695039012 259457018042
11 10 17 16 19 20 10298695075356 259545364172
11 10 16 16 19 5 10298695075356 401503557190
14 14 6 6 0 2 10301229861273 29488818146
14 16 10 6 13 0 10306463431968 319712042251
14 14 6 6 0 20 10330718679419 62030858777
14 14 7 6 0 2 10330718679419 62030875802
0 2 14 16 9 4 10331731565019 362257573546
0 2 0 16 9 14 10331731688679 177930722156
0 2 2 16 9 15 10331731688679 177852014208
10 11 0 19 20 4 10335168221209 59629847589
10 11 11 19 20 2 10335168221209 59629814156
14 17 18 6 18 11 10336415243258 36993797618
14 16 11 6 13 15 10358105535757 148800497539
14 16 0 6 13 5 10358105535757 148750597989
14 17 13 6 18 14 10358105728063 130114652141
0 14 1 16 9 16 10362975883858 331012576933
0 14 4 16 22 6 10362976818242 187048561756
0 14 0 16 22 19 10362976947668 374096956879
0 17 1 16 22 9 10362976974869 224616887806
0 14 9 16 22 16 10362976974869 331011162456
0 16 16 16 12 19 10368327509643 310607608940
0 16 17 16 12 10 10368327509643 310607724208
14 17 5 6 18 19 10373409040876 36993749389
10 10 10 19 22 9 10389349208563 590261067099
14 14 6 6 0 3 10392749538196 49899195009
14 14 7 6 0 20 10392749555221 45417422198
10 11 11 19 20 4 10394798068798 28347423011
10 11 10 19 20 8 10398544665994 112577760256
14 17 5 6 18 21 10410402790265 77817825987
14 17 10 6 18 19 10410402790265 77817849411
10 11 16 19 20 7 10423145491809 28347374088
14 14 4 6 0 0 10438166977419 80660671054
14 2 14 6 0 20 10438166977419 116815308211
14 14 7 6 0 3 10442648733205 78420053936
14 14 6 6 0 6 10442648733205 156839878464
10 11 16 19 20 2 10451492865897 59629795162
10 11 17 19 20 7 10451492865897 59629817080
14 17 5 6 18 14 10488220616252 58262904456
14 17 10 6 18 21 10488220639676 58262870799
14 16 0 6 13 17 10506856133746 148803650485
14 16 11 6 13 5 10506906033296 148753813938
0 2 2 16 9 0 10509583702887 177884922526
0 2 0 16 9 15 10509662410835 177806298755
10 11 16 19 20 8 10511122661059 45889745791
10 11 17 19 20 2 10511122682977 45889710968
14 14 11 6 0 0 10518827648473 80661055767
14 14 4 6 0 3 10521068787141 78419888496
14 17 14 6 18 6 10546483510475 79904096646
14 17 10 6 18 14 10546483520708 79940801180
14 17 5 6 18 22 10546483520708 119882824511
0 14 11 16 22 6 10550025379998 187048679387
14 2 15 6 0 20 10554982285630 116815048261
10 11 14 19 20 5 10557012393945 60934306772
10 11 17 19 20 8 10557012406850 60956656539
10 11 16 19 20 11 10557012406850 104403835854
11 10 2 16 19 12 10558152057054 259541835391
11 10 14 16 19 20 10558240439528 259453632560
10 10 0 19 22 19 10562980584976 254809381740
10 10 11 19 22 16 10562980611583 254898631446
0 17 18 16 22 9 10587593862675 224616875508
14 14 10 6 0 6 10599488675637 63041294697
14 14 11 6 0 3 10599488704240 60554076503
10 11 2 19 20 5 10617946700717 60955904973
10 11 14 19 20 8 10617969063389 60933535551
14 16 10 6 13 18 10626175474219 319712324646
14 17 11 6 18 6 10626387607121 79922120711
14 17 14 6 18 14 10626424321888 79922416674
14 16 11 6 13 17 10655659847234 70727063357
14 14 9 6 0 15 10660042780743 126206688171
14 2 14 6 0 3 10660042780743 128569668418
10 11 17 19 20 11 10661416242704 104403563336
14 14 7 6 0 6 10662529970334 63041343616
14 17 10 6 18 22 10666366345219 119882922060
14 2 12 6 0 20 10671797333891 116815150194
10 11 2 19 20 8 10678902605690 28972492025
0 16 16 16 12 22 10678935118583 245537103643
0 16 17 16 12 19 10678935233851 245536906694
0 2 0 16 9 0 10687468709590 84567601453
0 14 1 16 22 16 10693988460791 162105532331
0 2 14 16 9 16 10693989138565 340505824512
11 10 17 16 19 5 10700198632546 401504177996
14 14 0 6 18 10 10706309727832 79939432971
14 17 11 6 18 14 10706346738562 79902572824
10 11 0 19 20 20 10707875097715 28972447008
14 2 2 6 0 14 10725571313950 63041245787
14 16 16 6 13 12 10726386910591 70727144034
10 11 11 19 20 20 10736847544723 28972458206
0 14 9 16 22 19 10737074059385 119019650421
10 16 13 19 10 6 10765820002929 45889983638
10 16 10 19 10 16 10765820002929 45889972184
0 2 6 16 9 12 10772036311043 84567646617
14 14 4 6 18 10 10786249160803 84968862461
14 14 0 6 18 5 10786249267279 169937514256
14 17 1 6 18 0 10786249311386 101638811782
14 14 1 6 0 15 10786249468914 151826605520
14 14 9 6 18 15 10786249468914 151826522323
14 2 14 6 0 9 10788612449161 153869071481
14 2 0 6 0 14 10788612559737 77905836929
14 2 2 6 0 3 10788612559737 77879681791
14 16 16 6 13 5 10797114054625 148776767995
14 16 17 6 13 12 10797114054625 148776825999
10 16 0 19 10 16 10811709975113 75384327784
10 16 10 19 10 6 10811709986567 32727080987
0 14 0 16 22 9 10812210738183 224616790574
10 10 0 19 22 20 10817789966716 254904093032
10 10 11 19 22 19 10817879243029 254814851336
11 14 10 16 19 2 10817693892445 302533491377
11 10 2 16 19 20 10817694072088 226899752637
10 16 14 19 10 6 10844437067554 68842617282
10 16 10 19 10 19 10844437067554 68842601238
0 14 9 16 22 20 10856093709806 137370989885
0 14 1 16 22 19 10856093993122 137370885234
0 2 6 16 9 15 10856603957660 177891221028
0 2 11 16 9 12 10856603957660 177891280295
14 2 2 6 0 7 10866492241528 77906432682
14 2 0 6 0 3 10866518396666 77880314627
14 14 11 6 18 10 10871218023264 84968893570
10 16 11 19 10 16 10887094302897 75384273482
14 17 18 6 18 0 10887888123168 101638853642
10 16 10 19 10 9 10913279668792 112576645129
10 16 0 19 10 19 10913279684836 49198915548
0 16 14 16 12 9 10924472140545 315124311637
0 16 17 16 12 22 10924472222226 315225611281
0 16 16 16 12 12 10924472222226 630351059890
14 14 1 6 18 15 10938076074434 72177035606
14 2 14 6 0 15 10942481520642 153868436753
14 2 0 6 0 7 10944398711293 37029574137
14 16 16 6 13 18 10945890822620 117600227331
14 16 17 6 13 5 10945890880624 117600128289
14 14 9 6 18 5 10956186916834 54066008045
10 16 0 19 10 20 10962478600384 59629919503
10 16 11 19 10 19 10962478600384 59629885943
10 10 10 19 22 22 10979610275662 590260034282
14 2 6 6 0 13 10981428285430 37029313984
14 14 0 6 18 0 10989526976810 101638832464
0 14 1 16 22 20 10993464878356 65304645642
14 14 9 6 18 17 11010252924879 61865806859
14 14 1 6 18 5 11010253110040 61865752382
14 2 6 6 0 3 11018457599414 77892586816
14 2 11 6 0 13 11018457599414 77892615840
10 16 11 19 10 20 11022108519887 28347409913
10 16 10 19 10 22 11025856313921 112576768181
0 2 6 16 9 16 11034495178688 137308597725
0 2 11 16 9 15 11034495237955 137308492248
0 14 0 16 22 22 11036827528757 224616945421
11 10 0 16 19 6 11044593824725 226899340727
10 16 16 19 10 10 11050455929800 28347482460
0 14 6 16 22 10 11058769523998 65304640732
14 16 14 6 13 0 11063491008913 150928408425
14 16 17 6 13 18 11063491049951 150979769119
14 16 16 6 13 13 11063491049951 301907612573
14 14 1 6 18 17 11072118862422 29410351898
10 10 11 19 22 20 11072694094365 121158173174
10 16 16 19 10 19 11078803412260 59629878315
10 16 17 19 10 10 11078803412260 59629961166
14 14 0 6 18 18 11091165809274 101639069829
14 2 6 6 0 15 11096350186230 60525751628
14 2 11 6 0 3 11096350215254 60525700539
14 14 6 6 18 12 11101529214320 29410276017
11 14 0 16 19 21 11101702810542 401503832720
11 14 14 16 19 2 11120227383822 302533296293
0 14 6 16 22 19 11124074164730 137370668126
0 14 7 16 22 10 11124074164730 137370706072
14 14 6 6 18 5 11130939490337 61865701740
14 14 7 6 18 12 11130939490337 61865720777
10 16 10 19 19 20 11138433082102 170861017863
10 16 16 19 10 22 11138433290575 54412795465
10 16 17 19 10 19 11138433373426 54412599374
14 2 15 6 0 9 11156875915793 77678702914
14 2 11 6 0 15 11156875937858 77706640421
14 2 6 6 0 21 11156875937858 155381826761
0 2 15 16 9 4 11171803730203 176223136584
0 2 11 16 9 16 11171803776413 176279900965
0 2 6 16 9 5 11171803776413 352503661121
14 14 6 6 18 18 11192805192077 46125975052
14 14 7 6 18 5 11192805211114 46125939627
10 17 10 19 10 19 11192845972800 207753593838
10 16 14 19 10 9 11192845972800 85757765693
10 16 17 19 10 22 11192846086040 85786219109
10 16 16 19 10 12 11192846086040 143655105419
10 10 16 19 22 10 11193852267539 121158181881
14 16 2 6 13 0 11214419417338 150979677174
14 16 14 6 13 18 11214470819070 150927910567
14 2 12 6 0 9 11234554618707 77703203281
14 2 15 6 0 15 11234582578279 77675230748
14 14 4 6 18 0 11238931150741 59198013924
14 14 7 6 18 18 11238931167129 59218279492
14 14 6 6 18 13 11238931167129 118416231379
0 16 2 16 12 9 11239596452182 315227021180
0 16 14 16 12 22 11239697833507 315125511366
0 14 6 16 22 22 11261444832856 102304756967
0 14 7 16 22 19 11261444870802 102304685640
11 10 11 16 19 6 11271493165452 226900438790
10 16 2 19 10 9 11278603738493 85787197492
10 16 14 19 10 22 11278632305149 85758628948
14 14 11 6 18 0 11298129164665 59218253886
14 14 4 6 18 18 11298149446621 59197998178
10 16 10 19 19 21 11309294099965 170861420790
14 2 7 6 0 21 11312257809027 90938693997
14 2 12 6 0 15 11312257821988 45089644001
10 10 16 19 22 19 11315010449420 254860963114
10 10 17 19 22 10 11315010449420 254861068051
10 16 17 19 10 12 11336501191459 143654628237
0 2 12 16 9 4 11348026866787 176280624075
0 2 15 16 9 16 11348083677378 176223786062
14 14 11 6 18 18 11357347444799 69083274237
14 14 10 6 18 13 11357347444799 71480681351
14 2 2 6 0 16 11357347465989 71480548388
14 2 10 6 18 12 11357347465989 45849296458
0 14 4 16 22 9 11363749556442 131299309784
0 14 7 16 22 22 11363749589823 131341276108
0 14 6 16 22 12 11363749589823 262638825976
10 16 2 19 10 22 11364390935985 40775297986
14 16 1 6 13 13 11365398729637 99598790020
14 16 2 6 13 18 11365399094512 143160431639
10 17 0 19 10 19 11400599566638 207755653552
14 2 11 6 0 21 11403196503024 97112054088
14 2 14 6 18 12 11403196762447 69707510054
14 2 10 6 18 5 11403196762447 139414873124
10 16 0 19 10 5 11405166233971 100000776165
10 17 10 19 10 22 11405166233971 74995808377
11 14 2 16 19 2 11422760680115 302532764045
14 14 9 6 18 21 11426430719036 69083026781
14 14 7 6 18 13 11428828126150 71480416168
14 2 0 6 0 16 11428828014377 71480601481
14 16 17 6 13 13 11464997519657 99598725250
14 2 2 6 18 12 11472904272501 69707430916
10 16 10 19 19 22 11480155520755 230408080291
10 16 14 19 19 21 11480155819696 117681524552
10 17 14 19 10 22 11480162042348 117680622282
10 17 10 19 10 2 11480162042348 235361202872
14 14 1 6 18 21 11495513745817 69083355012
0 14 11 16 22 9 11495048866226 131339536797
0 14 4 16 22 22 11495090865931 131297575019
11 14 10 16 19 6 11498393604242 226899844210
2 0 10 6 12 20 11500308615858 89480081567
2 0 0 6 12 12 11500308615858 251282702794
14 2 0 6 18 19 11500308615858 42302837977
11 14 11 16 19 21 11503206643262 401504644624
10 16 11 19 10 5 11505167010136 210356156381
10 16 0 19 19 20 11505167010136 210356162701
14 16 0 6 13 21 11508559526151 143160525503
0 2 7 16 9 5 11524307463440 207119783334
0 2 12 16 9 16 11524307490862 102080949776
14 2 11 6 18 19 11542611453835 43312327915
14 2 0 6 18 5 11542611703417 43297477304
0 16 1 16 12 12 11554823344873 246928799201
0 16 2 16 12 22 11554823473362 244160660175
14 2 10 6 18 21 11564597100829 74552501987
14 1 10 6 13 3 11564597100829 90233216002
10 10 16 19 22 22 11569871412534 204362009563
10 10 17 19 22 19 11569871517471 204361788595
14 2 0 6 18 8 11585909180721 43313354286
14 2 11 6 18 5 11585923781750 43298759695
2 0 14 6 12 20 11589788697425 140625189693
2 0 10 6 12 5 11589788697425 281249623343
10 16 2 19 19 21 11597837344248 117686521991
10 17 2 19 10 22 11597842664630 117680720066
10 17 11 19 10 19 11608355220190 207758285568
0 2 2 16 9 18 11626388440638 164628874898
0 2 10 16 22 10 11626388440638 105039225230
0 14 11 16 22 22 11626388440950 140764686375
0 14 10 16 22 12 11626388440950 164628995687
14 2 11 6 18 8 11629222541445 20586938412
14 2 10 6 18 14 11639149602816 74552296120
14 2 16 6 18 1 11649809479857 20587023717
14 16 11 6 13 21 11651720051654 143160460265
14 1 14 6 13 3 11654830316831 142124881658
14 1 10 6 13 15 11654830316831 282420048578
14 2 16 6 18 5 11670396503574 43305631643
14 2 17 6 18 1 11670396503574 43305647521
10 16 10 19 19 0 11710563601046 230410273031
14 2 16 6 18 14 11713702135217 32645374257
14 2 17 6 18 5 11713702151095 32645345006
10 16 11 19 19 20 11715523172837 115404449815
10 17 10 19 10 5 11715523245220 251125757002
10 17 0 19 10 2 11715523384696 100590319515
10 16 0 19 19 22 11715523866239 115367018351
11 14 10 16 19 10 11725293448452 457495068499
11 14 0 16 19 6 11725293448452 179417917212
2 0 2 6 12 20 11730413887118 140624761443
0 2 11 16 9 5 11731427246774 224218990687
0 2 14 16 22 10 11731427665868 158627145033
0 2 10 16 22 19 11731427665868 317254282051
14 2 14 6 18 21 11746347496101 41896946835
14 2 17 6 18 14 11746347509474 41911030361
14 2 16 6 18 7 11746347509474 83808043213
2 0 11 6 12 12 11751591318652 251282811716
0 14 9 16 22 5 11767153127325 140764349799
10 10 14 19 22 9 11774233306066 245342368089
10 10 17 19 22 22 11774233422097 245420635830
10 10 16 19 22 12 11774233422097 709231314132
14 2 2 6 18 21 11788244442936 41911179357
14 2 14 6 18 14 11788258539835 41897070845
0 14 7 16 22 12 11791017436637 164628767950
0 2 0 16 9 18 11791017315536 164628985346
14 1 0 6 13 14 11794880511919 143160072966
14 1 2 6 13 3 11796955198489 142124912140
0 16 0 16 12 5 11798984133537 244161279814
0 16 17 16 12 12 11801752144074 246928896414
10 17 0 19 10 4 11816113704211 136120485683
10 17 11 19 10 2 11816113704211 136120449725
14 2 1 6 18 7 11830155610680 40750899056
14 2 2 6 18 14 11830155622293 27167289132
10 16 0 19 19 15 11830890884590 115403759141
10 16 11 19 19 22 11830927622652 115367066693
14 2 0 6 18 9 11857322911425 27167312471
14 2 17 6 18 7 11870906509736 40750930413
2 0 10 6 12 13 11871038320768 321929873086
2 0 0 6 12 5 11871038648561 131835569150
14 2 11 6 18 9 11884490223896 27167293358
0 2 2 16 22 10 11890054810901 158627239737
11 14 0 16 19 1 11904711365664 249280734421
11 14 11 16 19 6 11904711365664 249280679893
0 14 1 16 22 5 11907917477124 140764532958
14 0 10 6 21 10 11911657517254 106971590772
14 0 0 6 21 15 11911657517254 300403202204
2 10 13 6 20 20 11911657517254 43124715200
2 10 10 6 20 12 11911657517254 43124703931
14 1 10 6 13 4 11937250365409 282425964665
14 1 11 6 13 14 11938040584885 143163644361
14 1 0 6 13 15 11939080110629 142120532248
10 16 10 19 19 1 11940973874077 230409306135
10 16 11 19 19 15 11946294689345 54852407961
10 17 11 19 10 4 11952234189894 64710290332
2 10 0 6 20 12 11954782221185 70841869866
2 10 10 6 20 20 11954782232454 30754992882
11 10 10 16 4 11 11955646300882 156633774701
0 2 0 16 22 1 11955646300882 93035661105
10 17 10 19 10 8 11966649002222 251126130114
2 10 14 6 20 20 11985537225336 64694402822
2 10 10 6 20 5 11985537225336 64694387575
10 16 16 19 19 16 12001147097306 54852350354
2 0 0 6 12 18 12002874217711 173521733790
2 0 11 6 12 5 12002874217711 173521680939
10 17 16 19 10 7 12016944480226 64710450204
14 0 14 6 21 10 12018629108026 168114369721
14 0 10 6 21 5 12018629108026 336228258884
10 10 2 19 22 9 12019575674155 245424780587
10 10 14 19 22 22 12019654057927 245346912252
2 10 11 6 20 12 12025624091051 70841870106
0 16 11 16 12 5 12043145413351 244161161312
0 2 11 16 22 1 12048681961987 104722515704
0 2 10 16 22 5 12048682010082 206833247001
0 1 10 16 12 15 12048682010082 127970634706
0 2 0 16 22 19 12048682050638 104687505891
2 10 10 6 20 13 12050231612911 105792984160
2 10 0 6 20 5 12050231628158 46234359441
10 16 16 19 19 22 12055999447660 115384237477
10 16 17 19 19 16 12055999447660 115384279501
14 1 0 6 13 0 12081200642877 142642230740
14 1 11 6 13 15 12081204229246 142637750217
10 17 16 19 10 2 12081654930430 136120441012
10 17 17 19 10 7 12081654930430 136120485219
2 10 0 6 20 18 12096465987599 56036763395
2 10 11 6 20 5 12096465987599 56036731523
11 10 10 16 4 19 12112280075583 221618149775
11 10 0 16 4 11 12112280075583 622361804608
2 10 11 6 20 18 12152502750994 26639261286
0 2 0 16 22 2 12153369556529 104722888017
0 2 11 16 22 19 12153404477691 104687980529
11 14 11 16 19 1 12153992100085 118505620897
2 10 10 6 20 21 12156024597071 105792948670
10 16 16 19 19 1 12171383685137 89861166047
10 16 17 19 19 22 12171383727161 89861074678
2 0 11 6 12 18 12176395951501 82490389474
0 1 14 16 12 15 12176652644788 201114409578
0 1 10 16 12 16 12176652644788 402230133092
2 10 16 6 20 3 12179142012280 26639268711
11 14 10 16 19 14 12182788516951 457495496874
14 0 2 6 21 10 12186743477747 168114265657
2 0 10 6 12 21 12192968193854 321929940292
2 10 16 6 20 5 12205781280991 56036499005
2 10 17 6 20 3 12205781280991 56036629134
14 0 11 6 21 15 12212060719458 300403642952
10 17 16 19 10 8 12217775371442 104228733994
10 17 17 19 10 2 12217775415649 104228648332
14 1 10 6 13 16 12219676330074 282425307941
14 1 11 6 13 0 12223842873617 67809593029
0 2 10 16 22 14 12255515257083 206832990525
0 2 11 16 22 2 12258092458220 49775618144
2 0 16 6 12 3 12258886340975 82490304086
10 16 14 19 19 0 12261244801839 108873299174
10 16 17 19 19 1 12261244851184 108909854407
10 16 16 19 19 2 12261244851184 297258727473
2 10 10 6 5 12 12261817545741 134584019664
2 10 16 6 20 21 12261817779996 52877797039
2 10 17 6 20 5 12261817910125 52877653614
10 16 10 19 22 10 12265000454742 260438804299
10 10 2 19 22 22 12265000970179 231924110085
11 14 16 16 19 5 12272497720982 118505669551
0 1 0 16 12 14 12287306574663 244160873808
14 1 16 6 13 12 12291652466646 67809500847
0 2 16 16 22 11 12307868076364 49775591114
2 10 14 6 20 13 12314695563739 72675331123
2 10 17 6 20 21 12314695577035 72701928401
2 10 16 6 20 6 12314695577035 108145360759
10 17 14 19 10 5 12322004063981 131123408820
10 17 17 19 10 8 12322004105436 131170861327
10 17 16 19 10 11 12322004105436 289695720196
11 10 14 16 4 19 12333898225358 348290320228
11 10 10 16 4 4 12333898225358 696580493908
2 0 16 6 12 5 12341376645061 173521715783
2 0 17 6 12 3 12341376645061 173521764815
14 0 10 6 21 0 12354857366910 384860592079
14 0 0 6 21 5 12354857743404 157606703581
0 2 16 16 22 19 12357643667478 104704821378
0 2 17 16 22 11 12357643667478 104704859231
14 1 16 6 13 15 12359461967493 142639902793
14 1 17 6 13 12 12359461967493 142639951444
10 16 2 19 19 0 12370118101013 108908792510
10 16 14 19 19 1 12370154705591 108872206572
0 1 2 16 12 15 12377767054366 201116951208
2 10 2 6 20 13 12387370894862 72701481866
2 10 14 6 20 21 12387397505436 72674899813
11 14 16 16 19 6 12391003390533 249280754650
11 14 17 16 19 5 12391003390533 249280831419
2 10 10 6 5 20 12396401565405 134584340130
2 10 17 6 20 6 12422840937794 108145161122
10 17 2 19 10 5 12453127472801 131182176732
10 17 14 19 10 8 12453174966763 131134670574
2 14 10 6 20 3 12460072376728 95219241513
2 10 2 6 20 21 12460072405249 58593120362
0 2 16 16 22 14 12462348488856 81360046503
0 2 17 16 22 19 12462348526709 81359979965
10 17 10 19 19 16 12479026893523 170365408637
10 16 2 19 19 1 12479026912163 79477032463
10 10 17 19 22 12 12483464736229 709233446358
10 10 0 19 22 5 12496925080264 231924296698
14 1 16 6 13 16 12502101870286 111447204176
14 1 17 6 13 15 12502101918937 110340737461
14 0 0 6 21 17 12512464446985 207441702726
14 0 11 6 21 5 12512464446985 207441640306
2 0 16 6 12 21 12514898360844 135971445223
2 0 17 6 12 5 12514898409876 130212661855
2 10 0 6 20 7 12518665525611 58593129116
10 16 10 19 22 19 12525439259041 260438206413
2 10 10 6 5 5 12530985905535 332655410246
2 14 0 6 20 22 12530986098916 138279417223
2 10 14 6 5 20 12530986098916 166327986924
0 1 11 16 12 14 12531467448471 244161353764
0 2 14 16 22 5 12543708506674 104418729923
0 2 17 16 22 14 12543708535359 104454175500
0 2 16 16 22 0 12543708535359 208869178046
2 14 14 6 20 3 12555291618241 95219181543
10 16 17 19 19 2 12558503578657 342812302251
10 16 0 19 19 5 12558503944626 123917262871
10 16 13 19 22 22 12558503944626 227376526762
2 10 11 6 20 7 12577258654727 84235023962
2 10 0 6 5 12 12577258654727 223535312460
0 1 10 16 12 17 12578882777880 419992793733
0 1 0 16 12 16 12578884005574 196745532842
10 17 2 19 10 8 12584309649533 62350753372
10 17 17 19 10 11 12611699825632 289695101203
14 17 10 6 13 15 12612442656398 338423434386
14 1 14 6 13 4 12612442656398 175693644683
14 1 17 6 13 16 12613549074462 175146905798
14 1 16 6 13 5 12613549074462 350286357858
11 14 16 16 19 14 12640284145183 190657357036
11 14 17 16 19 6 12640284221952 190657202998
2 0 14 6 12 13 12645111071731 216566299510
2 11 10 6 12 5 12645111071731 370173973053
10 17 13 19 19 19 12646660402905 173099681160
10 17 0 19 10 20 12646660402905 105229340848
0 2 2 16 22 5 12648127236597 104450552457
0 2 14 16 22 14 12648162710859 104415054749
10 17 10 19 19 1 12649392302160 170367724290
2 14 2 6 20 3 12650510799784 95218120024
2 0 17 6 12 21 12650869806067 213689058174
2 0 16 6 12 6 12650869806067 427375978252
2 14 10 6 20 7 12661493678689 84235280377
2 14 11 6 20 22 12669265516139 138279209276
10 16 11 19 19 5 12682421207497 260663997107
10 16 0 19 22 10 12682421207497 260663997087
11 10 2 16 4 19 12682188545586 348290857972
2 10 2 6 5 20 12697314085840 166328088549
14 0 11 6 21 17 12719906149711 98615610108
10 10 11 19 22 5 12728849376962 231924514009
11 10 11 16 4 11 12734641880191 622358663593
14 0 10 6 21 18 12739717958989 384860754922
2 14 10 6 20 11 12745728959066 157605801295
2 14 0 6 20 7 12745728959066 61815905898
10 17 11 19 10 20 12751889743753 221354200511
10 17 0 19 19 16 12751889743753 221354200493
0 2 1 16 22 0 12752577765608 101560916880
0 2 2 16 22 14 12752577789054 67707270428
0 1 0 16 12 9 12775629538416 217989723925
0 1 11 16 12 16 12775629538416 217989483533
10 16 10 19 22 22 12785880471388 115435586258
14 1 2 6 13 4 12788136301081 175698526615
14 1 14 6 13 16 12788695980260 175139501481
2 10 11 6 5 12 12800793967187 223535539479
2 14 0 6 20 2 12807544864964 85875689705
2 14 11 6 20 7 12807544864964 85875669236
14 0 16 6 21 12 12818521759819 98615560956
10 17 10 19 19 19 12819760084065 81635021952
0 2 0 16 22 4 12820285059482 67707318080
11 14 14 16 19 10 12830941424950 238160097999
11 14 17 16 19 14 12830941502219 238269095612
11 14 16 16 19 18 12830941502219 546264831250
0 2 17 16 22 0 12854138682488 101560952300
2 0 2 6 12 13 12861677371241 216568299158
2 10 10 6 5 13 12863641315781 356450143971
2 10 0 6 5 5 12863642174389 160687105509
2 0 14 6 12 21 12864558864241 213686820112
0 2 11 16 22 4 12887992377562 67707342140
2 14 11 6 20 2 12893420554669 40823985778
10 16 14 19 22 22 12901316057646 82843372570
10 17 14 19 19 19 12901395106017 88539008195
10 17 10 19 19 2 12901395106017 230456522298
2 14 10 6 20 15 12903334760361 157609749407
14 0 16 6 21 5 12917137320775 207441616883
14 0 17 6 21 12 12917137320775 207441670670
2 14 16 6 20 6 12934244540447 40824475227
10 16 11 19 22 10 12943085204604 123917564840
14 17 0 6 13 15 12950866090784 338424597809
0 0 10 16 5 6 12955699719702 54724488930
0 0 0 16 5 16 12955699719702 153680305841
10 16 10 19 22 0 12960773890971 231924559976
14 17 10 6 13 10 12963834827696 181909944127
14 1 2 6 13 16 12963835481741 308152228349
14 1 1 6 13 5 12963835481741 181909193663
10 17 11 19 19 16 12973243944264 105229528245
2 14 16 6 20 7 12975069015674 85875653324
2 14 17 6 20 6 12975069015674 85875682258
10 16 0 19 22 11 12984159430216 82843339250
10 17 0 19 19 22 12989934114212 88539271706
0 1 11 16 12 9 12993619262341 103629817540
0 1 10 16 12 18 12998875571613 419992489248
0 0 14 16 5 6 13010424208632 86004030949
0 0 10 16 5 19 13010424208632 172007629928
2 11 14 6 12 5 13015285044784 370174482058
2 10 0 6 5 18 13024329279898 187141467920
2 10 11 6 5 5 13024329506666 187141338497
11 10 10 16 4 12 13030478719266 797332752076
11 10 0 16 4 4 13030479403558 326521147685
2 14 16 6 20 15 13060944668998 65680307266
2 14 17 6 20 7 13060944697932 65680249530
10 16 0 19 22 19 13067002769466 99435384263
10 16 11 19 22 11 13067002769466 99435327159
11 14 2 16 19 10 13069101522949 238205086903
11 14 14 16 19 14 13069210597831 238212289614
2 11 10 6 12 17 13078245670399 457797420719
2 0 2 6 12 21 13078245684353 152599385799
2 0 1 6 12 6 13078245784319 338413954057
10 17 0 19 19 1 13078473385918 96189951846
10 17 11 19 19 22 13078473472509 96189808788
0 0 2 16 5 6 13096428239581 86003828556
0 1 16 16 12 10 13097249079881 103629803645
0 0 11 16 5 16 13109380025543 153680371628
14 0 16 6 21 18 13124578937658 164803155117
14 0 17 6 21 5 13124578991445 153648339903
2 14 14 6 20 11 13126624947462 82043683497
2 14 17 6 20 15 13126624976264 82084049545
2 14 16 6 20 19 13126624976264 188186501986
10 17 10 19 19 5 13131851628315 230456441162
14 17 14 6 13 10 13145744771823 181909227071
14 1 17 6 13 5 13145744675404 181909206923
10 16 11 19 22 19 13166438153729 47270401077
10 17 11 19 19 1 13174663337764 45727782422
0 0 10 16 5 9 13182431838560 196886432074
0 0 0 16 5 19 13182432068137 80628429306
10 16 10 19 22 12 13192698450947 167712179705
0 1 16 16 12 16 13200878883526 217989404445
0 1 17 16 12 10 13200878883526 217989474162
2 14 2 6 20 11 13208668630959 82061936852
2 14 14 6 20 15 13208709025809 82061421134
2 10 11 6 5 18 13211470845163 88965134812
10 16 16 19 22 8 13213708554806 47270329281
2 10 10 6 5 21 13220091459752 356450435738
10 17 16 19 19 4 13220391120186 45727707923
2 0 0 6 12 7 13230845070152 152598997415
10 16 16 19 22 11 13260978884087 99435010555
10 16 17 19 22 8 13260978884087 99435081143
0 0 0 16 5 20 13263060497443 106122847160
0 0 11 16 5 19 13263060497443 106122813681
10 17 16 19 19 22 13266118828109 96189475367
10 17 17 19 19 4 13266118828109 96189519641
14 1 0 6 13 18 13271987710090 308152585429
14 0 14 6 21 0 13278227331348 264576289253
14 11 10 6 21 5 13278227331348 413457078524
14 17 11 6 13 15 13289290688593 338425313990
14 0 17 6 21 18 13289382092775 259000643568
14 0 16 6 21 13 13289382092775 517999879715
2 2 10 6 20 6 13290730567811 82082980380
2 14 2 6 20 15 13290770446943 82043097509
2 10 16 6 5 3 13300435979975 88965039777
11 2 10 16 19 5 13307306609852 238253793172
11 14 2 16 19 14 13307422887445 238137506540
2 14 1 6 20 19 13314811478250 188186543058
14 17 2 6 13 10 13327653998894 181909469504
14 17 10 6 13 5 13327653882327 181909529159
11 10 0 16 4 17 13357000551243 429766158327
11 10 11 16 4 4 13357000551243 429766035549
10 16 10 19 12 6 13360410630652 357076310216
10 16 16 19 22 12 13360413894642 85168695208
10 16 17 19 22 11 13360413965230 85168626995
10 17 16 19 19 5 13362308303476 77612064476
10 17 17 19 19 22 13362308347750 77611997807
0 0 11 16 5 20 13369183344603 50449761738
2 14 0 6 20 8 13372813544452 253278699182
2 2 10 6 20 18 13372813548191 69559646928
2 2 0 6 20 6 13372813548191 178877979495
11 14 1 16 19 18 13377206333469 546264199307
0 0 10 16 5 22 13379318270634 196887062277
2 0 11 6 12 7 13383444067567 152599152638
2 11 2 6 12 5 13385459526842 370174135658
2 10 16 6 5 5 13389401019752 187141385955
2 10 17 6 5 3 13389401019752 187141447800
2 0 17 6 12 6 13416659738376 338413491815
0 1 16 16 12 18 13418868287971 169338960777
0 1 17 16 12 16 13418868357688 167657120331
0 0 16 16 5 10 13419633106341 50449587100
10 17 14 19 19 2 13439920345557 102662305645
10 17 17 19 19 5 13439920367952 102695458042
10 17 16 19 19 8 13439920367952 178846084520
2 2 14 6 20 18 13442373195119 109318751757
2 2 10 6 20 7 13442373195119 218636764274
10 16 16 19 22 1 13445582589850 131583557240
10 16 14 19 22 0 13445582592225 131583162173
10 16 17 19 22 12 13445582592225 131583412993
0 0 16 16 5 19 13470082693441 106122869949
0 0 17 16 5 10 13470082693441 106122898858
2 14 17 6 20 19 13502998021308 188186621942
14 17 10 6 13 0 13509563411486 378729510134
14 17 0 6 13 5 13509563468398 118152690847
2 11 10 6 12 0 13536043220205 109795298678
14 0 2 6 21 0 13542803620601 264578278637
10 17 2 19 19 2 13542582651202 102693793270
10 17 14 19 19 5 13542615825994 102660609374
11 14 0 16 19 7 13545560393985 735220020121
11 2 10 16 19 17 13545560403024 201918404413
11 2 0 16 19 5 13545560403024 519249891002
14 0 14 6 21 18 13548382736343 258999167322
2 2 2 6 20 18 13551691946876 109318083912
2 2 11 6 20 6 13551691527686 178878066062
2 10 16 6 5 21 13576542405707 144295845125
2 10 17 6 5 5 13576542467552 144295747285
0 0 16 16 5 22 13576205563390 84309459763
0 0 17 16 5 19 13576205592299 78603165989
10 16 2 19 22 0 13577165754398 140324620534
10 16 14 19 22 12 13577166005218 140324343466
10 16 17 19 22 1 13577166147090 116922673788
14 1 11 6 13 18 13580140295519 308152665991
0 17 10 16 12 16 13586525478019 514222044698
0 1 14 16 12 17 13586525478019 266958234314
0 1 17 16 12 18 13588207248748 266127958686
0 1 16 16 12 19 13588207248748 532246077639
10 17 17 19 19 8 13618766452472 178845751392
2 14 11 6 20 8 13626092243634 253278733231
14 17 0 6 13 17 13627716159245 176615488989
14 17 11 6 13 5 13627716159245 176615462408
10 17 2 19 19 5 13645276444472 48812395509
2 11 0 6 12 16 13645838518883 109795350799
0 0 14 16 5 9 13654808758288 135351976917
0 11 10 16 5 19 13654808758288 211516315817
2 2 0 6 20 7 13661010030788 69559654094
0 0 17 16 5 22 13660515023153 132499697014
0 0 16 16 5 12 13660515023153 264998533889
2 2 10 6 20 19 13691184643250 188186270521
14 11 14 6 21 5 13691684409872 413457611769
10 17 0 19 19 17 13694088839981 51761776664
10 17 13 19 22 19 13694088839981 103523422854
10 16 10 19 12 19 13717486940868 543904178198
10 16 14 19 12 6 13717490348684 330612457266
10 16 2 19 22 12 13717490374932 80121868006
2 10 14 6 5 13 13720838214837 191594986207
2 10 17 6 5 21 13720838250832 191659788795
2 10 16 6 5 6 13720838250832 328281854389
2 2 0 6 20 15 13730569684882 100855790583
2 2 11 6 20 7 13730569684882 100855771745
10 17 11 19 19 17 13745850616645 51761785845
11 2 14 16 19 17 13747478807437 317330517707
11 2 10 16 19 6 13747478807437 634661061204
2 11 10 6 12 6 13755073230191 338413434893
2 11 11 6 12 16 13755633869682 171198539890
2 11 0 6 12 17 13755633869682 171140267528
11 10 11 16 4 17 13786766709570 204306506090
0 0 2 16 5 9 13790160735205 135352810230
0 0 14 16 5 22 13793014720167 132498827617
10 16 0 19 22 14 13797612242938 187239235951
10 17 13 19 22 12 13797612262835 74384925168
10 14 0 19 9 20 13797612402490 59345868073
10 14 9 19 9 14 13797612402490 166658067548
10 17 1 19 22 19 13797612402490 208432295989
14 17 11 6 13 17 13804331648234 83961469317
14 11 10 6 21 9 13807381899238 711217548036
14 0 2 6 21 18 13807381903665 177804279751
14 0 1 6 21 13 13807381972490 382976192477
11 10 10 16 4 20 13827811471342 797334095852
2 2 11 6 20 15 13831425475465 47945768664
0 1 2 16 12 17 13853483712333 266968694081
0 1 14 16 12 18 13854335207434 266118163537
10 14 4 19 9 20 13856958270563 93266796166
10 14 0 19 9 3 13856958270563 186533370543
0 11 14 16 5 19 13866325074105 211516353630
10 17 14 19 22 12 13871997188003 116901810714
10 17 13 19 22 5 13871997188003 233803154903
2 2 10 6 20 8 13879370976865 133493984253
2 2 16 6 20 4 13879371244129 43013518772
14 17 10 6 13 18 13888292961510 225384567725
14 17 16 6 13 12 13888293117551 72621445103
2 10 2 6 5 13 13912433201044 191665963532
2 10 14 6 5 21 13912498039627 191601105664
2 2 16 6 20 7 13922384762901 90480488482
2 2 17 6 20 4 13922384762901 90480511109
11 14 17 16 19 18 13923470532776 546265551393
0 11 10 16 5 4 13925513545435 363844276101
0 0 2 16 5 22 13925513547784 90961254617
0 0 1 16 5 12 13925513557042 195922871542
2 11 0 6 12 2 13926774137210 171205224013
2 11 11 6 12 17 13926832409572 171146972028
10 14 11 19 9 20 13950225066729 93266817174
14 17 16 6 13 5 13960914562654 152763194146
14 17 17 6 13 12 13960914562654 152763230444
10 14 1 19 9 14 13964270470038 166658424203
14 0 0 6 21 21 13985186183416 177804142887
10 16 11 19 22 14 13984851478889 393864365522
10 16 0 19 12 16 13984851478889 393864340969
10 17 11 19 22 12 13988898998717 116901600660
11 10 16 16 4 2 13991073215660 204306167698
10 17 18 19 22 19 14006044698479 208432573847
2 2 16 6 20 8 14012865251383 65680425757
2 2 17 6 20 7 14012865274010 65680387722
0 0 0 16 5 5 14016474802401 90960991362
10 14 0 19 9 9 14043491641106 213513740067
10 14 9 19 9 3 14043491883903 87437105758
10 16 2 19 12 6 14048102805950 330613012128
2 10 17 6 5 6 14049120105221 328281462778
11 2 11 16 19 5 14064810294026 519248105781
11 2 2 16 19 17 14064809325144 317330633974
0 11 2 16 5 19 14077841427735 211516410435
2 2 14 6 20 19 14078545661732 87213198550
2 2 17 6 20 8 14078545677140 87241758070
2 2 16 6 20 20 14078545677140 149428410279
2 11 10 6 12 18 14093486665084 338413868328
2 11 11 6 12 2 14097979381600 81374080948
0 17 0 16 12 16 14100747522717 514222605735
2 10 2 6 5 21 14104099164576 91100710850
14 11 2 6 21 5 14105142021641 413457456734
10 17 13 19 22 21 14105800342906 272916184586
10 17 1 19 22 5 14105800599377 108676617036
0 0 11 16 5 5 14107435793763 90961032754
14 17 16 6 13 18 14113677756800 110891012376
14 17 17 6 13 5 14113677793098 110890905415
0 17 10 16 12 6 14120452406414 276404511683
0 1 2 16 12 18 14120453370971 468224910811
0 1 1 16 12 19 14120453370971 276404386216
0 0 17 16 5 12 14121436428584 195922979020
10 14 9 19 9 7 14130928989661 115085101846
10 14 1 19 9 3 14130928989661 115085065721
14 0 11 6 21 21 14162990326303 177804516369
2 2 2 6 20 19 14165758860282 87242469317
2 2 14 6 20 8 14165787435210 87213882946
2 11 16 6 12 14 14179353462548 81374039144
14 0 17 6 21 13 14190358164967 382975808106
2 10 0 6 5 7 14195199875426 91101016548
11 10 16 16 4 4 14195379383358 429766398005
11 10 17 16 4 2 14195379383358 429766527445
0 11 0 16 5 11 14198396826517 90961110113
10 17 1 19 22 8 14214477216413 143354559188
10 17 18 19 22 5 14214477272326 143354515547
14 17 14 6 13 0 14224568698513 130824884691
14 17 17 6 13 18 14224568769176 130891370941
14 17 16 6 13 13 14224568769176 424755256274
2 2 17 6 20 20 14227974087419 149428219512
10 14 1 19 9 7 14246014091507 54710131259
2 2 2 6 20 8 14253001329599 41467026612
10 14 0 19 9 15 14257005381173 213513574950
2 11 16 6 12 17 14260727501692 171173429425
2 11 17 6 12 14 14260727501692 171173489106
10 16 10 19 12 9 14261391119066 543907807553
11 14 11 16 19 7 14280780414106 735220900343
2 10 11 6 5 7 14286300891974 91100881957
0 11 11 16 5 11 14289357936630 106286245146
0 11 0 16 5 4 14289357936630 106250711318
2 2 0 6 20 10 14294468356211 41467131167
10 14 6 19 9 13 14300724222766 54710103284
0 11 10 16 5 12 14317359407604 195922852737
2 2 11 6 20 10 14335935487378 41467023851
14 11 0 6 21 1 14340794842672 177804664990
14 17 2 6 13 0 14355393583204 130851431920
14 17 14 6 13 18 14355460140117 130859941869
10 14 6 19 9 3 14355434326050 115084859576
10 14 7 19 9 13 14355434326050 115084888843
10 17 18 19 22 8 14357831787873 68149249887
2 0 0 6 5 12 14377402511229 43124695718
2 0 2 6 5 16 14377402511229 43124698947
10 16 0 19 12 19 14378715819858 245610628226
10 16 11 19 12 16 14378715844411 245686255286
10 17 13 19 22 14 14378716527492 258768037644
11 2 0 16 19 6 14382139959118 201918483628
0 11 0 16 5 17 14395608647948 106287972838
0 11 11 16 5 4 14395644181776 106252513148
0 17 14 16 12 6 14396856918097 276404431786
0 1 17 16 12 19 14396857757187 276404118587
2 0 6 6 5 12 14420527206947 70841833023
2 0 0 6 5 16 14420527210176 30755001859
10 17 5 19 22 1 14425981037760 68149217919
2 11 16 6 12 18 14431900931117 133031780368
2 11 17 6 12 17 14431900990798 133031722811
2 0 9 6 5 16 14451282212035 64694343521
2 0 0 6 5 20 14451282212035 64694328176
11 2 10 16 19 18 14469736084169 546265162387
10 14 6 19 9 15 14470519185626 92541544251
10 14 7 19 9 3 14470519214893 84291760209
2 10 10 6 13 12 14486245015124 130872202658
14 17 2 6 13 18 14486320081986 130797128888
2 0 7 6 5 12 14491369039970 70841840650
10 17 5 19 22 5 14494130255679 143354551516
10 17 10 19 22 1 14494130255679 143354596500
0 11 11 16 5 17 14501896694924 50519588610
0 11 10 16 5 20 14513282260341 195922754279
2 0 0 6 5 1 14515976540211 105793115874
2 0 6 6 5 20 14515976555556 46234343601
14 11 11 6 21 1 14518599507662 207762090193
14 11 0 6 21 9 14518599507662 207694509168
0 11 16 16 5 2 14552416283534 50519122430
10 14 4 19 9 9 14554810975102 149560067798
10 2 14 19 9 3 14554810975102 217089978333
2 0 6 6 5 15 14562210899157 56036724958
2 0 7 6 5 20 14562210899157 56036692862
10 14 7 19 9 15 14563060729877 145435986952
10 14 6 19 9 21 14563060729877 290871243498
2 11 16 6 12 7 14564932711485 213996825735
2 11 14 6 12 6 14564932713609 201477623676
2 11 17 6 12 18 14564932713609 201550031677
14 11 10 6 21 13 14573333973073 382976101481
11 2 0 16 19 14 14584058442746 292765710038
11 2 11 16 19 6 14584058442746 292765659898
0 1 0 16 12 22 14588678281782 468226849921
0 11 16 16 5 4 14602935405964 106269956084
0 11 17 16 5 2 14602935405964 106269991235
0 17 11 16 12 16 14614970128452 514223944998
14 17 0 6 13 21 14617117210874 409134834138
2 10 0 6 13 12 14617117217782 286504395863
2 10 10 6 13 20 14617117217782 110292672260
2 0 7 6 5 15 14618247624115 26639280730
2 0 0 6 5 5 14621769656085 105793039399
10 16 0 19 12 20 14624326448084 245684490157
10 16 11 19 12 19 14624402099697 245608912182
11 10 16 16 4 20 14625145781363 329484522376
11 10 17 16 4 4 14625145910803 329484314938
10 17 5 19 22 14 14637484807195 109238213693
10 17 10 19 22 5 14637484852179 109238149366
2 0 4 6 5 19 14644886904845 26639348033
14 17 17 6 13 13 14649324025450 424753384200
2 0 4 6 5 20 14671526252878 56036665485
2 0 11 6 5 19 14671526252878 56036772090
0 17 2 16 12 6 14673261349883 276404643117
0 17 10 16 12 19 14673261875774 276404032916
10 14 11 19 9 9 14704371042900 149561045428
10 14 4 19 9 15 14708496716829 145435322957
0 11 16 16 5 20 14709205362048 81360037432
0 11 17 16 5 4 14709205397199 81359974098
14 11 0 6 21 4 14726294016830 207758951799
14 11 11 6 21 9 14726361597855 207691508965
2 10 14 6 13 20 14727409890042 173333803260
2 10 10 6 13 5 14727409890042 346667426817
2 0 0 6 18 12 14727562695484 142537339138
2 0 4 6 5 5 14727562918363 52266159480
2 0 11 6 5 20 14727563024968 52265996642
10 17 14 19 22 21 14746723001545 149813755055
10 17 10 19 22 14 14746723020888 149884029138
10 17 5 19 22 7 14746723020888 224772606369
2 11 2 6 12 6 14766410337285 201566289089
2 11 14 6 12 18 14766482745286 201493852955
10 2 15 19 9 3 14771900953435 217090584396
2 11 17 6 12 7 14778929537220 213995730987
2 0 9 6 5 1 14779829021610 86072997404
2 11 10 6 5 20 14779829021610 213098337836
2 0 11 6 5 5 14779829077843 86100905744
2 0 4 6 5 9 14779829077843 116404969457
0 11 14 16 5 12 14790565371297 104417216196
0 11 17 16 5 20 14790565399480 104451513435
0 11 16 16 5 5 14790565399480 208868636328
10 16 10 19 12 22 14805298926619 543908412051
10 14 10 19 9 21 14853932039786 117382732600
10 14 11 19 9 15 14853932088328 111854225678
2 0 1 6 5 1 14865902019014 86100728731
2 0 9 6 5 5 14865929983587 86072761343
2 0 0 6 18 20 14870100034622 142537026341
10 16 11 19 12 20 14870011011879 116777462517
11 2 11 16 19 14 14876824152784 139177474263
0 11 2 16 5 12 14894982587493 104451524506
0 11 14 16 5 20 14895016912915 104417175108
2 0 11 6 5 9 14896234047300 116403331356
10 17 11 19 22 21 14896536756600 149847920108
10 17 14 19 22 14 14896607050026 149846821878
2 10 2 6 13 20 14900743693302 173333707191
2 10 11 6 13 12 14903621613645 286504583002
14 11 11 6 21 4 14934053106820 98752176698
0 17 10 16 12 9 14949665908690 575464070777
0 17 0 16 12 19 14949665993000 179528226631
2 0 1 6 5 5 14952002747745 40924759289
11 10 14 16 4 12 14954630225741 436821969990
11 10 17 16 4 20 14954630303739 436972497734
11 10 16 16 4 5 14954630303739 753528389594
14 11 10 6 21 17 14956310074554 382975897325
10 14 9 19 9 16 14965786314006 230482744701
10 2 14 19 9 15 14965786314006 240294207886
2 11 2 6 12 18 14967976626374 95806000790
10 14 7 19 9 21 14971314772386 117383034744
10 17 10 19 22 7 14971495627257 224773225530
10 16 16 19 12 10 14986788474396 116777350843
10 2 12 19 9 3 14988991537831 217089097837
2 11 14 6 5 20 14992927359446 141441929533
2 0 6 6 5 21 14992927507034 70967105104
2 11 10 6 5 5 14992927507034 83331547326
0 11 1 16 5 5 14999434088023 101560912377
0 11 2 16 5 20 14999434111999 67707286748
2 0 0 6 18 5 15012637060963 176405567031
2 0 9 6 18 20 15012637378656 100269298455
11 2 10 16 19 7 15016001314449 387507179605
11 2 16 16 19 3 15016001627047 124859909494
14 17 11 6 13 21 15026252045012 409135706236
14 11 16 6 21 8 15032805283518 98752129055
10 14 0 19 22 6 15046384676708 149883904309
10 17 11 19 22 14 15046453871904 149815012631
0 1 11 16 12 22 15056905131703 468224934975
2 11 0 6 12 20 15063782627164 95805724279
2 0 7 6 5 21 15063894612138 149281217768
2 0 6 6 18 12 15063894612138 149281210520
0 11 0 16 5 6 15067141398747 67707324996
2 10 0 6 13 5 15074077400493 116048868942
2 10 10 6 13 13 15074077409650 361310206086
2 11 10 6 5 9 15076259054360 83331589656
10 2 2 19 9 14 15088697807130 117382869334
0 11 17 16 5 5 15100995000400 101560840701
10 16 16 19 12 19 15103565825239 245645130464
10 16 17 19 12 10 15103565825239 245645226524
2 0 1 6 18 20 15112906677111 100269144862
0 17 0 16 12 20 15129194219631 268360292906
0 17 11 16 12 19 15129194219631 268360253738
14 11 16 6 21 9 15131557412573 207728898318
14 11 17 6 21 8 15131557412573 207728963590
2 11 2 6 5 20 15134369288979 141442046939
0 11 11 16 5 6 15134848723743 67707202698
11 2 16 16 19 6 15140861536541 262647230430
11 2 17 16 19 3 15140861536541 262647290392
2 11 11 6 12 20 15159588351443 116220969021
2 11 0 6 5 12 15159590644016 116220886485
2 11 10 6 5 13 15159590644016 216145143443
2 0 0 6 18 13 15189042627994 176405340252
2 10 0 6 13 18 15190126269435 166235226775
2 10 11 6 13 5 15190126269435 166235195039
10 14 4 19 22 6 15196268581017 158483706335
10 14 0 19 22 19 15196268852787 316967237829
10 17 1 19 22 9 15196268884535 189576840683
10 14 1 19 9 16 15196269058707 283186743642
10 14 9 19 22 16 15196269058707 283186615476
11 0 10 16 11 19 15202555926441 54724556530
11 0 0 16 11 11 15202555926441 153680370784
10 2 14 19 9 4 15206080521892 286619249239
10 2 0 19 9 14 15206080676464 145120814270
10 2 2 19 9 15 15206080676464 145074293778
2 0 6 6 18 5 15213175822658 83177104199
2 0 7 6 18 12 15213175829906 83206555555
11 0 14 16 11 19 15257280482971 86003786401
11 0 10 16 11 4 15257280482971 172007459410
2 11 11 6 5 12 15275811530501 80014815756
2 11 0 6 5 5 15275811530501 79988123948
2 0 6 6 18 18 15296352926857 83207852374
2 0 7 6 18 5 15296382385461 83178443380
14 11 16 6 21 17 15339286310891 159036925662
14 11 17 6 21 9 15339286376163 159036799071
11 0 2 16 11 19 15343284269372 86003902356
10 16 16 19 12 22 15349210955703 195303940235
10 16 17 19 12 19 15349211051763 195303777788
10 2 2 19 9 0 15351154970242 145116890831
10 2 0 19 9 15 15351201490734 145070436024
10 14 11 19 22 6 15354752287352 158483948471
2 11 0 6 5 18 15355799654449 80015341731
2 11 11 6 5 5 15355826346257 79988639436
2 10 11 6 13 18 15356361496210 79026564016
11 0 11 16 11 11 15356236297225 153680038904
2 0 0 6 18 21 15365447968246 176405547008
2 11 10 6 5 21 15375735787459 216146105091
2 0 7 6 18 18 15379560828841 39549593206
10 17 18 19 22 9 15385845725218 189576611383
11 10 2 16 4 12 15391452195731 436941512247
11 10 14 16 4 20 15391602801473 436790864589
0 17 11 16 12 20 15397554512537 127575699669
11 2 16 16 19 7 15403508766971 190657399430
11 2 17 16 19 6 15403508826933 190657298547
2 0 4 6 18 3 15419110422047 39549524385
11 0 10 16 11 12 15429287942381 196886511568
11 0 0 16 11 4 15429288171728 80628264660
2 10 10 6 13 21 15435387751248 225383908458
2 10 16 6 13 3 15435388060226 72621606031
2 11 11 6 5 18 15435814996180 38032381778
2 0 4 6 18 5 15458659946432 83194083707
2 0 11 6 18 3 15458659946432 83194115279
2 11 16 6 5 3 15473847377958 38032275921
10 14 1 19 22 16 15479455802349 134624253831
10 2 14 19 9 16 15492699771131 286618796867
10 2 0 19 9 0 15496271926758 68976316832
14 11 14 6 21 13 15498323175234 200200880825
14 11 17 6 21 17 15498323236553 200264498844
14 11 16 6 21 21 15498323236553 441023983462
2 10 16 6 13 5 15508009666257 152762278338
2 10 17 6 13 3 15508009666257 152762314633
11 0 0 16 11 17 15509916436388 106123082012
11 0 11 16 11 4 15509916436388 106123048535
2 11 16 6 5 5 15511879653879 80002463593
2 11 17 6 5 3 15511879653879 80002506974
10 14 9 19 22 19 15513236235823 100843571162
0 17 10 16 12 22 15525130066678 342461777833
0 17 16 16 12 10 15525130212206 110345697370
2 0 4 6 18 21 15541854030139 66163666010
2 0 11 6 18 5 15541854061711 65020234015
10 16 14 19 12 9 15544514829551 250653707905
10 16 17 19 12 22 15544514895938 250734204471
10 16 16 19 12 12 15544514895938 501388321554
10 2 6 19 9 12 15565248243590 68976256151
10 14 0 19 22 9 15575422336601 189576232121
2 11 16 6 5 21 15591882117472 65908510991
2 11 17 6 5 5 15591882160853 65908441069
11 2 14 16 19 18 15594166125480 253159211299
11 2 17 16 19 7 15594166166401 253243913351
11 2 16 16 19 19 15594166166401 433761088954
2 0 9 6 18 13 15606874295726 102184248793
2 11 10 6 18 5 15606874295726 204370430413
2 0 11 6 18 21 15608017696149 101615309887
2 0 4 6 18 6 15608017696149 217601109542
10 14 9 19 22 20 15614079806985 115391801475
10 14 1 19 22 19 15614080056180 115391705286
11 0 11 16 11 17 15616039518400 50449817068
11 0 10 16 11 20 15626174453949 196887239211
10 2 6 19 9 15 15634224499741 145094287232
10 2 11 19 9 12 15634224499741 145094338319
0 17 16 16 12 19 15635475909576 232116157539
0 17 17 16 12 10 15635475909576 232116210883
2 11 14 6 5 13 15657790601922 84027843310
2 11 17 6 5 21 15657790628463 84055681957
2 11 16 6 5 6 15657790628463 173599554724
2 10 16 6 13 21 15660771944595 110891143402
2 10 17 6 13 5 15660771980890 110891068601
11 0 16 16 11 2 15666489335468 50449687495
14 11 2 6 21 13 15698524056059 200268199739
14 11 14 6 21 17 15698587735397 200204502348
11 10 17 16 4 5 15708158693333 753529353547
2 0 1 6 18 13 15709058544519 102186202498
2 0 9 6 18 21 15709633006036 101611740626
11 0 16 16 11 4 15716939022963 106122901732
11 0 17 16 11 2 15716939022963 106122935911
10 14 1 19 22 20 15729471761466 54856089106
2 11 2 6 5 13 15741818445232 84056287975
2 11 14 6 5 21 15741846310420 84028416394
10 14 0 19 22 22 15764998568722 189576511983
2 10 14 6 13 13 15771663049491 140520442901
2 10 17 6 13 21 15771663087997 140570293698
2 10 16 6 13 6 15771663087997 299181826371
10 2 6 19 9 16 15779318786973 112744230157
10 2 11 19 9 15 15779318838060 112744140270
10 14 6 19 22 10 15784327850572 54855842496
10 16 2 19 12 9 15795168537456 250734774202
10 16 14 19 12 22 15795249100409 250654160092
2 0 1 6 18 21 15811244747017 54582838169
2 11 10 6 18 17 15811244747017 142133780325
11 0 16 16 11 20 15823061924695 81753508525
11 0 17 16 11 4 15823061958874 80972329404
2 0 11 6 18 6 15825618805691 217600954056
2 11 2 6 5 21 15825874733207 39952895965
11 10 2 16 4 20 15828393707978 207691257581
2 11 17 6 5 6 15831390183187 173599982386
10 14 6 19 22 19 15839183693068 115391720674
10 14 7 19 22 10 15839183693068 115391753242
11 2 2 16 19 18 15847325336779 253249326813
11 2 14 16 19 7 15847410079752 253164553309
2 0 6 6 18 7 15865827585186 88696213248
2 11 0 6 5 7 15865827629172 51390478247
2 11 13 6 18 21 15865827629172 87551034168
0 17 16 16 12 22 15867592067115 168494818149
0 17 17 16 12 19 15867592120459 168494300585
10 2 15 19 9 4 15892062978330 144696062040
10 2 11 19 9 16 15892063017130 144743450773
10 2 6 19 9 5 15892063017130 289437810334
14 11 2 6 21 17 15898792255798 95188961879
11 0 14 16 11 12 15904034288278 128864505888
11 11 10 16 11 4 15904034288278 248580004664
11 0 17 16 11 20 15904815433220 128478352535
11 0 16 16 11 5 15904815433220 256952147811
2 10 2 6 13 13 15912183492392 140575991086
2 10 14 6 13 21 15912233381695 140526085474
2 11 11 6 5 7 15917218107419 108102003253
2 11 0 6 18 5 15917218107419 108102003298
14 11 1 6 21 21 15939347220015 441029208300
2 11 10 6 18 21 15953378663340 51611671297
2 0 7 6 18 7 15954523798434 88696199961
10 14 6 19 22 22 15954575413742 86034074267
10 14 7 19 22 19 15954575446310 86034013230
14 11 0 6 21 10 15993981217677 95189086274
2 11 14 6 18 21 16004990334637 38229718569
2 11 11 6 18 5 16025320110717 51390430410
11 2 17 16 19 19 16027927255355 433760651441
11 0 2 16 11 12 16032898794166 128868828945
11 0 14 16 11 20 16033293785755 128473836265
11 10 0 16 4 6 16036084965559 212802184752
0 17 14 16 12 9 16036086421044 225397895590
11 10 13 16 12 19 16036086421044 879539963247
0 17 17 16 12 22 16036086885264 225468128805
0 17 16 16 12 12 16036086885264 661652205376
10 2 12 19 9 4 16036759040370 144741822893
10 2 15 19 9 16 16036806467903 144694375629
10 14 4 19 22 9 16040609459540 110416841415
10 14 7 19 22 22 16040609488009 110452134298
10 14 6 19 22 12 16040609488009 220868274284
2 11 10 6 18 7 16043219998395 76667977664
2 11 0 6 18 14 16043220053206 33490510170
10 16 1 19 12 12 16045903260501 243796230299
10 16 2 19 12 22 16045903311658 162531332444
2 10 2 6 13 21 16052759483478 66817204136
2 10 17 6 13 6 16070844914368 299181471259
2 11 0 6 18 17 16076710563376 40614942878
2 11 11 6 18 14 16076710563376 40614917979
14 11 11 6 21 10 16089170303951 95188902817
11 2 2 16 19 7 16100574663592 120371081528
2 11 11 6 18 17 16117325506254 19307899295
2 10 0 6 13 7 16119576687614 125224864216
2 10 13 6 21 20 16119576687614 159971190245
2 11 10 6 18 0 16119887976059 76667987361
2 11 16 6 18 10 16136633405549 19307899950
10 14 11 19 22 9 16151026300955 110451497655
10 14 4 19 22 22 16151061622307 110416172496
11 11 14 16 11 4 16152614292942 248580034583
2 11 16 6 18 14 16155941305499 40614929961
2 11 17 6 18 10 16155941305499 40614946901
11 0 1 16 11 5 16161767622020 149961993589
11 11 10 16 11 16 16161767623111 311919070414
11 0 2 16 11 20 16161767623111 103973040570
10 2 7 19 9 5 16181500843532 187389218577
10 2 12 19 9 16 16181500863263 79976990291
2 10 10 6 21 12 16184359206768 95188966457
2 11 16 6 18 0 16196556235460 31255559804
2 11 17 6 18 14 16196556252400 31255531723
10 16 0 19 12 5 16208434644102 162530299495
11 2 0 16 19 9 16220945745120 120371220267
2 11 14 6 18 7 16227811784123 41502180181
2 11 17 6 18 0 16227811795264 41516591196
2 11 16 6 18 16 16227811795264 71109002875
2 10 11 6 13 7 16244801551830 125225178868
11 10 11 16 4 6 16248887150311 212801840307
10 14 10 19 22 12 16261477794803 136009237360
10 14 11 19 22 22 16261477798610 90672920759
10 2 2 19 9 18 16261477853554 136009679220
10 2 10 19 22 10 16261477853554 107412346967
0 17 2 16 12 9 16261484316634 225470328816
0 17 14 16 12 22 16261555014069 225399614528
11 0 0 16 11 6 16265740663681 103973099187
2 11 2 6 18 7 16269313964304 41516547004
2 11 14 6 18 0 16269328386460 41502120656
2 10 0 6 21 12 16279548173225 174654202416
2 10 10 6 21 20 16279548173225 90478701150
10 16 17 19 12 12 16289699490800 243795803153
2 11 17 6 18 16 16298920798139 71108837540
2 11 2 6 18 0 16310830511308 19733058699
11 0 17 16 11 5 16311729615609 149961461671
2 11 0 6 18 18 16330563570007 19733120723
11 2 11 16 19 9 16341316965387 120371158898
2 11 11 6 18 18 16350296690730 19733142693
10 14 9 19 22 5 16352150719369 90672590732
10 2 11 19 9 5 16368890062109 296342952515
10 2 14 19 22 10 16368890200521 148171485834
10 2 10 19 22 19 16368890200521 243652370197
2 10 14 6 21 20 16370026874375 155026878969
2 10 10 6 21 5 16370026874375 155026865670
2 16 13 6 3 20 16370029833423 26682022795
2 16 10 6 3 12 16370029833423 26682013434
11 0 11 16 11 6 16369713762868 103973054723
10 16 11 19 12 5 16370964943597 162530675493
14 11 17 6 21 21 16380376428315 441025378896
2 16 0 6 3 12 16396711846857 43830884888
2 16 10 6 3 20 16396711856218 19028655090
10 2 0 19 9 18 16397487532774 136009314385
10 14 7 19 22 12 16397487032163 136009164371
11 11 2 16 11 4 16401194327525 248584482209
2 16 14 6 3 20 16415740511308 40027480379
2 16 10 6 3 5 16415740511308 40027469981
2 16 11 6 3 12 16440542731745 43831143421
10 14 1 19 22 5 16442823310101 90672974383
2 10 11 6 21 12 16454202375641 174654190761
2 16 10 6 3 13 16455767981289 65456011238
2 16 0 6 3 5 16455767991687 28605923071
11 0 0 16 4 11 16461688124285 81209253492
11 0 2 16 4 15 16461691077280 81208548987
11 11 10 16 11 22 16473686817591 74808732625
2 16 0 6 3 18 16484373914758 34670912921
2 16 11 6 3 5 16484373914758 34670890840
0 17 2 16 12 22 16486954645450 107167970376
10 2 2 19 22 10 16517061686355 148171527891
2 16 11 6 3 18 16519044827679 16482170753
2 16 10 6 3 21 16521223992527 65455911130
2 10 10 6 21 13 16525053740045 296348403292
2 10 0 6 21 5 16525053753344 103802789655
10 1 10 19 12 15 16533496284484 45228291265
10 1 0 19 12 14 16533496284484 127012595615
10 2 0 19 22 1 16533496847159 131736347172
2 16 16 6 3 3 16535526998432 16482249426
11 0 6 16 4 11 16542897377777 133402338813
11 0 0 16 4 15 16542899626267 57914850862
11 11 0 16 11 15 16548495550216 101283456287
11 11 10 16 11 5 16548495550216 336729363100
2 16 16 6 3 5 16552009247858 34670860912
2 16 17 6 3 3 16552009247858 34670914770
10 1 14 19 12 15 16578724575749 71079923168
10 1 10 19 12 16 16578724575749 142159699260
2 16 10 6 5 18 16586679903657 99370680211
2 16 16 6 3 21 16586680108770 31636028558
2 16 17 6 3 5 16586680162628 31635903614
0 17 0 16 12 5 16594122615826 107168060793
11 0 9 16 4 15 16600814477129 121826508454
11 0 0 16 4 19 16600814477129 121826481447
10 2 10 19 22 5 16612542570718 243653983779
2 17 10 6 3 5 16618316066242 120571638250
2 16 14 6 3 13 16618316066242 49873438903
2 16 17 6 3 21 16618316137328 49890744876
2 16 16 6 3 6 16618316137328 83554150114
2 10 0 6 21 18 16628856542999 130505013263
2 10 11 6 21 5 16628856566402 130504959827
10 1 2 19 12 15 16649804498917 71079977948
11 11 11 16 11 15 16649779006503 144848183948
11 11 0 16 11 16 16649779006503 144799450833
10 1 11 19 12 14 16660508880099 127012588988
10 2 11 19 22 1 16665233194331 110025661118
10 2 0 19 22 19 16665233214246 109989720347
2 16 2 6 3 13 16668189505145 49892290670
2 16 14 6 3 21 16668206882204 49874912474
11 0 7 16 4 11 16676299716590 133402899311
2 16 10 6 5 8 16686050583868 99373374968
0 17 17 16 12 12 16697739090640 661647265212
2 16 17 6 3 6 16701870287442 83553953926
0 17 11 16 12 5 16701290676619 107168007575
2 16 2 6 3 21 16718081795815 23713519289
10 1 10 19 12 17 16720884275009 162721755457
10 1 0 19 12 16 16720884476865 66637291148
11 0 0 16 4 0 16722640958576 199219550391
11 0 6 16 4 19 16722640985583 87063859173
2 17 0 6 3 5 16738887704492 120572578155
2 16 0 6 3 7 16741795315104 58129896400
2 17 10 6 3 21 16741795315104 43631171856
2 10 11 6 21 18 16759361556262 62040916418
10 2 0 19 22 2 16775222934593 110026451137
10 2 11 19 22 19 16775258855449 109990545365
2 16 10 6 5 21 16785423958836 134635409253
2 16 14 6 5 8 16785424241368 68390098067
2 17 14 6 3 21 16785426486960 68388682021
2 17 10 6 3 14 16785426486960 136777241069
10 1 0 19 12 9 16787521768013 87707816096
10 1 11 19 12 16 16787521768013 87707787974
11 11 0 16 11 1 16794578457336 144851563900
11 11 11 16 11 16 16794627190451 144802858755
2 16 11 6 3 7 16799925211504 122278477025
2 16 0 6 5 18 16799925211504 122278481922
11 10 10 16 12 11 16808458684194 107168056155
11 0 6 16 4 14 16809704844756 105523298197
11 0 7 16 4 19 16809704844756 105523242082
2 10 10 6 21 21 16821402143337 185803657678
2 10 16 6 21 3 16821402472680 59868297407
2 16 2 6 5 8 16853814339435 68390072553
2 17 2 6 3 21 16853815168981 68388663378
10 2 10 19 22 14 16856196554497 243655461196
2 17 11 6 3 5 16859460282647 120572455956
10 1 11 19 12 9 16875229584109 41695376409
2 10 16 6 21 5 16881270770087 125935197487
2 10 17 6 21 3 16881270770087 125935227816
10 1 10 19 12 18 16883606030466 162721741279
10 2 11 19 22 2 16885249400814 52297047527
11 11 10 16 11 17 16885224913316 336730197793
11 0 7 16 4 14 16915228142953 50164867311
11 10 10 16 12 19 16915626740349 142985157026
11 10 0 16 12 11 16915626740349 305852801833
10 1 16 19 12 10 16916924960518 41695343448
2 16 10 6 5 11 16920059368089 134645687911
2 16 11 6 5 18 16922203693426 67628204649
2 17 10 6 3 7 16922203728029 144739555709
2 17 0 6 3 14 16922203832359 57829124170
2 16 0 6 5 21 16922204411988 67604921219
11 0 0 16 4 4 16921860508967 199219882271
10 2 16 19 22 11 16937546448341 52296985226
11 11 11 16 11 1 16939430049206 68849181225
10 1 16 19 12 16 16958620303966 87707700683
10 1 17 19 12 10 16958620303966 87707730142
11 0 4 16 4 18 16965393010264 50164502972
2 17 0 6 3 17 16980032956529 78504821121
2 17 11 6 3 14 16980032956529 78504799653
2 16 0 6 5 22 16989809333207 67627487205
2 16 11 6 5 21 16989831898075 67604975226
10 2 16 19 22 19 16989843433567 110008822512
10 2 17 19 22 11 16989843433567 110008868186
2 10 16 6 21 21 17007205967574 91417226488
2 10 17 6 21 5 17007205997903 91417140017
11 11 16 16 11 13 17008279230431 68849278172
11 0 4 16 4 19 17015557513236 105523187319
11 0 11 16 4 18 17015557513236 105523490557
10 1 16 19 12 18 17046328004649 67259569696
10 1 17 19 12 16 17046328034108 67226681516
2 16 10 6 5 1 17054705056000 134636770178
2 16 11 6 5 22 17057436873301 32144310726
2 17 11 6 3 17 17058537777650 37320409340
11 10 14 16 12 19 17058611897375 300774756756
11 10 10 16 12 4 17058611897375 300774742718
2 17 10 6 3 0 17066943283738 144739696022
11 11 16 16 11 16 17077128508603 144826882989
11 11 17 16 11 13 17077128508603 144827022685
2 16 16 6 5 12 17089581184027 32144357188
2 17 16 6 3 10 17095858186990 37320342522
2 10 14 6 21 13 17098623137920 108447180542
2 10 17 6 21 21 17098623194062 108483603474
2 10 16 6 21 6 17098623194062 339084835003
10 2 16 19 22 14 17099852256079 87469064982
10 2 17 19 22 19 17099852301753 87468987848
10 17 10 19 12 16 17113554715624 211367927492
10 1 14 19 12 17 17113554715624 105669380770
10 1 17 19 12 18 17113587574345 105682160403
10 1 16 19 12 19 17113587574345 211335127250
11 0 0 16 17 11 17121080391238 238706027357
11 0 4 16 4 4 17121080700555 100874669450
11 0 11 16 4 19 17121081003793 100874336099
2 16 16 6 5 21 17121725541215 67616814440
2 16 17 6 5 12 17121725541215 67616840628
2 17 16 6 3 14 17133178529512 78504691626
2 17 17 6 3 10 17133178529512 78504718471
10 2 14 19 22 5 17187321289601 112257872117
10 2 17 19 22 14 17187321321061 112297317770
10 2 16 19 22 0 17187321321061 224555088969
2 16 16 6 5 1 17189342355655 52628543624
2 16 17 6 5 21 17189342381843 52628486872
2 10 2 6 21 13 17207070318462 108485492223
2 10 14 6 21 21 17207106797536 108449203612
2 17 16 6 3 0 17211683221138 60103685669
2 17 17 6 3 14 17211683247983 60103633239
10 1 2 19 12 17 17219224096394 105698647502
10 1 14 19 12 18 17219269734748 105653008787
11 10 11 16 12 11 17221479542182 305852607064
11 0 9 16 4 0 17221955339892 157861251856
11 11 10 16 4 19 17221955339892 390829189446
11 0 11 16 4 4 17221955370005 157913176434
11 0 4 16 4 8 17221955370005 188268968467
11 11 16 16 11 17 17221955391592 128714804723
11 11 17 16 11 16 17221955531288 128714667143
2 16 14 6 5 11 17241970868715 63705281031
2 16 17 6 5 1 17241970899279 63727335517
2 16 16 6 5 14 17241970899279 174903982177
2 17 14 6 3 7 17271786881222 75517671086
2 17 17 6 3 0 17271786906807 75542524410
2 17 16 6 3 16 17271786906807 167991204247
10 2 2 19 22 5 17299579161718 112297324380
10 2 14 19 22 14 17299618638831 112257822944
2 16 2 6 5 11 17305676149746 63725545340
2 16 14 6 5 1 17305698234796 63703473999
2 16 10 6 21 3 17315555810685 116660029748
2 10 2 6 21 21 17315556001148 101315596485
10 17 0 19 12 16 17324922643116 337560730553
10 1 1 19 12 19 17324922743535 126046842079
10 17 10 19 12 6 17324922743896 175633058938
10 1 2 19 12 18 17324922743896 84031179802
2 17 2 6 3 7 17347304552308 75544025140
2 17 14 6 3 0 17347329431217 75519138845
11 11 16 16 11 6 17350670196315 198908800802
11 11 14 16 11 5 17350670198431 198818311795
11 11 17 16 11 17 17350670198431 198862199945
11 10 10 16 12 12 17359386640093 404816564716
11 10 0 16 12 4 17359386654131 167945471590
11 0 0 16 17 19 17359786418595 238705978492
2 17 10 6 5 12 17369401695086 95704205278
2 16 2 6 5 1 17369401708795 47473543870
11 0 1 16 4 0 17379816591748 157911454571
11 0 9 16 4 4 17379868546439 157859489412
10 1 0 19 12 22 17408953923698 84031378177
11 0 11 16 4 8 17410224338472 188268464283
10 2 1 19 22 0 17411876461775 109186823803
10 2 2 19 22 14 17411876486098 72791234322
2 10 0 6 21 7 17416871597633 118692071028
2 16 17 6 5 14 17416874881456 190894272470
2 16 0 6 5 7 17416875252665 69031196686
2 16 13 6 21 21 17416875252665 132005062871
2 17 2 6 3 0 17422848577448 35906638722
2 16 10 6 21 5 17432215840433 116660913554
2 10 17 6 21 6 17437708029065 339084534529
2 17 17 6 3 16 17439778111054 167991164747
10 1 17 19 12 19 17450969585614 126046980154
2 17 13 6 5 5 17458755216170 102054847807
2 17 0 6 3 18 17458755216170 59726401229
2 17 10 6 5 1 17465105900364 95704105454
10 2 0 19 22 4 17484667720420 72791271797
2 16 11 6 5 7 17485906449351 145210304315
2 16 0 6 21 3 17485906449351 145210304300
10 1 11 19 12 22 17492985301875 84031380196
10 17 14 19 12 6 17500555802834 175633442284
2 17 11 6 3 18 17518481617399 125636750315
2 17 0 6 5 12 17518481617399 125636750263
10 2 17 19 22 0 17521063285578 109186876172
11 10 0 16 12 17 17527332125721 217464566536
11 10 11 16 12 4 17527332149246 217464494810
2 10 11 6 21 7 17535563668661 118691982212
11 0 1 16 4 4 17537728046319 75056655700
2 16 10 6 21 21 17548880315536 58889021322
11 11 2 16 11 5 17549488510226 198900632717
11 11 14 16 11 17 17549532398376 198856717238
11 11 17 16 11 6 17549578997117 198810391496
10 2 11 19 22 4 17557458992217 72791255481
2 17 10 6 5 5 17560810063977 46959392754
10 17 10 19 12 19 17577016565768 274805668151
10 10 13 9 6 6 17577016682071 127711884954
10 10 10 9 6 16 17577016682071 127711857098
11 0 0 16 17 4 17598492397087 280926506048
11 0 9 16 17 19 17598492802755 167858264127
2 16 14 6 21 21 17607769336858 46490452308
2 17 14 6 5 5 17607769456731 48037655634
2 17 10 6 5 14 17607769456731 126630992292
11 0 6 16 4 20 17612784702019 103567166713
11 11 10 16 4 4 17612784702019 167166147297
10 0 10 19 5 6 17630250247698 58833545720
10 0 0 19 5 16 17630250247698 165219573860
2 16 11 6 21 3 17631116753666 69031515970
2 17 11 6 5 12 17644118367714 59726355665
2 16 10 6 21 11 17654255650873 122537164943
2 16 0 6 21 16 17654259789166 45888502362
2 17 0 6 5 21 17655807112365 48037604976
10 17 11 19 12 16 17662483373669 337560559516
10 17 2 19 12 6 17676189245118 175633116365
10 0 14 19 5 6 17689083793418 92461649927
10 0 10 19 5 19 17689083793418 184923058738
2 16 0 6 21 5 17700148291528 55206177544
2 16 11 6 21 16 17700148291528 55206144338
2 17 0 6 5 1 17703844717341 53269467161
2 17 11 6 5 21 17703844723379 53269401895
10 10 0 9 6 16 17704728539169 209794716259
10 10 10 9 6 6 17704728567025 91079388063
11 0 7 16 4 20 17716351868732 217857632026
11 0 6 16 17 11 17716351868732 217857616637
2 17 10 6 5 7 17734400449023 126630368949
11 10 11 16 12 17 17744796692257 103380463255
11 11 2 16 11 17 17748389142943 99362535386
11 11 14 16 4 19 17748389388613 181164709318
2 16 11 6 21 5 17755354469072 26244425174
2 17 11 6 5 1 17757114184502 25323733055
11 10 10 16 12 20 17764203204809 404817392362
11 0 1 16 17 19 17766351066882 167858420010
2 16 10 6 21 6 17776792815816 86252768195
11 11 10 16 4 8 17779950849316 167164223448
2 16 16 6 21 0 17781598894246 26244361515
10 0 2 19 5 6 17781545443345 92461650600
2 17 16 6 5 17 17782437917557 25323761950
10 0 11 19 5 16 17795469821558 165219574176
10 10 14 9 6 6 17795807955088 191589212013
10 10 10 9 6 19 17795807955088 191589170916
2 17 16 6 5 21 17807761679507 53269381689
2 17 17 6 5 17 17807761679507 53269408149
2 16 16 6 21 16 17807843255761 55206144947
2 16 17 6 21 0 17807843255761 55206181273
11 11 0 16 11 19 17847751678329 99363393883
11 10 16 16 12 2 17848177155512 103380347588
10 17 10 19 12 9 17851822233919 379651579823
10 17 0 19 12 19 17851822361483 148221702293
2 17 16 6 5 7 17861031061196 42920046949
2 17 17 6 5 21 17861031087656 42920006861
2 16 10 6 6 20 17863045584011 194820794934
2 16 16 6 21 6 17863049400708 46413328618
2 16 17 6 21 16 17863049437034 46413294146
10 0 10 19 5 9 17874006852156 211670055509
10 0 0 19 5 19 17874007093945 86682400914
11 0 0 16 17 12 17879418903135 280927152946
2 17 14 6 5 14 17903951094517 56795408434
2 17 17 6 5 7 17903951108145 56816238730
2 17 16 6 5 0 17903951108145 98764895873
2 16 16 6 21 1 17909462729326 71706279528
2 16 14 6 21 11 17909462731180 71706064229
2 16 17 6 21 6 17909462731180 71706200442
10 10 11 9 6 16 17914523255428 209794544943
11 11 2 16 4 19 17929554097931 181164169664
11 0 6 16 17 4 17934209486892 128324167051
11 0 7 16 17 11 17934209500758 128367536374
11 11 11 16 11 19 17947115072212 163603256072
11 11 10 16 4 12 17947115072764 297986793102
11 11 0 16 4 11 17947115072764 163603216959
11 10 16 16 12 4 17951557503100 217463903626
11 10 17 16 12 2 17951557503100 217465086988
2 17 2 6 5 14 17960746502951 56812229990
2 17 14 6 5 7 17960767346875 56791380823
10 0 0 19 5 20 17960689494859 114091318720
10 0 11 19 5 19 17960689494859 114091282895
2 16 2 6 21 11 17981168795409 76701548790
2 16 14 6 21 6 17981168931622 76701397244
2 16 17 6 21 1 17981169008854 63394510613
10 10 10 9 6 9 17987397126004 313300879726
10 10 0 9 6 19 17987397167101 136920600236
10 17 0 19 12 20 18000044063776 207091754235
10 17 11 19 12 19 18000044063776 207091709774
2 17 17 6 5 0 18002716004018 98764805524
2 17 2 6 5 7 18017558732941 27004845057
2 17 0 6 5 2 18044563577998 28458730417
2 17 13 6 21 5 18044563577998 56917311017
2 16 10 6 6 5 18057866378945 300944729242
2 16 14 6 6 20 18057870328866 181904425361
2 16 2 6 21 6 18057870344199 43610486397
11 0 6 16 17 17 18062533653943 128367345025
11 0 7 16 17 4 18062577037132 128324007390
2 17 11 6 5 2 18073022308415 28458695868
10 0 11 19 5 20 18074780813579 54237738361
10 0 10 19 5 22 18085676907665 211670712258
2 16 0 6 21 9 18101480830596 103171953195
2 17 13 6 21 6 18101480889015 40862432348
2 14 0 6 13 18 18101481004283 32495656450
2 14 9 6 13 9 18101481004283 91256017747
2 17 1 6 21 5 18101481004283 114418391757
11 11 0 16 4 4 18110718289723 109421557542
11 11 11 16 4 11 18110718328284 109458309514
10 10 0 9 6 20 18124317767337 165950252340
10 10 11 9 6 19 18124317800371 165950167016
10 0 16 19 5 10 18129018551940 54237790053
2 14 4 6 13 18 18133976660733 51069641469
2 14 0 6 13 4 18133976660733 102138948449
2 17 14 6 21 6 18142343321363 64218537516
2 17 13 6 21 7 18142343321363 128436996639
11 0 0 16 17 20 18160346056081 280927499011
11 10 10 16 20 11 18169020597171 441734163716
11 10 16 16 12 20 18169021406726 212471602168
11 10 17 16 12 4 18169022590088 212470414563
10 0 16 19 5 19 18183256341993 114091509441
10 0 17 19 5 10 18183256341993 114091546863
2 14 11 6 13 18 18185046302202 51069472778
11 0 7 16 17 17 18190901044522 61014075686
2 14 1 6 13 9 18192737022030 91256085101
2 16 11 6 21 9 18204652783791 217026201220
2 16 0 6 6 12 18204652783791 217026188724
2 17 11 6 21 6 18206561858879 64218628079
10 17 11 19 12 20 18207135818011 98449238734
2 17 18 6 21 5 18215899396040 114418131871
11 11 0 16 4 17 18220139847265 109456687726
11 11 11 16 4 4 18220176637798 109419928037
10 17 10 19 12 22 18231473813742 379651983379
2 14 0 6 13 13 18236115609182 116912236554
2 14 9 6 13 4 18236115774980 47877439258
2 16 2 6 6 20 18239774754227 181904193627
11 11 10 16 4 20 18245101865866 297987509595
11 0 4 16 17 2 18251915120208 61013494789
2 17 13 6 21 8 18270780318002 150899037210
2 17 1 6 21 7 18270780486958 59537025368
2 14 9 6 13 10 18283993214238 63016325945
2 14 1 6 13 4 18283993214238 63016304620
10 10 11 9 6 20 18290268019677 78890897595
10 0 16 19 5 22 18297347851434 87527685703
10 0 17 19 5 19 18297347888856 87413261111
10 10 10 9 6 22 18300698005730 313301296048
10 17 16 19 12 10 18305585056745 98449145218
11 0 4 16 17 4 18312928614997 128345435486
11 0 11 16 17 2 18312928614997 128345487218
11 11 11 16 4 17 18329596565835 52026528610
2 17 1 6 21 0 18330317512326 78590794596
2 17 18 6 21 7 18330317527911 78590769462
2 14 1 6 13 10 18347009540183 29957281144
2 14 0 6 13 22 18353027845736 116912253002
2 16 10 6 6 13 18358811108187 300945051706
10 10 16 9 6 10 18369158917272 78890710037
2 14 6 6 13 19 18376966821327 29957253880
11 10 14 16 12 12 18381493004651 324694799133
11 10 17 16 12 20 18381493008894 324795620175
11 10 16 16 12 5 18381493008894 335501270049
11 11 16 16 4 2 18381623094445 52026705141
10 0 14 19 5 9 18384761149967 137579363767
10 11 10 19 5 19 18384761149967 274023446443
10 0 17 19 5 22 18384875537137 137548759277
10 0 16 19 5 12 18384875537137 275075612898
10 17 16 19 12 19 18404034201963 207091781937
10 17 17 19 12 10 18404034201963 207091846461
2 14 6 6 13 4 18406924075207 63016260108
2 14 7 6 13 19 18406924075207 63016277474
2 17 18 6 21 0 18408908306922 37361236295
2 16 0 6 6 5 18421678972515 136414557642
2 16 11 6 6 12 18421678985011 136459188273
2 17 13 6 21 9 18421679355212 140541948618
11 11 16 16 4 4 18433649799586 109439806318
11 11 17 16 4 2 18433649799586 109439881410
11 0 4 16 17 20 18441274050483 101816173204
11 0 11 16 17 4 18441274102215 101815641311
2 17 5 6 21 1 18446269543217 37361196340
10 10 16 9 6 19 18448049627309 165950110798
10 10 17 9 6 10 18448049627309 165950688660
2 14 6 6 13 22 18469940335315 50677113380
2 14 7 6 13 4 18469940352681 46151065991
2 17 5 6 21 7 18483630739557 78590800038
2 17 10 6 21 1 18483630739557 78590826028
2 14 4 6 13 13 18516091418672 81905530471
2 2 14 6 13 4 18516091418672 118820105515
2 14 7 6 13 22 18520617448695 79643031156
2 14 6 6 13 8 18520617448695 159285715237
10 0 2 19 5 9 18522340513734 137610701373
10 0 14 19 5 22 18522424296414 137526906651
11 11 16 16 4 20 18543089605904 93446939963
11 11 17 16 4 4 18543089680996 93446826979
11 0 9 16 17 12 18543089743526 152689458521
11 11 10 16 17 4 18543089743526 305421260564
11 0 11 16 17 20 18543090223687 152747423353
11 0 4 16 17 5 18543090223687 322819175400
2 16 0 6 6 18 18558093530157 136456855554
2 16 11 6 6 5 18558138173284 136412256545
2 17 5 6 21 9 18562221539595 59761487537
2 17 10 6 21 7 18562221565585 59761450331
2 14 11 6 13 13 18597996949143 81906307119
2 14 4 6 13 22 18600260479851 79642748156
10 17 16 19 12 22 18611125983900 158351691573
10 17 17 19 12 19 18611126048424 158351588376
11 10 10 16 20 19 18610754760887 441735867593
10 10 10 9 19 16 18613999301778 361551971242
10 10 16 9 6 22 18613999738107 160010258465
10 10 17 9 6 19 18614000315969 160009662201
2 17 14 6 21 8 18621983015916 81958493586
2 17 10 6 21 9 18621983027132 81997017439
2 17 5 6 21 10 18621983027132 122968573735
2 2 15 6 13 4 18634911524187 118819847606
11 11 14 16 4 12 18636536507975 118868989577
11 11 17 16 4 20 18636536545867 118909577977
11 11 16 16 4 5 18636536545867 248334879668
10 11 14 19 5 19 18658784596410 274030535815
2 16 10 6 6 21 18659756159893 300945130696
10 0 1 19 5 12 18659951203065 140041069914
10 0 2 19 5 22 18659951215107 112160677979
10 11 10 19 5 4 18659951215107 450331044682
2 14 10 6 13 8 18679903228007 64216131075
2 14 11 6 13 22 18679903256262 61314718947
2 16 11 6 6 18 18694550429829 64860150660
11 0 1 16 17 12 18695779202047 152731818222
11 0 9 16 17 20 18695837647040 152673372782
2 17 11 6 21 8 18703941509502 81977027429
2 17 14 6 21 9 18703980044571 81978267775
11 10 2 16 12 12 18706187803784 324800717664
11 10 14 16 12 20 18706288629069 324699855058
11 10 17 16 12 5 18716994278943 335497040071
2 14 9 6 13 12 18741217975209 126702307566
2 2 14 6 13 22 18741217975209 131333641953
2 14 7 6 13 8 18744119359082 64216419765
2 17 10 6 21 10 18744951600867 122968467789
2 2 12 6 13 4 18753731371793 118820283825
11 11 2 16 4 12 18755405497552 118909307341
11 11 14 16 4 20 18755446123844 118868673238
2 16 16 6 6 3 18759410580489 64859895766
10 17 14 19 12 9 18769477636800 210265558548
10 17 17 19 12 22 18769477675473 210333917441
10 17 16 19 12 12 18769477675473 360264137233
10 0 0 19 5 5 18772111893086 112160904475
10 10 14 9 6 9 18774009978170 232867948629
10 10 17 9 6 22 18774009996572 232943371234
10 10 16 9 6 12 18774009996572 281546999701
2 14 0 6 21 20 18785918536931 82001405903
2 17 11 6 21 9 18785958312346 81961800510
10 0 17 19 5 12 18799992272979 294583028493
10 0 10 9 16 6 18799992272979 294582950023
2 2 2 6 13 9 18808335778847 64215951677
2 16 16 6 6 5 18824270476255 136435014062
2 16 17 6 6 3 18824270476255 136435069427
11 0 1 16 17 20 18848511020269 82322703127
11 11 10 16 17 16 18848511020269 209365888272
11 0 11 16 17 5 18865909399087 322819304028
2 14 4 6 21 20 18867919942834 86786082263
2 14 0 6 21 5 18867920068656 173572107028
2 17 1 6 21 13 18867920112856 103812617376
2 14 1 6 13 12 18867920282775 155073837640
2 14 9 6 21 12 18867920282775 155073762468
2 2 14 6 13 17 18872551617162 156782898160
2 2 0 6 13 9 18872551730524 79380898527
2 2 2 6 13 22 18872551730524 79353122487
11 11 2 16 4 20 18874314804893 56518954549
10 0 11 19 5 5 18884272797561 161286734879
10 0 0 9 16 16 18884272797561 427629140901
11 11 17 16 4 5 18884871425535 248334603285
11 0 6 16 17 6 18930833723396 128947949220
11 11 0 16 4 6 18930833759442 74735387685
11 11 13 16 17 20 18930833759442 127043284821
10 11 2 19 5 19 18932815132225 274031794577
2 2 2 6 13 11 18951904853011 79381008842
2 2 0 6 13 22 18951932629051 79353270456
2 14 11 6 21 20 18954706025097 86786285592
2 16 16 6 6 21 18960705490317 108395064713
2 16 17 6 6 5 18960705545682 108394970929
2 17 18 6 21 13 18971732730232 103812566553
10 10 10 9 19 6 18975551273020 361551626735
10 17 2 19 12 9 18979743195348 210337957465
10 17 14 19 12 22 18979811592914 210269538441
11 11 11 16 4 6 19005569147127 157208606708
11 11 0 16 17 4 19005569147127 157208606699
10 10 2 9 6 9 19006877926799 232950255818
10 10 14 9 6 22 19006953367806 232874793424
2 14 1 6 21 12 19022994120415 73720591962
2 2 14 6 13 12 19029334515322 156781452378
2 2 0 6 13 11 19031285899507 37730887874
11 10 2 16 12 20 19030988521448 154381598192
2 14 9 6 21 5 19041492310689 55222212556
10 11 0 19 5 11 19045559532440 161287485574
11 10 10 16 20 4 19052490628480 504044431275
11 10 14 16 20 19 19052491319014 306004450788
10 10 17 9 6 12 19055556996273 281546276182
11 11 10 16 17 20 19057877044263 75329151011
11 0 7 16 17 6 19059781672616 128947292673
2 2 6 6 13 6 19069016787381 37730935147
2 16 14 6 6 13 19069100516611 139116484996
2 16 17 6 6 21 19069100555030 139163058873
2 16 16 6 6 6 19069100555030 278272924981
2 14 0 6 21 13 19075545296785 103812523072
10 0 10 9 16 19 19094575223002 440172911072
10 0 14 9 16 6 19094575301472 220086479382
2 14 9 6 21 18 19096714523245 63188856088
2 14 1 6 21 5 19096714712377 63188800651
2 2 6 6 13 22 19106747722528 79368474109
2 2 11 6 13 6 19106747722528 79368503925
10 11 10 19 5 12 19110282259789 450329600683
10 17 17 19 12 12 19129741812706 360263708948
11 11 14 16 17 20 19133206195274 55522793787
2 14 1 6 21 18 19159903513028 30039266533
11 11 11 16 17 4 19162777753835 74735213459
2 14 0 6 21 21 19179357819857 103812708321
11 10 0 16 12 6 19185370119640 154381834481
2 2 6 6 13 12 19186116196637 61672352969
2 2 11 6 13 22 19186116226453 61672300886
11 11 10 16 17 6 19188728965289 111620927423
11 11 0 16 17 13 19188728989061 48783989252
2 14 6 6 21 3 19189942779561 30039326335
10 17 2 19 12 22 19190081152813 99974848898
10 11 11 19 5 11 19206847018014 203561419750
10 11 0 19 5 4 19206847018014 203494448990
2 16 2 6 6 13 19208217001607 139156561378
2 16 14 6 6 21 19208263613903 139109917671
2 14 6 6 21 5 19219982105896 63188737759
2 14 7 6 21 3 19219982105896 63188756935
11 11 0 16 17 16 19237512978313 59122730756
11 11 11 16 17 13 19237512978313 59122697560
10 10 2 9 6 22 19239828182617 110723994585
2 2 15 6 13 17 19247788527339 79135892572
2 2 11 6 13 12 19247788549606 79168050512
2 2 6 6 13 7 19247788549606 158316678809
2 14 6 6 21 21 19283170843655 47112447739
2 14 7 6 21 5 19283170862831 47112411686
10 17 0 19 12 5 19290056001711 99974843156
11 11 11 16 17 16 19296635709069 28106407730
11 11 10 16 17 22 19300349892712 111621072789
10 0 11 9 16 16 19311901938462 427626631551
10 0 2 9 16 6 19314661780854 220086765149
11 11 16 16 17 9 19324742116799 28106334682
2 2 12 6 13 17 19326924419911 79180862487
2 2 15 6 13 12 19326956600118 79148669653
2 14 4 6 21 13 19330283274517 60464400711
2 14 7 6 21 21 19330283291394 60484557126
2 14 6 6 21 6 19330283291394 120948429608
10 10 10 9 19 19 19337102899755 473278784803
10 10 14 9 19 6 19337103272455 236640192580
11 10 11 16 12 6 19339751954121 324748223911
11 10 0 16 20 11 19339751954121 324748218944
2 16 1 6 6 6 19347373531574 131998297099
2 16 2 6 6 21 19347373562985 91780707761
10 10 0 9 6 5 19350552177202 110724117454
11 11 16 16 17 13 19352848451481 59122762945
11 11 17 16 17 9 19352848451481 59122784609
11 10 2 16 20 19 19358495769802 306004440768
10 17 11 19 12 5 19390030844867 99974904068
2 14 11 6 21 13 19390747675228 60484079631
2 14 4 6 21 21 19390767848520 60463911168
2 2 7 6 13 7 19406105269771 95998722328
2 2 12 6 13 12 19406105282398 45126526884
10 11 0 19 5 17 19410341467004 203562493148
10 11 11 19 5 4 19410408437764 203495600956
11 11 16 16 17 22 19411971214426 45499907255
11 11 17 16 17 13 19411971236090 45499872665
2 16 0 6 6 7 19439154270746 91780661220
2 14 11 6 21 21 19451231759688 53379721974
2 14 10 6 21 6 19451231759688 80069489405
2 2 2 6 13 15 19451231809282 80069625759
2 2 10 6 21 3 19451231809282 50872282026
11 11 14 16 17 6 19457471108755 60416743565
11 11 17 16 17 22 19457471121681 60437150705
11 11 16 16 17 15 19457471121681 103516113133
10 10 11 9 6 5 19461276294656 194097131647
10 10 0 9 19 16 19461276294656 290155571629
2 16 17 6 6 6 19479371828673 131998073485
10 14 10 9 6 10 19490005748935 119821547104
10 14 0 9 6 15 19490005748935 231030534677
2 2 11 6 13 7 19502103992099 149770739555
2 2 14 6 21 3 19502104091308 74885558100
2 2 10 6 21 5 19502104091308 109267999800
2 14 9 6 21 7 19504611481662 53379739721
11 11 2 16 17 6 19517887852320 60436781848
11 11 14 16 17 22 19517908272386 60416355301
2 16 11 6 6 7 19530934931966 91780513585
2 2 0 6 13 15 19531301435041 80069363321
2 14 7 6 21 6 19531301249093 80069462415
10 0 10 9 16 9 19534748134074 512755413546
10 0 0 9 16 19 19534748546003 204780003437
11 10 10 16 20 12 19556535059755 504044093890
2 14 1 6 21 7 19557991221383 53379680591
10 11 10 19 5 20 19560611860472 450329764362
11 11 17 16 17 15 19560987234814 103515848285
10 10 2 9 19 6 19573743465035 236639774399
2 2 2 6 21 3 19576989649408 74885229458
11 11 2 16 17 22 19578324634168 28726206686
11 11 0 16 17 17 19607050840854 28726208642
10 14 14 9 6 10 19609827296039 119821561233
2 2 0 6 21 1 19611370798362 40504081794
2 1 10 6 6 22 19611370901974 34651319408
2 2 10 6 21 7 19611372091108 106767560601
10 11 11 19 5 17 19613904038720 96754989543
2 1 0 6 6 9 19622715445551 91780372922
11 11 11 16 17 17 19635777049496 28726229980
2 1 14 6 6 22 19646022221382 54457260562
2 1 10 6 6 12 19646022221382 108914331490
2 2 11 6 21 1 19651874880156 43804653522
2 2 0 6 21 5 19651874880156 43789741826
10 14 10 9 6 5 19655373426303 194096954418
11 10 11 16 20 11 19664500178032 227870803918
11 10 0 16 20 4 19664500210570 227798112957
11 16 13 16 2 19 19664503279476 44452972170
11 16 10 16 2 11 19664503279476 44452961058
2 2 0 6 21 14 19695664621982 43804416077
2 2 11 6 21 5 19695679533678 43789511498
2 1 2 6 6 22 19700479481944 54457253932
11 16 0 16 2 11 19708956240534 73024097172
11 16 10 16 2 19 19708956251646 31702273347
10 11 16 19 5 2 19710659028263 96755038030
2 1 11 6 6 9 19714495818473 91780198249
2 2 10 6 21 9 19718139651709 106767648951
10 14 11 9 6 15 19721036283612 231030682229
10 14 2 9 6 10 19729648857272 119821555611
2 2 11 6 21 14 19739469045176 20820681582
10 0 0 9 16 20 19739528549440 278140669191
10 0 11 9 16 19 19739528570013 278140600693
11 16 14 16 2 19 19740658524993 66686974146
11 16 10 16 2 4 19740658524993 66686958587
10 10 11 9 19 16 19751431866285 290155461307
2 1 10 6 6 2 19754936552872 123087798009
2 1 0 6 6 12 19754936735876 51340283562
2 2 16 6 21 16 19760289726758 20820681253
2 2 16 6 21 5 19781110408011 43797137202
2 2 17 6 21 16 19781110408011 43797161169
11 16 11 16 2 11 19781980337706 73023469733
2 1 0 6 6 13 19806277019438 66028389350
2 1 11 6 6 12 19806277019438 66028364228
10 11 16 19 5 4 19807414066293 203527898534
10 11 17 19 5 2 19807414066293 203527979106
11 16 10 16 2 12 19807345483580 109051468839
11 16 0 16 2 4 19807345499139 47658333406
10 10 10 9 19 9 19810381684558 495452305575
10 10 0 9 19 19 19810383239434 231203775915
2 2 16 6 21 9 19824907545213 35448901912
2 2 17 6 21 5 19824907569180 35448862913
10 14 10 9 6 0 19849470380721 262030592247
10 14 0 9 6 5 19849470412883 102596652270
11 16 0 16 2 17 19855003832545 57762817520
11 16 11 16 2 4 19855003832545 57762784868
2 2 14 6 21 7 19860356432093 45492903625
2 2 17 6 21 9 19860356447125 45517135523
2 2 16 6 21 11 19860356447125 90987043489
2 1 11 6 6 13 19872305408788 31389275744
2 1 10 6 6 15 19878024350881 123087669434
11 10 0 16 20 17 19892298323527 227870401122
11 10 11 16 20 4 19892370981950 227797767768
2 1 16 6 6 3 19903694684532 31389202033
2 2 2 6 21 7 19905849335718 45494223589
2 2 14 6 21 9 19905873582648 45469965503
11 16 11 16 2 17 19912766650065 27459700912
11 16 10 16 2 20 19916396952419 109051518010
2 1 16 6 6 12 19935083886565 66028369438
2 1 17 6 6 3 19935083886565 66028391983
11 16 16 16 2 2 19940226350977 27459717080
2 2 1 6 21 11 19951343548151 44250558280
2 2 2 6 21 9 19951343559307 29500359372
10 14 0 9 6 17 19952067065153 142831669249
10 14 11 9 6 5 19952067065153 142831637148
11 16 16 16 2 4 19967686068057 57762609837
11 16 17 16 2 2 19967686068057 57762690423
2 2 0 6 21 17 19980843918679 29500343602
2 2 17 6 21 11 19995594106431 44250500036
2 1 16 6 6 15 20001112256003 50928294425
2 1 17 6 6 12 20001112278548 50422643433
2 2 11 6 21 17 20010344262281 29500419003
10 11 16 19 5 20 20010941964827 161795484179
10 11 17 19 5 4 20010942045399 161795348093
10 0 11 9 16 20 20017669218631 132225018090
11 16 10 16 4 17 20025448470429 165515072230
11 16 16 16 2 20 20025448677894 52708784282
11 16 17 16 2 4 20025448758480 52708593567
2 0 10 6 7 20 20039844681284 23843713700
2 0 0 6 7 12 20039844681284 66959202009
10 10 0 9 19 20 20041587015349 257458843062
10 10 11 9 19 19 20041587327592 257458577277
10 0 10 9 16 22 20047503547620 512756106307
2 17 10 6 6 12 20051534921981 154650705369
2 1 14 6 6 2 20051534921981 80287014270
2 1 17 6 6 15 20052040550428 80037050724
2 1 16 6 6 5 20052040550428 160071815523
11 10 10 16 20 20 20060579153645 504044250095
2 0 14 6 7 20 20063688394984 37472262637
2 0 10 6 7 5 20063688394984 74944356872
11 17 10 16 2 4 20078157352047 201199735788
11 16 14 16 2 12 20078157352047 83072778790
11 16 17 16 2 20 20078157462176 83102567877
11 16 16 16 2 5 20078157462176 139160714749
10 14 11 9 6 17 20094898734402 67900698218
2 0 2 6 7 20 20101160657621 37472235836
2 0 11 6 7 12 20106803883293 66959019038
10 14 10 9 6 18 20111500972968 262030635944
11 10 11 16 20 17 20120168749718 108310268230
2 1 2 6 6 2 20131821936251 80290168506
2 1 14 6 6 15 20132077601152 80034819549
2 0 10 6 7 13 20138632751856 85784355887
2 0 0 6 7 5 20138632893457 35130123072
10 0 16 9 16 10 20149894236721 132225012472
11 16 2 16 2 12 20161230130837 83099588438
11 16 14 16 2 20 20161260030053 83069687391
10 14 16 9 6 12 20162799432620 67900657624
10 11 14 19 5 12 20172737393492 207649593900
10 11 17 19 5 20 20172737449006 207718014721
10 11 16 19 5 5 20172737449006 415366472112
2 0 0 6 7 18 20173763016529 46238323533
2 0 11 6 7 5 20173763016529 46238307050
11 16 10 16 4 7 20190963542659 165514576662
2 17 0 6 6 12 20206185627350 154651079554
2 17 10 6 6 20 20212112104757 83127810129
2 1 2 6 6 15 20212112420701 140817270988
2 1 1 6 6 5 20212112420701 83127720863
11 16 17 16 2 5 20217318176925 139160239114
2 0 11 6 7 18 20220001340062 21981092466
2 0 10 6 7 21 20224417107743 85784413226
11 10 16 16 20 2 20228479017948 108310208670
10 14 16 9 6 5 20230700090244 142831636812
10 14 17 9 6 12 20230700090244 142831682591
2 0 16 6 7 3 20241982432528 21981182211
11 16 2 16 2 20 20244329719275 39500070720
2 0 16 6 7 5 20263963614739 46238148160
2 0 17 6 7 3 20263963614739 46238163046
11 17 0 16 2 4 20279357087835 201202107346
10 0 16 9 16 19 20282119249193 278140617845
10 0 17 9 16 10 20282119249193 278140703479
11 16 0 16 2 6 20283829789995 96866644277
11 17 10 16 2 20 20283829789995 72654111868
2 1 17 6 6 5 20295240141564 83127660487
2 17 14 6 6 20 20295239914886 83127738078
10 10 11 9 19 20 20299045904869 122393355962
10 10 10 9 19 22 20305833990133 495455853733
2 0 16 6 7 21 20310201762899 36734158511
2 0 17 6 7 5 20310201777785 34247734326
11 10 16 16 20 4 20336789226618 227834706113
11 10 17 16 20 2 20336789226618 227834795368
2 0 14 6 7 13 20344449512111 58973221077
2 11 10 6 7 5 20344449512111 92158471171
2 0 17 6 7 21 20346935921410 57730380927
2 0 16 6 7 6 20346935921410 115460542376
2 1 0 6 6 21 20352929691689 140817804396
11 16 10 16 4 20 20356478119321 223332630684
11 16 14 16 4 7 20356478416039 113990948328
11 17 14 16 2 20 20356483901863 113987784374
11 17 10 16 2 13 20356483901863 227975478547
2 17 11 6 6 12 20360836706904 154651141461
10 14 16 9 6 18 20373531727056 109232405622
10 14 17 9 6 5 20373531772835 109232313822
2 17 10 6 6 5 20378367802051 83127605426
2 17 2 6 6 20 20378367652964 83127782803
10 11 2 19 5 12 20380386987392 207717040689
10 11 14 19 5 20 20380455463727 207648510476
11 16 11 16 2 6 20380696434272 203762871822
11 16 0 16 4 17 20380696434272 203762878143
2 0 2 6 7 13 20403422733188 58973757697
2 0 14 6 7 21 20404666302337 57730189678
10 10 16 9 19 10 20421439260831 122393324709
2 11 14 6 7 5 20436607983282 92158570834
2 17 10 6 6 13 20461495407477 173068956053
2 17 0 6 6 5 20461495435767 53992581075
2 11 10 6 7 17 20462396490885 158528629931
2 0 2 6 7 21 20462396492015 39632111756
2 0 1 6 7 6 20462396492015 85364579170
11 17 2 16 2 20 20470471686237 113987830278
11 16 2 16 4 7 20470469364367 113990664105
11 17 11 16 2 4 20480559195181 201200732509
10 14 14 9 6 0 20482764086657 136442694964
10 14 17 9 6 18 20482764132678 136505087844
10 14 16 9 6 13 20482764132678 312969479179
2 1 11 6 6 21 20493747496085 140816855905
2 0 0 6 7 7 20502028603771 39632229351
2 17 0 6 6 18 20515488016842 80708471242
2 17 11 6 6 5 20515488016842 80708458217
2 11 2 6 7 5 20528766554116 92158574214
2 0 11 6 7 7 20541660833122 39632232394
10 10 16 9 19 19 20543832585540 257458552751
10 10 17 9 19 10 20543832585540 257460223634
2 0 17 6 7 6 20547761071185 85364953619
10 0 16 9 16 22 20560259867038 212941224538
10 0 17 9 16 19 20560259952672 212940938581
11 10 16 16 20 20 20564623932731 181113669591
11 10 17 16 20 4 20564624021986 181113474849
11 16 10 16 4 10 20579810750005 223333408110
2 11 0 6 7 16 20581293065516 39632206850
11 16 11 16 4 17 20584459312415 111901249321
11 17 10 16 2 6 20584459380410 242991853720
11 17 0 16 2 13 20584459516515 97300610728
11 16 0 16 4 20 20584460028472 111863268471
10 11 1 19 5 5 20588103974203 185097137626
10 11 2 19 5 20 20588104028081 143565779619
2 17 11 6 6 18 20596196488084 38368032989
10 14 2 9 6 0 20619206781621 136476108019
10 14 14 9 6 18 20619269220522 136476063463
2 11 11 6 7 16 20620925272366 46310163891
2 11 0 6 7 17 20620925272366 46293871468
2 11 10 6 7 6 20633126024804 85364436260
2 17 10 6 6 21 20634564363530 102994272562
2 17 16 6 6 3 20634564521073 33186101911
2 11 0 6 7 2 20667219143834 46310983073
2 11 11 6 7 17 20667235436257 46294725905
2 17 16 6 6 5 20667750622984 69808236296
2 17 17 6 6 3 20667750622984 69808254328
11 17 0 16 2 16 20681760127243 131722687766
11 17 11 16 2 13 20681760127243 131722652987
11 16 0 16 4 21 20696323296943 111900214819
11 16 11 16 4 20 20696360561736 111862996210
2 11 11 6 7 2 20713530162162 22011577677
2 11 10 6 7 18 20718490461064 85364574544
10 11 0 19 5 6 20731669807700 143565892828
2 11 16 6 7 14 20735541739839 22011567133
2 17 16 6 6 21 20737558859280 50674175634
2 17 17 6 6 5 20737558877312 50674145011
11 10 14 16 20 12 20745737496835 216834039864
11 10 17 16 20 20 20745737602322 216903069250
11 10 16 16 20 5 20745737602322 638026809195
10 2 10 9 6 12 20755682889640 136505877472
10 14 2 9 6 18 20755745283985 136443477768
2 11 16 6 7 17 20757553306972 46302061097
2 11 17 6 7 14 20757553306972 46302079123
10 0 14 9 16 9 20773200891253 301146616965
10 0 17 9 16 22 20773201091576 301246203173
10 0 16 9 16 12 20773201091576 602395470643
10 11 17 19 5 5 20773201111829 245600351379
10 11 10 9 16 19 20773201111829 517419546877
2 17 14 6 6 13 20788233022323 67287999598
2 17 17 6 6 21 20788233034914 67310973486
2 17 16 6 6 6 20788233034914 115288286140
10 14 1 9 6 13 20795733611857 312969565676
10 10 10 9 9 16 20801289843866 533800725981
10 10 16 9 19 22 20801291138291 252522872295
10 10 17 9 19 19 20801292809174 252521191220
11 16 10 16 4 0 20803144158115 223334697166
2 11 16 6 7 18 20803855368069 35448890026
2 11 17 6 7 17 20803855386095 35448857382
11 16 11 16 4 21 20808223557946 53187246338
11 17 11 16 2 16 20813482815009 62619657228
11 17 10 16 2 22 20827451234130 242992427162
2 11 14 6 7 6 20839304243477 45495125438
2 11 17 6 7 18 20839304258095 45510378384
2 11 16 6 7 7 20839304258095 91005253723
2 17 2 6 6 13 20855521021921 67309708517
2 17 14 6 6 21 20855544008400 67286713070
11 16 16 16 4 11 20861410804284 53187168062
10 11 11 19 5 6 20875235700528 143565874749
11 17 16 16 2 9 20876102472237 62618816103
2 11 2 6 7 6 20884799368915 45510212297
2 11 14 6 7 18 20884814636479 45494932930
10 14 0 9 6 21 20892188761753 421226612530
10 2 0 9 6 12 20892188767112 297491170113
10 2 10 9 6 20 20892188767112 115684770279
2 17 17 6 6 6 20903521321054 115288293970
11 16 16 16 4 20 20914597972346 111881388465
11 16 17 16 4 11 20914597972346 111881429187
2 17 2 6 6 21 20922830730438 31993055106
2 11 1 6 7 7 20930309569409 44250444280
2 11 2 6 7 18 20930309581212 29500326127
11 17 16 16 2 13 20938721288340 131722612072
11 17 17 16 2 9 20938721288340 131722654829
2 17 0 6 6 7 20954823785544 31993089074
2 11 0 6 7 20 20959809907339 29500378665
11 10 2 16 20 12 20962571536699 216901857058
11 10 14 16 20 20 20962640671572 216833649268
2 11 17 6 7 7 20974560013689 44250522613
2 17 11 6 6 7 20986816874618 31992955413
2 11 11 6 7 20 20989310286004 29500327912
10 2 14 9 6 20 21007873537391 181807064316
10 2 10 9 6 5 21007873537391 363613549768
0 6 0 19 16 11 21018810613916 50334707892
0 6 6 19 16 16 21018810613916 141352607939
0 0 2 19 11 11 21018810613916 24036206988
0 0 0 19 11 16 21018810613916 24036197094
11 16 16 16 4 0 21026479360811 87126658220
11 16 17 16 4 20 21026479401533 87126569469
0 0 6 19 11 16 21042846811010 39484785049
0 0 0 19 11 11 21042846820904 17141742495
10 10 14 9 19 9 21053814000394 381923431419
10 10 17 9 19 22 21053814010586 382050211668
10 10 16 9 19 12 21053814010586 407515135827
0 0 9 19 11 11 21059988563399 36058381718
0 0 0 19 11 6 21059988563399 36058371971
0 6 9 19 16 11 21069145321808 79104973329
0 6 0 19 16 6 21069145321808 158209698454
11 17 16 16 2 22 21070443900412 100859832101
11 17 17 16 2 13 21070443943169 100859748909
10 0 2 9 16 9 21074347508218 301248884596
10 0 14 9 16 22 21074447294749 301149108910
0 0 7 19 11 16 21082331596059 39484733352
0 0 0 19 11 1 21096046935370 58965320343
0 0 6 19 11 6 21096046945117 25769426006
10 14 17 9 6 13 21108703177533 312969441066
11 16 14 16 4 10 21113605971002 105552426670
11 16 17 16 4 0 21113606019031 105587130020
11 16 16 16 4 13 21113606019031 288329839275
0 0 6 19 11 18 21121816371123 31232943060
0 0 7 19 11 6 21121816371123 31232921925
0 6 1 19 16 11 21148250295137 79104942016
0 0 7 19 11 18 21153049314183 14847693784
0 0 0 19 11 19 21155012255713 58965221314
0 6 7 19 16 16 21160163221855 141352514967
0 0 4 19 11 13 21167897007967 14847792834
11 17 14 16 2 6 21171303692078 126839351940
11 17 17 16 2 22 21171303732513 126885164344
11 17 16 16 2 15 21171303732513 280882165314
11 16 10 16 20 2 21179473393757 223534531652
11 10 2 16 20 20 21179474320840 210576700864
0 0 4 19 11 6 21182744800801 31232902762
0 0 11 19 11 13 21182744800801 31232992611
10 2 2 9 6 20 21189680601707 181806563354
10 2 11 9 6 12 21189679937225 297491179986
0 0 0 19 6 16 21213977477027 72850987866
0 0 4 19 11 19 21213977703563 29656283188
0 0 11 19 11 6 21213977793412 29656185193
11 16 2 16 4 10 21219158397672 105587830186
11 16 14 16 4 0 21219193149051 105553097195
0 6 0 19 16 1 21227355020262 181093219958
0 6 6 19 16 6 21227355237153 74160621449
0 0 9 19 11 1 21243633978605 41406271028
0 0 11 19 11 19 21243633986751 41420283829
0 0 4 19 11 14 21243633986751 58022532908
0 0 1 19 11 1 21285040249633 41419767128
0 0 9 19 11 19 21285054270580 41405761067
0 0 0 19 6 11 21286828464893 72850455555
10 11 14 9 16 19 21290620658706 517418373088
11 17 2 16 2 6 21298143044018 126877260443
11 17 14 16 2 22 21298188896857 126831395859
0 6 6 19 16 18 21301515858602 97610172149
0 6 7 19 16 6 21301515858602 97610141112
0 0 11 19 11 14 21301656519659 58022637637
10 14 11 9 6 21 21313415374283 421226318816
11 17 10 16 4 11 21324746227858 164573651073
11 16 2 16 4 0 21324746246246 77189978812
0 9 0 19 11 13 21326460016761 55902636418
0 0 1 19 11 19 21326460031647 32766051071
10 10 10 9 9 6 21335090569847 533750237047
0 0 6 19 11 22 21359226082718 32766321803
0 0 0 19 6 6 21359678920448 162542618434
0 9 6 19 11 4 21359679157296 85647786698
0 0 9 19 6 11 21359679157296 81271583668
10 2 0 9 6 5 21371487165061 115684025712
10 11 10 9 16 4 21375596392814 641942453412
10 0 2 9 16 22 21375596403659 213980693360
10 0 1 9 16 12 21375596562219 474353185664
0 9 9 19 11 13 21382362653179 55902620724
11 10 17 16 20 5 21383764411517 638026752852
11 10 0 16 20 6 21390051021704 210578592882
0 0 7 19 11 22 21391992404521 51087707205
0 0 6 19 6 16 21391992404521 104578380478
0 6 7 19 16 18 21399126030751 46402789723
11 16 17 16 4 13 21401935858306 331131721143
11 16 0 16 4 6 21401936225058 119394863003
11 16 13 16 20 20 21401936225058 224610472285
11 16 10 16 20 4 21403007925409 223535134298
0 6 0 19 16 19 21408448240220 181093434062
10 2 10 9 6 13 21421672618599 312969010020
11 17 2 16 2 22 21425020304461 60307088689
10 10 2 9 19 9 21435737431813 382034055346
10 10 14 9 19 22 21435864222254 381907223975
0 9 1 19 11 13 21438265273903 55902485163
0 0 1 19 6 11 21440950740964 81271460748
0 9 0 19 11 22 21443080111726 51087694814
0 9 7 19 11 4 21445326943994 85647761953
0 6 4 19 16 13 21445528820474 46402968041
11 17 17 16 2 15 21452185897827 280882121100
10 10 17 9 19 12 21461329146413 407512432411
11 17 13 16 4 4 21485327393150 168566265322
11 17 0 16 2 17 21485327393150 101348919025
10 2 0 9 6 18 21487171190773 167732536075
10 2 11 9 6 5 21487171190773 167732506174
11 17 10 16 4 0 21489319878931 164573722191
0 6 4 19 16 6 21491931788515 97610117727
0 6 11 19 16 13 21491931788515 97610146609
0 9 0 19 11 8 21494167806540 94792824687
0 9 6 19 11 22 21494167806540 36807057989
0 0 7 19 6 16 21496570784999 104578713589
11 16 11 16 4 6 21521331088061 251151867528
11 16 0 16 20 2 21521331088061 251151867527
0 0 0 19 6 1 21522221538882 172277757458
0 0 6 19 6 6 21522222201712 78927146615
0 9 6 19 11 5 21530974864529 51775790090
0 9 7 19 11 22 21530974864529 51775777170
0 9 7 19 11 5 21582750654619 24613664850
11 17 11 16 2 17 21586676312175 213191311946
11 17 0 16 4 11 21586676312175 213191311922
0 9 0 19 11 17 21588960631227 94792882324
0 6 4 19 16 19 21589541906242 76487123082
0 6 11 19 16 6 21589541935124 73247656293
10 0 0 9 16 5 21589577097019 213981091598
0 0 6 19 6 18 21601149348327 90019827526
0 0 7 19 6 6 21601149498588 90019748765
11 10 11 16 20 6 21600629614586 210578656357
0 9 4 19 11 14 21607364319469 24613652987
11 16 10 16 20 20 21626546697343 106521062161
0 9 4 19 11 22 21631977972456 51775710756
0 9 11 19 11 14 21631977972456 51775729827
11 17 10 16 4 4 21653893658472 79174539880
10 2 11 9 6 18 21654903726848 79738248428
0 6 9 19 16 1 21662789591417 121823760162
0 7 0 19 16 6 21662789591417 208231711241
0 6 11 19 16 19 21666029029324 120205286679
0 6 4 19 16 14 21666029029324 240409278193
0 9 4 19 11 17 21683753683212 39578489400
0 9 11 19 11 22 21683753702283 39578451309
0 0 7 19 6 18 21691169247353 42794901661
0 0 0 19 6 19 21694499296340 172278019169
0 9 9 19 11 8 21723332153592 49437749628
0 9 11 19 11 17 21723332172612 49461348700
0 9 4 19 11 3 21723332172612 113398855850
11 16 14 16 20 20 21733067759504 79405523728
11 17 14 16 4 4 21733068198352 84074207129
11 17 10 16 4 13 21733068198352 219712693668
0 0 4 19 6 13 21733964149014 42794460935
10 2 10 9 6 21 21734641693099 222012469815
10 2 16 9 6 3 21734641975276 71535241738
0 9 1 19 11 8 21772769903220 49449820948
0 9 9 19 11 17 21772793521312 49449710439
11 16 11 16 20 2 21772482955589 119394938984
0 0 4 19 6 6 21776758609949 90019497341
0 0 11 19 6 13 21776758609949 90020027484
0 6 1 19 16 1 21784613351579 121824913931
0 6 9 19 16 19 21786234316003 120203957691
11 17 11 16 4 11 21799867624121 101349047854
10 0 11 9 16 5 21803558188617 213980782883
10 2 16 9 6 5 21806177217014 150477228538
10 2 17 9 6 3 21806177217014 150477264292
10 11 2 9 16 19 21808039031794 517418418239
11 16 10 16 20 10 21811208270943 210583159403
11 16 0 16 20 15 21812473283232 79404613803
11 17 0 16 4 20 21817142405481 84074196852
10 10 2 9 19 22 21817771487159 181584704371
0 1 0 19 11 14 21822219724168 49461784297
0 9 1 19 11 17 21822243231751 49438274517
0 9 13 19 11 3 21836731028462 113399470013
10 0 17 9 16 12 21849949747883 474353090106
0 0 0 19 1 16 21866777315509 188092901017
0 0 4 19 6 19 21866778107290 87992763609
0 0 11 19 6 6 21866778637433 87992228370
10 10 10 9 9 19 21868840806894 685209232640
10 10 14 9 9 6 21868841578824 347038043945
0 7 9 19 16 6 21871021302658 208231940825
0 9 6 19 11 7 21871681506268 152623860550
0 1 0 19 11 18 21871681508465 41916060924
0 1 6 19 11 14 21871681508465 107790602624
11 16 0 16 20 4 21891877897035 95509959424
11 16 11 16 20 15 21891877897035 95509905372
11 17 0 16 4 0 21901216602333 91934075133
11 17 11 16 4 20 21901216671975 91933948805
0 7 0 19 16 10 21906438265510 257522181954
0 6 1 19 16 19 21906438273694 85840821806
0 6 13 19 16 14 21906438307517 190364871115
0 1 9 19 11 18 21913597569389 65874511481
0 1 0 19 11 22 21913597569389 131748984257
0 9 11 19 11 3 21950130498475 113399484495
11 17 10 16 4 6 21952780892020 219712543573
0 0 9 19 6 1 21954770865803 132174919871
0 0 11 19 6 19 21954770870899 132217413858
0 0 4 19 6 14 21954770870899 144096777509
10 2 16 9 6 21 21956654445552 109232327288
10 2 17 9 6 5 21956654481306 109232267078
0 1 1 19 11 18 21979472080870 65874540998
0 1 7 19 11 14 21979472111089 107790512186
11 16 11 16 20 4 21987387856459 45404406343
0 6 6 19 16 22 21992279095500 85840847597
11 17 11 16 4 0 21993150677466 43704522819
10 10 0 9 19 5 21999356191530 181584736635
10 11 10 9 16 8 22017538971500 153959132073
11 16 10 16 20 5 22021791430346 151911131937
0 9 7 19 11 7 22024305366818 152623902735
11 16 16 16 20 22 22032792262802 45404438757
11 17 16 16 4 16 22036855200285 43704492136
0 1 6 19 11 22 22045346621868 41916104409
0 0 0 19 1 11 22054870216526 188093030618
0 1 0 19 11 3 22063529982970 113399223536
10 2 14 9 6 13 22065886748384 145044362696
10 2 17 9 6 21 22065886772840 145091273388
10 2 16 9 6 6 22065886772840 248512516850
0 6 7 19 16 22 22078119943097 85840629482
11 16 16 16 20 15 22078196701559 95509752871
11 16 17 16 20 22 22078196701559 95509813682
0 7 1 19 16 6 22079253243483 208232289434
11 17 16 16 4 20 22080559692421 91933979123
11 17 17 16 4 16 22080559692421 91934021491
0 0 1 19 6 1 22086945785674 132214353030
0 0 9 19 6 19 22086988284757 132171839247
0 1 6 19 11 17 22087262726277 60775015395
0 1 7 19 11 22 22087262726277 60775002918
0 6 11 19 16 14 22096803178632 190365008323
0 0 11 19 6 14 22098867648408 144096277290
0 1 7 19 11 17 22148037741672 28891787539
0 7 0 19 16 12 22163960572579 61762569971
10 11 0 9 16 11 22171498103573 153959406327
11 17 16 16 4 6 22172493671544 74144733741
11 17 17 16 4 20 22172493713912 74144669859
11 16 10 16 5 19 22173702562283 338313327023
11 16 16 16 20 5 22173706454430 80659065689
11 16 17 16 20 15 22173706515241 80659007443
0 1 0 19 11 7 22176929269553 80442367456
0 1 4 19 11 21 22176929529211 25919580327
10 10 11 9 19 5 22180940928165 381970426330
10 10 0 9 9 16 22180940928165 381970800340
0 1 4 19 11 22 22202849109538 54522824661
0 1 11 19 11 21 22202849109538 54522839962
10 2 2 9 6 13 22210931111080 145090721092
10 2 14 9 6 21 22210978046228 145043767836
10 10 2 9 9 6 22215879622769 347037800534
0 0 1 19 6 19 22219160138704 62843111673
0 7 6 19 16 2 22225723142550 61762610585
0 0 0 19 1 6 22242963247144 243973019247
0 0 9 19 1 11 22242963925698 121987967792
11 17 14 16 4 13 22246638383771 98096756663
11 17 17 16 4 6 22246638405285 98129462653
11 17 16 16 4 22 22246638405285 170728827163
11 16 16 16 20 0 22254365520119 124614110135
11 16 14 16 20 10 22254365522684 124613741643
11 16 17 16 20 5 22254365522684 124613975483
0 1 4 19 11 7 22257371934199 39578480386
0 1 11 19 11 22 22257371949500 39578454439
0 0 6 19 6 22 22282003250377 62842943176
0 7 0 19 16 14 22287168186955 190364825425
0 7 7 19 16 2 22287485753135 96302361653
0 7 6 19 16 10 22287485753135 96268536007
0 1 9 19 11 3 22296950403939 52553685353
0 1 11 19 11 7 22296950414585 52571261393
0 1 4 19 11 11 22296950414585 90044181920
10 2 17 9 6 6 22314399289690 248512551874
10 11 10 9 16 12 22324302837989 474353319443
10 11 0 9 16 4 22325457509900 239800908556
10 11 11 9 16 11 22325457509900 239877874473
0 0 7 19 6 22 22344846193553 132191887330
0 0 6 19 1 16 22344846193553 132194110175
11 17 2 16 4 13 22344735140434 98127288108
11 17 14 16 4 6 22344767867938 98094551725
0 1 1 19 11 3 22349504089292 52571463280
0 1 9 19 11 7 22349521675978 52553869139
10 2 2 9 6 21 22356021832172 68963507466
0 0 1 19 1 11 22364951893490 121987881737
11 16 2 16 20 10 22378979264327 133040690188
11 16 14 16 20 5 22378979498167 133040431220
11 16 17 16 20 0 22378979630254 110524699640
0 7 6 19 16 5 22383754289142 96305474299
0 7 7 19 16 10 22383788114788 96271660676
0 1 11 19 11 11 22386994596505 90044056374
0 1 1 19 11 7 22402075552572 24987753162
11 17 17 16 4 22 22417367232448 170729137021
10 2 0 9 6 7 22424985339638 68963663240
0 1 6 19 11 0 22427063305734 24987761955
11 17 2 16 4 6 22442862428542 46641918665
0 1 7 19 11 0 22452051067689 24987784800
0 6 6 19 6 16 22477038852489 33711379434
0 6 1 19 6 2 22477038852489 33711386458
0 0 7 19 1 16 22477040303728 131199421563
0 7 0 19 16 18 22477533012380 190365489536
0 7 7 19 16 5 22480059775464 45775035631
0 0 0 19 1 1 22486936266391 246640769574
0 0 6 19 1 6 22486939775227 121299475089
11 17 0 16 4 1 22489504347207 49296134864
11 17 13 16 20 4 22489504347207 98592074921
10 2 11 9 6 7 22493949002878 68963056090
0 6 10 19 6 16 22510750231923 55378333423
0 6 6 19 6 2 22510750238947 24041787344
11 16 10 16 5 4 22512015889306 511650471300
11 16 14 16 5 19 22512019929387 313051872831
11 16 2 16 20 5 22512019954515 76076449773
0 7 4 19 16 9 22525834811095 45774790891
0 6 12 19 6 2 22534792026291 50572773429
0 6 6 19 6 11 22534792026291 50572761031
11 17 11 16 4 1 22538800482071 49296085293
10 10 10 9 9 9 22554050039534 685216573892
10 10 11 9 9 16 22562911728505 344689666016
10 0 0 9 19 16 22562912058968 95006494927
10 0 2 9 19 11 22562912058968 95006510013
10 10 0 9 9 19 22562917423303 344579459454
10 11 0 9 16 17 22565258418456 239877612124
10 11 11 9 16 4 22565335384373 239800674213
0 6 17 19 6 16 22566128565346 55378414559
0 7 4 19 16 10 22571609601986 96289306025
0 7 11 19 16 9 22571609601986 96289341200
0 6 6 19 6 20 22585364787322 82700331718
0 6 10 19 6 11 22585364799720 36142211280
11 16 0 16 20 8 22588096404288 177225703574
11 17 13 16 20 5 22588096422128 70687301542
11 14 0 16 12 17 22588096567364 56635568968
11 14 9 16 12 8 22588096567364 159046805533
11 17 1 16 20 4 22588096567364 198258079027
0 0 6 19 1 18 22608239250316 126062139481
0 0 7 19 1 6 22608239725291 126061717198
0 6 10 19 6 17 22621507011000 43805011167
0 6 17 19 6 11 22621507011000 43804985310
11 14 4 16 12 17 22644732136332 89007122064
11 14 0 16 12 3 22644732136332 178014195521
10 0 6 9 19 16 22657918553895 156068852199
10 0 0 9 19 11 22657918568981 67755317860
11 17 14 16 20 5 22658783723670 111090413291
11 17 13 16 20 6 22658783723670 222180703999
0 6 17 19 6 17 22665312022167 20824396500
0 7 4 19 16 18 22667898908011 74833867195
0 7 11 19 16 10 22667898943186 74833836514
0 6 6 19 6 6 22668065119040 82700380910
0 6 15 19 6 3 22686136418667 20824401256
0 6 15 19 6 11 22706960819923 43804903767
0 6 7 19 6 3 22706960819923 43805002089
10 0 9 9 19 11 22725673886841 142525615498
10 0 0 9 19 6 22725673886841 142525584266
0 0 0 19 1 19 22733577035965 246640643059
11 14 11 16 12 17 22733739258396 89007308057
0 0 7 19 1 18 22734301442489 59928420236
0 7 4 19 16 22 22742732775206 115644912180
0 7 9 19 16 14 22742732779700 115589560010
0 7 11 19 16 18 22742732779700 115617966969
11 14 1 16 12 8 22747143372897 159047009145
0 6 6 19 18 16 22750765499950 107043558702
0 6 15 19 6 6 22750765723690 41187669311
0 6 7 19 6 11 22750765822012 41187533584
11 16 11 16 20 8 22765322107862 372801679329
11 16 0 16 5 11 22765322107862 372801652570
11 17 11 16 20 5 22769874136961 111090548900
11 17 18 16 20 4 22786354646391 198258126830
0 6 12 19 6 20 22791953355596 69136570410
0 7 0 19 6 11 22791953355596 171169101682
0 6 7 19 6 6 22791953393001 69159513137
0 6 15 19 6 15 22791953393001 86449673618
0 0 4 19 1 13 22794229862725 59928413461
10 11 10 9 16 20 22798656157432 474353489141
10 11 11 9 16 17 22805136058586 114017173132
10 0 7 9 19 16 22813987406094 156069079297
11 14 0 16 12 12 22822746331853 203761959286
11 14 9 16 12 3 22822746566453 83443912035
11 16 2 16 5 19 22825071802218 313051949112
0 0 4 19 1 6 22854158276186 126061010465
0 0 11 19 1 13 22854158276186 126062449516
0 6 6 19 18 11 22857809058652 107043280060
0 7 1 19 16 14 22858322339710 115642478804
0 7 9 19 16 18 22858350746669 115614054321
0 7 11 19 16 22 22858377687386 115587213466
0 6 13 19 6 20 22861089926006 69160183126
0 6 12 19 6 6 22861112906138 69137199981
10 0 0 9 19 1 22868199471107 233068443809
10 0 6 9 19 6 22868199502339 101856966147
0 6 7 19 6 15 22878403066619 86449584061
11 17 13 16 20 7 22880964427669 257160487534
11 17 1 16 20 6 22880964685861 103648027544
11 14 9 16 12 9 22906190478488 109828891707
11 14 1 16 12 3 22906190478488 109828857178
10 10 0 9 9 20 22907496882757 344686843653
10 10 11 9 9 19 22907601394521 344582369402
10 11 16 9 16 2 22919153231718 114017323640
0 6 13 19 6 6 22930250109132 32872469220
0 6 10 19 6 19 22963122578352 49330244983
0 7 0 19 6 6 22963122578352 64981790805
0 6 6 19 18 6 22964852338712 129235563958
0 6 12 19 18 11 22964852650680 75684452454
10 0 6 9 19 18 22970056468486 123452508183
10 0 7 9 19 6 22970056485391 123452443306
0 7 1 19 16 18 22973964818514 59559861600
0 7 9 19 6 11 22973964900852 100046870566
0 0 0 19 19 16 22980217679024 257514518913
0 0 4 19 1 19 22980219286651 124652267137
0 0 11 19 1 6 22980220725702 124650826392
11 17 1 16 20 22 22984612713405 136592514467
11 17 18 16 20 6 22984612773221 136592472502
0 6 17 19 6 19 23012452823335 103768717303
0 6 10 19 18 16 23012452823335 103768710603
11 14 1 16 12 9 23016019370195 52211461148
11 16 10 16 5 12 23023666360606 511651107102
11 14 0 16 12 21 23026508291139 203762595005
0 7 0 19 6 15 23028104369157 64981794504
10 11 16 9 16 4 23033170555358 239839474899
10 11 17 9 16 2 23033170555358 239839556502
0 7 6 19 16 11 23033524680114 59559908802
0 6 13 19 18 11 23040537103134 75684404741
11 14 6 16 12 18 23068230831343 52211452344
0 7 1 19 6 11 23074011771418 100047082251
0 7 7 19 16 11 23093084588916 80974334346
0 7 6 19 6 16 23093086163661 80974296368
0 7 0 19 6 1 23093086163661 151083288812
10 0 7 9 19 18 23093508976669 58687996473
0 6 6 19 18 1 23094087902670 129235839718
10 0 0 9 19 19 23101267914916 233068990805
0 0 9 19 1 1 23104871552094 191268871692
0 0 11 19 1 19 23104871553788 191330103982
0 0 4 19 1 14 23104871553788 195188813877
0 6 10 19 18 6 23116221533938 59811345552
0 6 17 19 18 16 23116221540638 59831575819
11 14 6 16 12 3 23120442283687 109828832161
11 14 7 16 12 18 23120442283687 109828860243
11 17 18 16 20 22 23121205245723 64934463119
11 16 0 16 5 4 23138123760432 229994858975
11 16 11 16 5 11 23138123787191 230081090681
11 17 13 16 20 8 23138124915203 249541573069
10 0 4 9 19 13 23152196973142 58687929547
0 7 6 19 6 6 23174060460029 55977399610
0 7 7 19 6 16 23174060460029 55997211135
0 6 10 19 18 18 23176032879490 59830458221
0 6 17 19 18 6 23176053116457 59810248814
11 17 5 16 20 0 23186139708842 64934541131
10 0 4 9 19 6 23210884902689 123452287353
10 0 11 9 19 13 23210884902689 123452548399
0 6 6 19 18 19 23223323742388 129235840217
0 7 6 19 6 18 23230037859639 55997202243
0 7 7 19 6 6 23230057671164 55977382345
11 14 6 16 12 21 23230271115848 88303480153
11 14 7 16 12 3 23230271143930 80451799277
0 6 17 19 18 18 23235863365271 28438099717
0 0 0 19 19 11 23237732197937 257514270455
10 10 10 9 9 22 23239266613426 685218261599
0 7 0 19 6 19 23244169452473 151083373083
11 17 5 16 20 6 23251074249973 136592485986
11 17 10 16 20 0 23251074249973 136592529669
10 10 11 9 9 20 23252183763923 163836060482
0 6 15 19 18 13 23264301464988 28438146261
10 11 16 9 16 20 23273010030257 186412317145
10 11 17 9 16 4 23273010111860 186412245775
0 7 7 19 6 18 23286035061882 26615550841
0 6 15 19 18 6 23292739611249 59820498202
0 6 7 19 18 13 23292739611249 59820522689
0 0 1 19 1 1 23296140423786 191332241084
0 0 9 19 1 19 23296201657770 191270983974
0 0 11 19 1 14 23300060367665 195187379259
11 14 4 16 12 12 23310722943207 142701089961
11 2 14 16 12 3 23310722943207 207293296356
0 7 4 19 6 13 23312650612723 26615582553
11 14 7 16 12 21 23318574596001 138775715599
11 14 6 16 12 7 23318574596001 277550796551
10 0 0 9 20 16 23334336905721 298362174146
10 0 4 9 19 19 23334337190042 116341184262
10 0 11 9 19 6 23334337451088 116340832168
0 7 4 19 6 6 23339266195276 55986858715
0 7 11 19 6 13 23339266195276 55986890638
0 6 15 19 18 19 23352560109451 47710396086
0 6 7 19 18 6 23352560133938 46964181250
11 16 0 16 5 17 23368118619407 230086864735
11 16 11 16 5 4 23368204877872 230000673074
11 17 5 16 20 8 23387666735959 104364384710
11 17 10 16 20 6 23387666779642 104364322360
0 7 4 19 6 19 23395253053991 46114662955
0 7 11 19 6 6 23395253085914 46114611426
0 6 12 19 18 1 23399524315188 73807912419
0 7 0 19 18 6 23399524315188 147617561064
0 6 7 19 18 19 23400270505537 73436460647
0 6 15 19 18 14 23400270505537 156211501122
10 10 16 9 9 10 23416019824405 163836166164
0 7 9 19 6 1 23441367697340 58714262218
0 7 11 19 6 19 23441367716946 58734692197
0 7 4 19 6 14 23441367716946 122098426733
10 0 9 9 19 1 23450678283256 196324715798
10 11 10 9 19 6 23450678283256 486151393440
10 0 11 9 19 19 23450678374304 196422194259
10 0 4 9 19 14 23450678374304 240191525929
11 14 11 16 12 12 23453424033168 142701471612
11 14 4 16 12 21 23457350311600 138775146982
10 11 16 9 16 5 23459422347402 288066472414
10 11 14 9 16 12 23459422357635 287937150745
10 11 17 9 16 20 23459422357635 288001334826
0 6 13 19 18 1 23473332227607 73809681255
0 6 12 19 18 19 23473706966184 73434942850
0 0 1 19 1 19 23487472664870 90942720963
11 17 14 16 20 7 23492031102002 143121809740
11 17 10 16 20 8 23492031120669 143190495815
11 17 5 16 20 9 23492031120669 214741109774
0 0 0 19 19 6 23495246468392 282354588389
0 0 9 19 19 11 23495247746924 182706243416
0 7 1 19 6 1 23500081959558 58734727957
0 7 9 19 6 19 23500102409143 58714273269
11 2 15 16 12 3 23518016239563 207293568332
11 16 10 16 5 20 23535317467708 511651054144
0 7 0 19 18 10 23547141908862 101691838168
0 6 13 19 18 19 23547141909034 39592391394
0 6 7 19 18 14 23556482006659 156211698249
0 7 1 19 6 19 23558816687515 27917658315
0 7 11 19 6 14 23563466143679 122098695044
0 0 6 19 1 22 23578415385833 90942872010
10 10 16 9 9 19 23579855990569 344632373855
10 10 17 9 9 10 23579855990569 344637540103
0 6 10 19 18 22 23586734300428 62979852344
0 7 6 19 6 22 23586734345830 36496372033
0 7 2 19 18 19 23586734345830 62099528750
11 14 10 16 12 7 23596125458582 112159467476
11 14 11 16 12 21 23596125504780 106587942115
11 16 11 16 5 17 23598205550946 109361660862
0 7 7 19 6 22 23623230717863 76771514584
0 7 6 19 18 6 23623230717863 76771514533
10 0 0 9 20 6 23632699079867 298361960178
11 17 11 16 20 7 23635152911742 143162277659
11 17 14 16 20 8 23635221616484 143162872074
10 0 1 9 19 1 23647002999054 196452943996
10 0 9 9 19 19 23647100568563 196355367445
0 7 0 19 18 19 23648833874580 36731138641
0 6 17 19 18 22 23649714152772 62979776140
0 0 7 19 1 22 23669358257843 191301699447
0 0 6 19 19 16 23669358257843 191301677514
0 0 1 19 19 11 23677953990340 182705924051
0 7 9 19 18 19 23685565013221 27128984181
10 0 11 9 19 14 23690869900233 240191560693
0 7 7 19 18 6 23700002232447 36496319432
11 14 9 16 12 11 23702713446895 218798908394
11 2 14 16 12 21 23702713446895 229889859515
11 17 10 16 20 9 23706772230443 214739914260
11 16 16 16 5 2 23707567211808 109360634807
11 14 7 16 12 7 23708284926058 112159300211
0 7 0 19 18 22 23712693928912 54479798847
0 7 6 19 18 9 23712693997402 23804587446
11 2 12 16 12 3 23725309807895 207293606521
0 7 6 19 18 10 23736498584848 28858563947
0 7 7 19 18 9 23736498584848 28858542500
10 11 2 9 16 12 23747359508380 288063351655
10 11 14 9 16 20 23747423692461 287999127852
10 11 17 9 16 5 23747488819816 287934287989
0 7 7 19 18 10 23765357148795 13719104468
0 7 0 19 18 12 23767173727759 54479865577
0 0 0 19 19 1 23777601056781 282353837522
11 14 0 16 20 19 23778315189401 143196689548
11 17 11 16 20 8 23778384488558 143127689166
0 7 4 19 18 0 23779076253263 13719053766
0 7 4 19 18 9 23792795307029 28858571256
0 7 11 19 18 0 23792795307029 28858588431
11 16 16 16 5 4 23816927846615 230044928348
11 16 17 16 5 2 23816927846615 230045019190
11 2 2 16 12 8 23820444226269 112159232119
0 7 4 19 18 12 23821653878285 22208699747
0 7 11 19 18 9 23821653895460 22208670994
10 0 1 9 19 19 23843455943050 93373850219
0 7 9 19 18 22 23843862566454 29489638400
0 7 11 19 18 12 23843862578032 29499893364
0 7 4 19 18 2 23843862578032 50526410571
0 0 6 19 19 6 23860659935357 121892978458
0 0 7 19 19 16 23860659957290 121934650437
0 7 1 19 18 22 23873352204854 29499273767
0 7 9 19 18 12 23873362471396 29489003814
0 7 11 19 18 2 23894388988603 50526564391
0 7 1 19 18 12 23902851478621 14021412945
0 7 6 19 18 18 23916872891566 14021448219
11 14 4 16 20 19 23921511878949 151219289466
11 14 0 16 20 4 23921512144703 302439598957
11 17 1 16 20 12 23921512177724 180887778634
11 14 1 16 12 11 23921512355289 270207247102
11 14 9 16 20 11 23921512355289 270207128629
10 10 10 9 22 16 23924484875025 706391513416
10 10 16 9 9 22 23924488364424 341934285498
10 10 17 9 9 19 23924493530672 341929114890
0 7 7 19 18 18 23930894339785 14021418722
10 0 0 9 20 19 23931061040045 357540656684
10 0 9 9 20 6 23931061460926 211318228423
11 2 14 16 12 16 23932603306410 273899877662
11 2 0 16 12 8 23932603458388 138678766105
11 2 2 16 12 21 23932603458388 138633454471
10 0 6 9 19 22 23936829793269 134319687158
10 11 10 9 19 19 23936829793269 195455394834
0 4 2 19 13 11 23944915758507 22208712299
0 4 0 19 13 16 23944915758507 22208701171
0 4 6 19 13 16 23967124459678 36482697419
0 4 0 19 13 11 23967124470806 15838421842
0 0 6 19 19 18 23982552913815 121930481370
0 0 7 19 19 6 23982594607727 121888813383
0 4 9 19 13 11 23982962892648 33316793923
0 4 0 19 13 6 23982962892648 33316784528
0 4 7 19 13 16 24003607157097 36482645119
0 4 0 19 13 1 24016279677176 54482015730
0 4 6 19 13 6 24016279686571 23810160070
10 11 2 9 16 20 24035422860035 146158447149
10 11 14 9 19 6 24035423107805 255466703347
0 4 6 19 13 18 24040089846641 28858239008
0 4 7 19 13 6 24040089846641 28858218029
11 16 16 16 5 20 24046972774963 183057847762
11 16 17 16 5 4 24046972865805 183057694426
0 0 0 19 19 19 24059954894303 282355020097
0 4 7 19 13 18 24068948085649 13718788148
0 4 0 19 13 19 24070761692906 54482071415
10 0 7 9 19 22 24071149480427 282547882884
10 0 6 9 20 16 24071149480427 282547864753
11 2 2 16 12 10 24071236912859 138678270747
11 2 0 16 12 21 24071282224493 138633021986
11 14 11 16 20 19 24072731168415 151220719020
0 4 4 19 13 13 24082666873797 13718934788
0 4 4 19 13 6 24096385808585 28858163549
0 4 11 19 13 13 24096385808585 28858212707
11 17 18 16 20 12 24102399956358 180887327461
0 0 7 19 19 18 24104483421110 57956740232
0 4 0 19 6 18 24125243764321 82689396571
0 4 4 19 13 19 24125243972134 26333409416
0 4 11 19 13 6 24125244021292 26333299086
10 11 10 9 19 14 24132285188103 195455543876
10 0 1 9 20 6 24142379689349 211317678662
0 11 0 19 13 6 24151577320378 100540270414
0 4 9 19 13 1 24151577320378 41503210617
0 4 11 19 13 19 24151577381550 41516841552
0 4 4 19 13 14 24151577381550 69522813513
0 0 4 19 19 13 24162440161342 57956752411
10 11 0 9 16 6 24181581307184 146158568101
11 14 1 16 20 11 24191719602391 128454150648
0 4 1 19 13 1 24193080530995 41516748181
0 4 9 19 13 19 24193094223102 41503055696
11 2 14 16 12 11 24206503184072 273898972957
0 4 0 19 6 7 24207933160892 82689398908
11 2 0 16 12 10 24209915246479 65915761604
0 0 4 19 19 6 24220396913753 121914195161
0 0 11 19 19 13 24220396913753 121914247985
0 4 11 19 13 14 24221100195063 69522647298
11 14 9 16 20 4 24223951887435 96221623370
11 16 14 16 5 12 24230030560231 234936637547
11 16 17 16 5 20 24230030622725 235014335360
11 16 16 16 5 5 24230030622725 469951889093
0 4 1 19 13 19 24234597279176 19733403888
0 11 6 19 13 6 24252117590792 100540939959
0 4 6 19 13 22 24254330683064 48395758904
0 11 0 19 13 19 24254330683064 36295180648
10 10 14 9 9 9 24266422645562 524678642481
10 10 17 9 9 22 24266422649922 524840728958
10 10 16 9 9 12 24266422649922 535424644411
11 2 6 16 12 5 24275831008083 65915505300
11 14 0 16 20 12 24283287283819 180887290165
10 0 0 9 20 9 24288601696729 357540839219
0 4 0 19 6 19 24290622559800 111516715579
0 4 9 19 6 7 24290622842361 56953094616
0 11 9 19 13 19 24290625863712 56951586214
0 11 0 19 13 9 24290625863712 113902975830
10 11 2 9 19 6 24290889811152 255466793821
0 4 7 19 13 22 24302726441968 101802356518
0 4 6 19 6 18 24302726441968 101802360124
11 14 9 16 20 17 24320173510805 110102817577
11 14 1 16 20 4 24320173753039 110102725503
10 11 11 9 16 6 24327739875285 218616804555
10 11 0 9 19 16 24327740731979 218616736630
10 11 10 9 19 9 24327740731979 403007476214
11 2 6 16 12 21 24341746513383 138655863252
11 2 11 16 12 5 24341746513383 138655912199
0 0 4 19 19 19 24342311108914 97757700528
0 0 11 19 19 6 24342311161738 97757589071
0 4 1 19 6 7 24347575936977 56953190774
0 11 1 19 13 19 24347577449926 56951490522
0 11 7 19 13 6 24352658530751 100540936765
10 0 7 9 20 16 24353697363311 164547108946
10 0 6 9 20 19 24353697368011 164491225476
0 4 0 19 6 8 24402139275379 111517355266
0 4 7 19 6 18 24404528802092 55858346019
0 11 0 19 13 22 24404528839542 121513964149
0 11 6 19 13 9 24404528940448 48670749248
0 4 6 19 6 19 24404529127751 55839060507
11 14 1 16 20 17 24430276478542 52341769411
0 0 9 19 19 1 24440068750809 117320566914
0 0 11 19 19 19 24440068809442 117359528014
0 0 4 19 19 14 24440068809442 339904939951
0 11 6 19 13 10 24453199689696 65866511103
0 11 7 19 13 9 24453199689696 65866492534
0 4 6 19 6 4 24460368188258 55857601380
0 4 7 19 6 19 24460387148111 55838695965
11 14 0 16 20 20 24464174573984 180887726503
11 16 2 16 5 12 24464967197778 235015406082
11 16 14 16 5 20 24465044958085 234937597677
11 2 6 16 12 11 24480402376635 107741478299
11 2 11 16 12 21 24480402425582 107741392137
11 14 6 16 20 2 24482618247953 52341727910
0 4 0 19 6 20 24513656630645 111517478887
0 4 7 19 6 4 24516225844076 26549956201
10 0 6 9 20 20 24518188593487 164548190076
10 0 7 9 20 19 24518244472257 164492353314
0 11 7 19 13 10 24519066200799 31312223662
0 11 0 19 13 12 24526042803691 121514129505
11 14 6 16 20 4 24534959975863 110102654576
11 14 7 16 20 2 24534959975863 110102685721
0 4 4 19 6 16 24542775800277 26549959190
10 11 11 9 19 16 24546357468609 148703363450
10 11 0 9 19 19 24546357468609 148653242972
0 11 4 19 13 0 24550378424461 31312228073
0 0 1 19 19 1 24557389317723 117357531967
0 0 9 19 19 19 24557428337456 117318790906
0 4 4 19 6 19 24569325759467 55848889362
0 4 11 19 6 16 24569325759467 55848911963
0 11 4 19 13 9 24581690652534 65866521895
0 11 11 19 13 0 24581690652534 65866545163
11 2 15 16 12 16 24588143817719 138275437754
11 2 11 16 12 11 24588143854934 138319912886
11 2 6 16 12 6 24588143854934 276597943641
0 4 4 19 6 20 24625174648829 43494562236
0 4 11 19 6 19 24625174671430 43494513546
10 10 10 9 22 6 24630876388441 706391315357
11 14 6 16 20 20 24645062630439 82090781207
11 14 7 16 20 4 24645062661584 82090722722
10 0 0 9 20 22 24646142535948 357540019848
0 11 4 19 13 12 24647557174429 50434601538
0 11 11 19 13 9 24647557197697 50434556502
0 4 9 19 6 8 24668669184976 52696485440
0 4 11 19 6 20 24668669211065 52714351596
0 4 4 19 6 9 24668669211065 143888930096
0 4 0 19 19 13 24674746849690 124067559531
0 0 1 19 19 19 24674747128362 111282822401
10 0 7 9 20 20 24682736825571 78212125039
10 11 0 9 19 20 24695010711581 148707624186
10 11 11 9 19 19 24695060832059 148657488574
0 11 9 19 13 22 24697991754199 63447858155
0 11 11 19 13 12 24697991775967 63469893917
0 11 4 19 13 2 24697991775967 140211910241
11 16 1 16 5 5 24699982555762 228508754508
11 16 2 16 5 20 24699982603860 152339582973
0 4 1 19 6 8 24721365670416 52713800313
0 4 9 19 6 20 24721383562661 52695917995
11 2 12 16 12 16 24726419255473 138322552075
11 2 15 16 12 11 24726463767820 138278022983
11 14 4 16 20 12 24727153384306 105355437426
11 14 7 16 20 20 24727153411646 105389190116
11 14 6 16 20 5 24727153411646 210745628809
10 11 10 9 19 22 24730748208193 403007337293
10 0 4 9 20 10 24760948950610 78212096843
0 11 1 19 13 22 24761439612354 63471773499
0 11 9 19 13 12 24761461669884 63449709530
0 11 0 19 6 16 24774079470729 82412689147
0 4 1 19 6 20 24774079480656 38478907439
0 0 11 19 19 14 24779973749393 339905132462
0 0 6 19 19 22 24786029950763 111283118300
10 10 2 9 9 9 24791101288043 524846019876
10 10 14 9 9 22 24791263378880 524683869938
0 4 0 19 19 6 24798814409221 124067425901
10 10 17 9 9 12 24801847294333 535422138650
0 4 11 19 6 9 24812558141161 165855955065
0 4 6 19 6 22 24812558388095 59930828808
0 4 2 19 19 19 24812558388095 110326643083
0 11 1 19 13 12 24824911385853 30168747836
11 14 11 16 20 12 24832508821732 105390286836
11 14 4 16 20 20 24832542601762 105356486974
0 11 11 19 13 2 24838203686208 140212125231
10 0 4 9 20 19 24839161047453 164521994143
10 0 11 9 20 10 24839161047453 164522057654
10 11 11 9 19 20 24843718335767 70679680918
11 16 0 16 5 6 24852322186833 152339578520
0 11 2 19 6 6 24855080133689 83824855529
0 11 6 19 13 18 24855080133689 50889241104
0 11 0 19 6 20 24856492159876 82412770528
11 2 7 16 12 6 24864741798575 198616038210
11 2 12 16 12 11 24864741807548 73157424441
0 4 7 19 6 22 24872489216903 126067040171
0 4 6 19 19 13 24872489216903 126067040111
0 0 7 19 19 22 24897313069063 111282874376
0 11 7 19 13 18 24905969374793 107047352782
0 11 6 19 6 16 24905969374793 107047352790
10 11 16 9 19 10 24914398016685 70679922346
0 4 0 19 19 19 24922885031178 55529244858
11 16 17 16 5 5 24928491310270 228510506287
11 14 10 16 20 5 24937899088736 109551905000
11 14 11 16 20 20 24937899108568 73034590536
11 2 2 16 12 14 24937899231989 152716040712
11 2 10 16 20 2 24937899231989 125458758354
0 11 0 19 6 6 24938904989218 39511003062
0 4 9 19 19 19 24978414276036 40036594434
0 11 9 19 6 6 24978415992280 42745052225
0 11 0 19 6 9 24978415992280 111315760826
10 11 16 9 19 19 24985077939031 148677802391
10 11 17 9 19 10 24985077939031 148677882664
0 4 7 19 19 13 24998556257074 59931310543
10 0 4 9 20 22 25003683041596 130585340078
10 0 11 9 20 19 25003683105107 130073854353
11 16 11 16 5 6 25004661765353 152340288685
0 4 0 19 19 8 25008595943439 111283191400
11 14 9 16 20 6 25010933699104 73034531185
0 11 7 19 6 16 25013016727583 50889254254
0 4 6 19 19 2 25018450870470 40036726696
0 11 6 19 6 19 25021161044505 42744923408
11 14 7 16 20 5 25047450993736 109551739579
0 4 6 19 19 6 25058487597166 48069580164
0 4 7 19 19 2 25058487597166 48069550057
11 2 11 16 12 6 25063357836785 332689868057
11 2 14 16 20 2 25063357990343 166346101227
11 2 10 16 20 4 25063357990343 275740200234
0 11 6 19 6 20 25063905967913 46474918955
0 11 7 19 6 19 25063905981837 46474845454
11 14 1 16 20 6 25083968230289 73034587277
0 11 0 19 6 22 25089731753106 111311062741
11 2 0 16 12 14 25090615272701 152716275277
0 4 7 19 19 6 25106557177330 22851789929
0 11 7 19 6 20 25110380886868 22093654381
0 4 0 19 19 14 25119879134839 80447404520
0 4 4 19 19 12 25129408967259 22851643215
0 11 4 19 6 10 25132474541249 22093619920
10 11 16 9 19 22 25133755741422 123364273395
10 11 17 9 19 19 25133755821695 123364145110
10 0 9 9 20 9 25133756959460 201623807165
10 11 10 9 20 19 25133756959460 403263596337
10 0 11 9 20 22 25134268381674 201383946484
10 0 4 9 20 12 25134268381674 425892869571
0 4 4 19 19 2 25152260610474 48069376751
0 4 11 19 19 12 25152260610474 48069413684
0 11 4 19 6 19 25154568161169 46474896023
0 11 11 19 6 10 25154568161169 46474920396
11 1 10 16 5 21 25157002817566 38100985245
11 1 0 16 5 8 25157002817566 106997081368
11 1 14 16 5 21 25195103802811 59878672397
11 1 10 16 5 11 25195103802811 119757166979
0 4 0 19 14 11 25200326539359 172301758709
0 4 4 19 19 14 25200329987225 41097397337
0 4 11 19 19 2 25200330024158 41097361941
0 11 4 19 6 22 25201043057192 37496997569
0 11 11 19 6 19 25201043081565 37496960348
11 2 2 16 20 2 25229704091570 166343841172
0 11 9 19 6 9 25238540041913 49600420885
0 11 11 19 6 22 25238540054761 49617625327
0 11 4 19 6 12 25238540054761 86399099215
0 4 4 19 19 20 25241427384562 63493442114
0 4 9 19 19 8 25241427386099 63493239486
0 4 11 19 19 14 25241427386099 63493367879
11 2 0 16 20 0 25243331547978 152716350546
11 1 2 16 5 21 25254982475208 59878675648
10 11 14 9 19 9 25257119966805 156923696708
10 11 17 9 19 22 25257120014817 156983188496
10 11 16 9 19 12 25257120014817 327823814077
11 1 11 16 5 8 25263999898934 106997098941
0 11 1 19 6 9 25288140462798 49617177415
0 11 9 19 6 22 25288157680088 49599955702
0 4 1 19 19 8 25304920625585 67711267132
0 4 9 19 19 14 25304920753978 67711124934
0 4 11 19 19 20 25304920826676 56420195756
11 1 10 16 5 1 25314860969790 137079590850
11 1 0 16 5 11 25314861150856 56136064586
10 10 2 9 9 22 25315947307919 249464724034
0 11 11 19 6 12 25324939153976 86399505348
10 0 1 9 20 9 25335380766625 201639782939
10 0 9 9 20 22 25335652328158 201368221857
10 10 10 9 22 19 25337267703798 774526429954
10 10 14 9 22 6 25337269432983 501184337140
0 11 1 19 6 22 25337757640213 23583451381
11 2 10 16 20 6 25339098190577 275740229765
0 11 6 19 6 5 25361341091594 24998885323
0 11 2 19 19 6 25361341091594 49997654984
11 1 0 16 5 12 25370997215442 73886287084
11 1 11 16 5 11 25370997215442 73886263044
0 4 0 19 14 6 25372628298068 261231310698
0 4 9 19 14 11 25372631878912 159309604250
0 4 1 19 19 14 25372631892717 38706783515
0 11 7 19 6 5 25386339976917 24998877718
11 2 11 16 20 0 25396047898524 125193934378
11 2 0 16 20 4 25396047932742 125153122879
0 4 6 19 19 15 25411338676232 90191502920
0 11 2 19 19 14 25411338746578 35899932084
0 9 6 19 1 18 25411338854635 28700331042
0 9 12 19 1 15 25411338854635 80597462871
0 11 13 19 19 6 25411338854635 100640455660
10 11 2 9 19 9 25414043663513 156994444078
10 11 14 9 19 22 25414103203313 156934893196
0 9 15 19 1 18 25440039185677 45104516078
0 9 6 19 1 21 25440039185677 90209134092
11 1 11 16 5 12 25444883502526 35124633670
0 11 9 19 19 14 25447238678662 56419534556
0 11 2 19 19 22 25447238678662 112838969381
11 1 10 16 5 14 25451940560640 137078266174
11 1 16 16 5 2 25480008136196 35124712603
0 9 7 19 1 18 25485143701755 45104772991
0 9 13 19 1 15 25491936317506 80597611855
0 4 7 19 19 15 25501530179152 189721401731
0 4 6 19 14 16 25501530179152 189721388273
0 11 7 19 19 14 25503658213218 56419598560
0 11 18 19 19 6 25511979310295 100640351061
11 1 16 16 5 11 25515132848799 73886212444
11 1 17 16 5 2 25515132848799 73886237797
11 2 0 16 20 13 25521201055621 125193191098
11 2 11 16 20 4 25521241832902 125152421363
0 9 6 19 1 1 25530248319769 103257217503
0 9 12 19 1 21 25530248474746 42285564094
0 4 1 19 14 11 25531941483162 159310052475
10 0 1 9 20 22 25537020550015 108632023719
10 11 10 9 20 4 25537020555797 276321945959
0 11 2 19 19 7 25560077648043 131174457061
0 11 13 19 19 22 25560077811778 52541845185
10 0 11 9 20 12 25560161251245 425894023306
10 10 0 9 9 5 25565412031953 249465147088
10 11 2 9 19 22 25571038107591 74614475796
0 9 12 19 1 0 25572534038840 55656164543
0 9 13 19 1 21 25572534038840 55656145647
10 11 17 9 19 12 25584943828894 327824769520
11 1 16 16 5 14 25589019061243 56658719699
11 1 17 16 5 11 25589019086596 56630002386
0 11 13 19 19 12 25612619656963 69275879694
0 11 18 19 19 22 25612619661356 69275857140
11 2 10 16 20 8 25614838420342 275741199201
0 9 13 19 1 0 25628190203383 26458366683
0 9 6 19 1 4 25633505537272 103257304338
0 4 0 19 14 1 25633859608766 261230099899
10 0 6 9 20 5 25645652573734 170203081758
10 11 0 9 19 5 25645652583387 98644361894
10 11 13 9 20 22 25645652583387 167690033631
11 17 10 16 5 11 25645649088982 178059352886
11 1 14 16 5 1 25645649088982 89018469806
11 1 17 16 5 14 25645677780942 89027385297
11 1 16 16 5 4 25645677780942 178030723059
11 2 11 16 20 13 25646394254265 59506395772
0 9 10 19 1 3 25654648570066 26458369427
0 9 10 19 1 21 25681106939493 55656140425
0 9 17 19 1 3 25681106939493 55656156025
0 11 18 19 19 12 25681895536657 32933040464
0 4 6 19 14 6 25691251567425 117696441266
0 4 7 19 14 16 25691251580883 117735504091
0 11 2 19 19 15 25691252105104 125785114209
11 2 16 16 20 15 25705900650037 59506016662
0 11 3 19 19 20 25714828577121 32933013025
11 1 2 16 5 1 25734667558788 89040986070
11 1 14 16 5 14 25734705166239 89003380385
0 9 10 19 1 4 25736763079918 44751244622
0 9 17 19 1 21 25736763095518 40766571282
10 11 11 9 19 5 25744296945281 207502051698
10 11 0 9 20 19 25744296945281 207502051687
0 11 3 19 19 22 25747761590146 69275865757
0 11 0 19 19 20 25747761590146 69275889453
11 2 16 16 20 4 25765406666699 125173181650
11 2 17 16 20 15 25765406666699 125173232615
0 9 15 19 1 1 25777529666800 72322037237
0 1 9 19 1 21 25777529666800 105014643018
0 9 17 19 1 4 25781514324540 70329984381
0 9 10 19 1 7 25781514324540 140659677964
0 4 6 19 14 18 25808948008691 117737293418
0 4 7 19 14 6 25808987084974 117698253686
10 11 10 9 20 22 25813342617018 99426145002
10 10 11 9 9 5 25814877179041 524759872411
10 10 0 9 22 16 25814877179041 524759816314
10 0 7 9 20 5 25815855655492 170199906224
0 11 3 19 19 15 25817037455903 52858374339
0 11 0 19 19 22 25817037479599 52858340693
11 17 0 16 5 11 25823708441868 270746746710
11 17 10 16 5 19 25823708544858 141704493708
11 1 2 16 5 14 25823708546624 72328655780
11 1 1 16 5 4 25823708546624 108492960136
10 10 2 9 22 6 25838453770123 501183264219
0 9 7 19 1 1 25849851704037 72322387247
0 9 15 19 1 4 25851844308921 70329757180
0 11 9 19 19 7 25869895820292 72492528656
0 11 0 19 19 15 25869895830242 72527614300
0 11 3 19 19 0 25869895830242 108763499256
0 1 16 19 1 21 25882544309818 105014315215
11 2 16 16 20 8 25890579848349 99422562855
11 2 17 16 20 4 25890579899314 99422476529
0 4 0 19 14 19 25895089708665 261231252831
11 1 0 16 5 20 25896037202404 72328787023
10 11 14 9 20 22 25912768762020 73286775838
0 9 0 19 1 7 25922174066101 56799793349
0 9 7 19 1 4 25922174091284 54056753126
0 4 7 19 14 18 25926685338660 55961275892
11 1 17 16 5 4 25932201506760 108493002244
0 11 7 19 19 7 25942388348948 72509013786
0 11 9 19 19 15 25942423444542 72507921610
10 11 11 9 20 19 25951798996979 98644376227
11 17 14 16 5 19 25965413038566 141702554728
11 1 11 16 5 20 25968365989427 72328637680
0 9 12 19 1 16 25976230844410 111192118672
0 1 9 19 1 4 25976230844410 116342304433
0 11 0 19 19 0 25978659329498 108763425492
0 9 17 19 1 7 25978973859450 56799603420
0 4 4 19 14 13 25982646614552 55961416948
10 11 0 9 20 2 25986055537858 64387832047
10 11 10 9 20 5 25986055561716 147325651344
0 1 14 19 1 21 25987558625033 105014552454
11 2 14 16 20 6 25990002375843 127600635387
11 2 17 16 20 8 25990002411204 127642669722
11 2 16 16 20 10 25990002411204 255240316104
0 9 6 19 19 11 26014897362734 72525281164
0 11 7 19 19 15 26014931366152 72491434722
0 1 1 19 1 15 26035773462870 56799794536
0 4 4 19 14 6 26038608031500 117716763961
0 4 11 19 14 13 26038608031500 117716812694
11 17 10 16 5 4 26040694509004 208123787726
11 10 13 19 6 6 26040694627107 113704422874
11 10 10 19 6 16 26040694627107 113704397840
10 11 0 9 20 4 26050443369905 78034982682
10 11 11 9 20 2 26050443373206 78034940156
0 9 15 19 19 11 26087422643898 76641560185
0 9 6 19 19 6 26087422754990 153282849013
0 11 13 19 19 1 26087422800874 91677622322
0 9 13 19 1 16 26087422963082 136947127297
0 9 12 19 19 16 26087422963082 136947063014
0 1 9 19 1 10 26092573148843 138697710083
0 1 6 19 1 15 26092573257406 70223320717
0 1 1 19 1 4 26092573257406 70199226785
11 17 11 16 5 11 26094455188578 270745758616
11 17 2 16 5 19 26107115593294 141702796296
10 10 10 9 22 9 26111794133752 774529619724
11 2 2 16 20 6 26117603011230 127639793962
11 2 14 16 20 8 26117645080926 127597697001
10 11 11 9 20 4 26128478352587 37096990895
10 11 10 9 20 8 26133381213060 147325890897
11 10 0 19 6 16 26154399024947 186784262621
11 10 10 19 6 6 26154399049981 81089859354
0 4 4 19 14 19 26156324795461 93632638515
0 4 11 19 14 6 26156324844194 93632556244
0 1 1 19 1 8 26162772484191 70225710114
0 1 6 19 1 4 26162796578123 70201649844
0 9 7 19 19 11 26164064204083 76641533529
10 11 16 9 20 7 26165575343482 37096994571
0 11 18 19 19 1 26179100423196 91677699310
10 11 16 9 20 2 26202672338053 78034979560
10 11 17 9 20 7 26202672338053 78035006924
0 9 13 19 19 16 26224370090379 65103009290
0 1 9 19 1 16 26231270858926 138697649783
0 1 6 19 1 8 26232998227967 33378659079
11 10 14 19 6 6 26235488909335 170575532046
11 10 10 19 6 19 26235488909335 170575495200
0 9 12 19 19 6 26240705737612 48767192695
11 2 1 16 20 10 26245242777927 124107981792
11 2 2 16 20 8 26245242805192 82738720195
11 17 10 16 5 12 26248818296730 299712218013
11 17 0 16 5 4 26248818389590 116382699909
0 4 9 19 14 1 26249957400438 120168934057
0 4 11 19 14 19 26249957433976 120210377270
0 4 4 19 14 14 26249957433976 240375990511
0 1 10 19 1 14 26266376887046 33378555120
0 9 6 19 19 1 26270778122506 91677655912
10 11 16 9 20 8 26280707317613 60054272066
10 11 17 9 20 2 26280707344977 60054228529
0 9 12 19 19 18 26289472930307 55802563431
0 9 13 19 19 6 26289473099669 55802513610
0 1 10 19 1 4 26299755442166 70213297213
0 1 7 19 1 14 26299755442166 70213323351
11 2 0 16 20 16 26327981525387 82738667420
10 10 0 9 22 19 26339637034342 334364979925
10 10 11 9 22 16 26339637051452 334476879305
10 11 14 9 20 5 26340761573506 79742646384
10 11 17 9 20 8 26340761589679 79769990885
10 11 16 9 20 11 26340761589679 136628485497
11 10 11 19 6 16 26341183287568 186784383344
0 9 13 19 19 18 26345275613279 26527874954
0 9 6 19 19 19 26362455778418 91677787070
11 17 0 16 5 17 26365201089499 163700068069
11 17 11 16 5 4 26365201089499 163700033581
11 2 17 16 20 10 26369350759719 124107798836
0 1 10 19 1 16 26369968739379 54558483581
0 1 7 19 1 4 26369968765517 54558437081
0 4 1 19 14 1 26370126334495 120207167096
0 4 9 19 14 19 26370167811246 120165664425
0 9 10 19 19 13 26371803488233 26527879943
0 9 10 19 19 6 26398331368176 55802499500
0 9 17 19 19 13 26398331368176 55802517146
11 10 10 19 6 9 26406064404535 278937380450
11 10 0 19 6 19 26406064441381 121903205918
11 2 11 16 20 16 26410720192807 82738454662
10 11 2 9 20 5 26420504219890 79769081748
10 11 14 9 20 8 26420531580564 79741712569
0 1 16 19 1 10 26424527202598 70021102677
0 1 7 19 1 16 26424527222960 70044858094
0 1 10 19 1 22 26424527222960 140064802331
0 9 10 19 19 19 26454133867676 41605371372
0 9 17 19 19 6 26454133885322 41605338593
10 11 17 9 20 11 26477390075176 136628341337
0 4 13 19 14 14 26490333475671 116880696672
0 4 1 19 14 19 26490333501591 77920515926
11 0 10 16 6 19 26493458647469 66873633382
11 0 0 16 6 11 26493458647469 187798067851
0 1 14 19 1 10 26494548305275 70043762162
0 1 16 19 1 16 26494572081054 70019977015
0 9 15 19 19 1 26495739223915 53396513521
0 9 17 19 19 19 26495739239048 53414663764
0 9 10 19 19 14 26495739239048 106810615455
10 11 2 9 20 8 26500273301638 37915094509
11 10 0 19 6 20 26527967647299 147748724295
11 10 11 19 6 19 26527967670912 147748647631
11 17 11 16 5 17 26528901157568 77821128817
10 11 0 9 20 20 26538188396147 37915099381
0 9 7 19 19 1 26549135737436 53414174762
0 9 15 19 19 19 26549153902812 53396002402
11 17 10 16 5 20 26548530514743 299712782605
11 0 14 16 6 19 26560332280851 105097144922
11 0 10 16 6 4 26560332280851 210193893893
0 1 17 19 1 22 26564592058069 94780229507
0 1 14 19 1 16 26564592067437 37957910109
0 4 6 19 14 22 26568254017517 77920470806
10 11 11 9 20 20 26576103495528 37915120601
0 9 0 19 19 14 26602549905214 60773031587
0 9 7 19 19 19 26602549912198 40515404396
0 1 1 19 1 17 26602549977546 70219060482
0 1 0 19 19 13 26602549977546 56822415654
0 4 11 19 14 14 26607214172343 116880562564
11 17 16 16 5 2 26606722286385 77821265841
10 16 13 9 10 6 26614018616129 60054275520
10 16 10 9 10 16 26614018616129 60054261408
0 9 12 19 19 22 26643065316594 40515154736
0 4 7 19 14 22 26646174488323 77920417325
0 1 7 19 1 22 26659372287576 153834280570
0 1 9 19 19 13 26659372393200 76917116924
0 1 0 19 19 6 26659372393200 127322823473
0 9 17 19 19 14 26663322936801 60772715251
11 0 2 16 6 19 26665429425773 105097012687
0 1 6 19 1 17 26672769038028 70218924190
10 10 0 9 22 20 26674002014267 334468001552
10 16 0 9 10 16 26674072877537 98652466615
10 16 10 9 10 6 26674072891649 42828506863
10 10 11 9 22 19 26674113930757 334356112458
11 10 11 19 6 20 26675716371594 70238121893
11 0 11 16 6 11 26681256715320 187797769530
0 9 13 19 19 22 26683580471330 40515255912
11 17 16 16 5 4 26684543552226 163699934204
11 17 17 16 5 2 26684543552226 163699986002
11 10 10 19 6 22 26685001784985 278939135759
10 16 14 9 10 6 26716901398512 90091645695
10 16 10 9 10 19 26716901398512 90091625303
0 13 0 19 14 4 26724095727242 20554893890
0 13 6 19 14 15 26724095727242 57723213223
0 1 1 19 19 13 26736289510124 76917228364
0 1 6 19 19 20 26742987962218 70218761444
0 13 9 19 14 4 26744650621132 32303605488
0 13 0 19 14 16 26744650621132 64607065783
11 10 16 19 6 10 26745954493487 70238001954
11 0 10 16 6 12 26770526174744 240596437264
11 0 0 16 6 4 26770526438460 98528142606
10 16 11 9 10 16 26772725344152 98652285122
0 13 1 19 14 4 26776954226620 32303592887
0 13 7 19 14 15 26781818940465 57723177539
0 1 0 19 19 22 26786695216673 127322422055
10 16 10 9 10 9 26806993023815 147324928823
10 16 0 9 10 19 26806993044207 64384598762
0 13 0 19 14 5 26809257686915 73951508492
0 13 6 19 14 16 26809257819507 30284490150
0 1 7 19 19 20 26813206723662 57753874830
0 1 6 19 19 6 26813206738488 57734109837
11 10 16 19 6 19 26816192495441 147748592155
11 10 17 19 6 10 26816192495441 147748641209
0 13 6 19 14 1 26839542309657 39860455966
0 13 7 19 14 16 26839542309657 39860441072
11 17 16 16 5 20 26848243486430 125136092367
11 17 17 16 5 4 26848243538228 125136009533
11 0 0 16 6 17 26869054581066 129682797330
11 0 11 16 6 4 26869054581066 129682757091
0 1 6 19 19 9 26870940848325 57753639039
0 1 7 19 19 6 26870960598492 57733894591
10 16 0 9 10 20 26871377642969 78035226120
10 16 11 9 10 19 26871377642969 78035183607
0 13 7 19 14 1 26879402765623 18949221899
0 13 0 19 14 17 26883209195407 73952153146
10 10 10 9 22 22 26886323753476 774530328180
0 13 4 19 14 13 26898351987522 18949220305
0 1 0 19 19 15 26914017638728 127322693685
0 13 4 19 14 16 26917301207827 39860385874
0 13 11 19 14 13 26917301207827 39860402014
0 1 7 19 19 9 26928694493083 27450940255
10 16 11 9 10 20 26949412869089 37097047281
10 16 10 9 10 22 26954317952638 147324082520
0 1 4 19 19 2 26956145433338 27450949754
0 13 4 19 14 17 26957161593701 30568443896
0 13 11 19 14 16 26957161609841 30552633427
11 10 16 19 6 22 26963941087596 113704373250
11 10 17 19 6 19 26963941136650 113704304144
11 17 14 16 5 12 26973379547761 166164669325
11 17 17 16 5 20 26973379578797 166221318894
11 17 16 16 5 5 26973379578797 284696294851
0 1 4 19 19 6 26983596383092 57744188382
0 1 11 19 19 2 26983596383092 57744214457
10 16 16 9 10 10 26986509916370 37097087734
0 11 0 19 14 16 26987714243268 96062307455
0 13 9 19 14 5 26987714243268 48022999326
0 13 11 19 14 17 26987730037597 48030399446
0 13 4 19 14 6 26987730037597 96046545648
11 0 11 16 6 17 26998737378396 61649741053
10 10 11 9 22 20 27008470043215 158981174588
11 0 10 16 6 20 27011122612008 240596761730
10 16 16 9 10 19 27023607004104 78035245646
10 16 17 9 10 10 27023607004104 78035351109
0 13 1 19 14 5 27035737242594 48039391580
0 13 9 19 14 17 27035760437043 48016197689
0 1 4 19 19 15 27041340571474 45873279176
0 1 11 19 19 6 27041340597549 45873235585
11 0 16 16 6 2 27060387119449 61649767293
11 10 14 19 6 9 27077645440794 156270404265
11 10 17 19 6 22 27077645460846 156321129194
11 10 16 19 6 12 27077645460846 232563611343
0 11 6 19 14 16 27083776550723 148672410445
0 11 0 19 14 11 27083776634174 77639090232
0 13 1 19 14 17 27083776634732 38713515909
0 13 13 19 14 6 27083776634732 58070461075
0 1 9 19 19 22 27087213833134 58874352175
0 1 11 19 19 15 27087213850650 58893550453
0 1 4 19 19 8 27087213850650 117766941261
10 16 10 9 19 20 27101642035158 223602868095
10 16 16 9 10 22 27101642249750 71207388550
10 16 17 9 10 19 27101642355213 71207138246
11 0 16 16 6 4 27122036886742 129682715548
11 0 17 16 6 2 27122036886742 129682750666
0 13 6 19 14 19 27122490150641 38713760146
11 17 2 16 5 12 27139544217086 166214859270
11 17 14 16 5 20 27139600897691 166158161365
0 13 11 19 14 6 27141847095807 58070393858
0 1 1 19 19 22 27146088185309 58892675853
0 1 9 19 19 15 27146107401103 58873446605
0 13 7 19 14 19 27161203910787 38713671134
0 11 9 19 14 11 27161415724406 77639138087
10 10 16 9 22 10 27167451217803 158981190314
10 17 10 9 10 19 27172849493459 271885438738
10 16 14 9 10 9 27172849493459 112226094032
10 16 17 9 10 22 27172849638300 112264087515
10 16 16 9 10 12 27172849638300 187992134709
0 11 0 19 14 6 27199917489665 116776360982
0 0 2 20 6 6 27199917581921 60070646131
0 0 0 20 6 16 27199917581921 60070631811
0 1 13 19 19 8 27204980847708 57263083484
0 1 1 19 19 15 27204980861162 38175457514
0 11 7 19 14 16 27232448961168 148672461701
11 10 2 19 6 9 27233915845059 156321426405
11 10 14 19 6 22 27233966590040 156270663822
0 11 1 19 14 11 27239054862493 77639044214
0 1 6 19 19 10 27243156318676 38175428660
11 0 16 16 6 20 27251719602290 102823272619
11 0 17 16 6 4 27251719637408 96232494250
11 17 17 16 5 5 27258075873648 284696128409
0 0 6 20 6 16 27259988213732 98679153567
0 0 0 20 6 6 27259988228052 42840323520
0 1 11 19 19 8 27262243931192 57263164845
0 1 7 19 19 10 27281331747336 38175426059
10 16 2 9 10 9 27285075587491 112264350030
10 16 14 9 10 22 27285113725815 112226209270
0 0 9 20 6 6 27302828551572 90116071308
0 0 0 20 6 19 27302828551572 90116050890
11 17 2 16 5 20 27305759076356 79004200470
11 10 17 19 6 12 27310209072189 232563130654
0 11 0 19 14 1 27316693850647 165577141517
0 11 6 19 14 6 27316693906707 64427674936
0 6 0 19 22 11 27319507173395 40182621820
0 6 6 19 22 16 27319507173395 112842991452
11 10 10 19 19 16 27319507173395 111642304372
10 16 10 9 19 21 27325244903253 223590334178
10 10 16 9 22 19 27326432408117 334422724368
10 10 17 9 22 10 27326432408117 334422859404
11 0 14 16 6 12 27347952131658 164888226997
11 11 10 16 6 4 27347952131658 260923692542
11 0 17 16 6 20 27354542874909 161594051540
11 0 16 16 6 5 27354542874909 323187109185
0 0 7 20 6 16 27358667367299 98679436010
0 6 9 19 22 11 27359689795215 63149928535
0 6 0 19 22 6 27359689795215 126300143260
10 16 17 9 10 12 27360841773009 187993778252
0 11 6 19 14 18 27381121581643 90391850163
0 11 7 19 14 6 27381121581643 90391829897
11 17 0 16 5 6 27384763276826 79004790079
11 10 2 19 6 22 27390237271464 74301449496
0 0 0 20 6 9 27392944602462 147364516667
0 0 6 20 6 19 27392944622880 64402194363
10 16 2 9 10 22 27397339937521 53360201636
0 6 1 19 22 11 27422839723750 63150402170
11 10 10 19 19 6 27431149477767 111642022767
0 6 7 19 22 16 27432350164847 112843022537
10 17 0 9 10 19 27444734932197 271887066911
10 16 0 9 10 5 27450700139157 130866900440
10 17 10 9 10 22 27450700139157 98142963195
0 0 6 20 6 20 27457346817243 78056506164
0 0 7 20 6 19 27457346817243 78056463398
11 17 11 16 5 6 27463768066905 79004148512
11 10 0 19 6 5 27464538720960 74301465240
0 11 7 19 14 18 27471513431806 42971455906
0 11 0 19 14 19 27482270992164 165577246062
0 6 0 19 22 1 27485989938475 144568806052
0 6 6 19 22 6 27485990125920 59203166890
11 0 2 16 6 12 27512840358655 164889621610
0 11 4 19 14 13 27514484887712 42971562047
11 0 14 16 6 20 27516136926449 161593055101
0 0 7 20 6 20 27535403323407 37107357417
11 10 11 19 6 5 27538840186200 123704703745
11 10 0 19 19 16 27538840186200 210863925639
0 0 0 20 6 22 27540309119129 147364691480
11 14 10 19 6 10 27542772215417 81159153640
11 14 0 19 6 15 27542772215417 155606061068
11 10 10 19 19 19 27542791500534 282795679537
11 10 14 19 19 6 27542791500534 141398103762
0 6 6 19 22 18 27545193292810 77922982837
0 6 7 19 22 6 27545193292810 77922957622
10 16 10 9 19 22 27548835237431 301503889536
10 16 14 9 19 21 27548835551261 154008168910
10 17 14 9 10 22 27548843102352 154004332820
10 17 10 9 10 2 27548843102352 308007676115
0 11 4 19 14 6 27557456449759 90391973971
0 11 11 19 14 13 27557456449759 90392004150
0 0 4 20 6 10 27572510680824 37107216608
10 16 11 9 10 5 27581567039597 275283637547
10 16 0 9 19 20 27581567039597 275283645578
11 11 14 16 6 4 27608875824200 260923742454
0 0 4 20 6 19 27609617897432 78056211487
0 0 11 20 6 10 27609617897432 78056477551
0 6 7 19 22 18 27623116275647 37043763579
11 14 14 19 6 10 27623931369057 81159056495
0 6 0 19 22 19 27630558744527 144567755464
0 11 4 19 14 19 27647848423730 69105274611
0 11 11 19 14 6 27647848453909 69105226343
0 6 4 19 22 13 27660160039226 37043618482
10 10 16 9 22 22 27660855132485 268159982995
10 10 17 9 22 19 27660855267521 268159698551
11 14 10 19 6 5 27662544889945 123704735605
11 11 10 16 6 16 27677729980265 452993056073
11 0 2 16 6 20 27677729981550 113248196460
11 0 1 16 6 5 27677729984094 226496400419
11 10 2 19 19 6 27684189604296 141398016130
0 0 0 20 19 16 27687673810609 171860246765
0 0 4 20 6 22 27687674108919 75078608368
0 0 11 20 6 19 27687674374983 75078332133
0 6 4 19 22 6 27697203657708 77923076683
0 6 11 19 22 13 27697203657708 77923103228
11 14 11 19 6 15 27698378276485 155605885494
10 16 2 9 19 21 27702843720171 154007865829
10 17 2 9 10 22 27702847435172 154003505380
11 14 2 19 6 10 27705090425552 81159200502
10 17 11 9 10 19 27716621999108 271886842855
0 11 9 19 14 1 27716953680252 91760335589
0 11 11 19 14 19 27716953698341 91790711702
0 11 4 19 14 14 27716953698341 157220397549
11 10 11 19 19 16 27749704111839 210864291700
0 0 9 20 6 9 27762752707116 108488945081
0 0 11 20 6 22 27762752717287 108535197320
0 0 4 20 6 12 27762752717287 134321073423
0 6 4 19 22 19 27775126734391 59751870495
0 6 11 19 22 6 27775126760936 59724604335
11 14 10 19 6 0 27786249625550 173877747999
11 14 0 19 6 5 27786249626054 67734663947
11 0 0 16 6 6 27790978178010 113249644869
0 11 1 19 14 1 27808714015841 91792089585
0 11 9 19 14 19 27808744410043 91761685327
11 10 10 19 19 9 27825587180071 310766419321
11 10 0 19 19 19 27825587620426 134999902365
0 6 9 19 22 1 27834851365271 93880076111
0 7 0 19 22 6 27834851365271 187786542448
0 6 11 19 22 19 27834878604886 93892138240
0 6 4 19 22 14 27834878604886 187759552304
10 16 10 9 19 0 27850339126967 301506115562
11 14 0 19 6 17 27853984290001 94897746086
11 14 11 19 6 5 27853984290001 94897724720
10 16 11 9 19 20 27856850685175 151008391636
10 17 10 9 10 5 27856850778467 328677333317
10 17 0 9 10 2 27856850940552 131658087794
10 16 0 9 19 22 27856851586000 150958772935
0 0 0 20 19 6 27859534057374 171860384683
11 11 2 16 6 4 27869799566654 260923701540
0 0 1 20 6 9 27871241652197 108557093326
0 0 9 20 6 22 27871287914607 108510820539
0 11 11 19 14 14 27874174095890 157220302401
0 0 11 20 6 12 27897073790710 134320911651
0 11 1 19 14 19 27900506105426 43629446273
11 0 11 16 6 6 27904227822879 113247523852
11 0 17 16 6 5 27904226384513 226496619719
0 6 1 19 22 1 27928731441382 93906792205
0 6 9 19 22 19 27928770743126 93867474306
10 10 14 9 22 9 27929014966072 321952381005
10 10 17 9 22 22 27929015115480 322057488737
10 10 16 9 22 12 27929015115480 930257715921
0 11 6 19 14 22 27944135551699 43629430251
11 14 11 19 6 17 27948882036087 45113414422
11 14 10 19 6 18 27960127373549 173879220329
11 10 0 19 19 20 27960587522791 164883377017
11 10 11 19 19 19 27960587522791 164883296496
0 0 1 20 6 22 27979798745523 51596005829
0 11 7 19 14 22 27987764981950 43629635948
10 17 0 9 10 4 27988509028346 178155452050
10 17 11 9 10 2 27988509028346 178155405926
11 14 16 19 6 12 27993995450509 45113536729
10 16 0 9 19 15 28007810358935 151008549473
10 16 11 9 19 22 28007859076811 150959873032
11 11 0 16 6 15 28017475346731 113248048474
0 7 9 19 22 6 28022637907719 204071154965
0 6 13 19 22 14 28022638217432 85354206745
0 6 1 19 22 19 28022638233587 79388081460
0 7 0 19 22 10 28022638233587 340305299633
0 0 0 20 19 19 28031394442057 280325972847
0 9 0 20 6 10 28031394617898 84286608690
11 0 10 19 16 6 28031394617898 99348430443
11 0 0 19 16 16 28031394617898 222070290516
0 0 9 20 19 6 28031394702361 140163313478
0 0 6 20 6 5 28031394751352 59751353649
0 9 6 20 6 15 28031394751352 157256195973
11 14 16 19 6 5 28039108987238 94897732251
11 14 17 19 6 12 28039108987238 94897763777
0 0 7 20 6 5 28091146105001 96553982754
0 0 6 20 19 16 28091146105001 178437426023
0 6 6 19 22 22 28102026315047 79388145000
0 6 11 19 22 14 28107992424177 179544886704
0 6 0 20 16 6 28107992424177 179544837158
0 9 9 20 6 10 28115681226588 84286440561
11 10 11 19 19 20 28125470899808 78383756281
11 11 10 16 6 5 28130723036338 301451504944
11 11 11 16 6 15 28130723395205 152627186760
11 11 0 16 6 16 28130723395205 152577278051
11 0 10 19 16 19 28130743048341 235130847081
11 0 14 19 16 6 28130743048341 117565553816
11 14 16 19 6 18 28134006719489 72554436969
11 14 17 19 6 5 28134006751015 72554373889
11 10 10 19 19 22 28136353599392 310766560020
10 16 10 9 19 1 28151845242529 301506000381
10 16 11 9 19 15 28158818949843 71775150153
10 17 11 9 10 4 28166664480396 84693262159
0 0 1 20 19 6 28171558015839 140163331981
0 6 7 19 22 22 28181414460047 124682984869
0 6 6 20 16 16 28181414460047 249840810248
10 17 10 9 10 8 28185528111784 328677955802
0 9 0 20 6 5 28187700087755 96554080766
0 9 7 20 6 15 28188650947325 157256270808
0 9 1 20 6 10 28199967667149 84286465404
11 10 16 19 19 10 28203854656089 78383739585
11 14 14 19 6 0 28206561124904 90629118145
11 14 17 19 6 18 28206561156458 90669905147
11 14 16 19 6 13 28206561156458 207881246660
0 7 1 19 22 6 28226709062684 204071158280
10 16 16 9 19 16 28230594099996 71775349759
11 0 2 19 16 6 28248308602157 117565553947
10 10 2 9 22 9 28250967347077 322064245056
10 10 14 9 22 22 28251072604217 321959643008
10 17 16 9 10 7 28251357742555 84693192061
11 0 11 19 16 16 28253464908414 222070375471
0 0 7 20 19 16 28269583531024 178437809018
11 10 16 19 19 19 28282238395674 164882517489
11 10 17 19 19 10 28282238395674 164883596098
11 11 0 16 6 1 28283300673256 152629448139
11 11 11 16 6 16 28283350581965 152579580314
0 9 0 20 6 0 28284254168521 162398391768
0 9 6 20 6 5 28284254168521 61653169176
0 6 0 20 16 19 28287537261335 268279437404
0 6 9 20 16 6 28287537310881 134139797855
11 14 2 19 6 0 28297190243049 90650402173
11 14 14 19 6 18 28297231061605 90649936233
10 16 16 9 19 22 28302369449755 150982286189
10 16 17 9 19 16 28302369449755 150982339903
0 7 6 19 22 2 28306097444916 124682883756
0 0 0 20 19 9 28311720414904 296306841325
0 0 6 20 19 19 28311721347820 136299797452
10 17 16 9 10 2 28336050934616 178155371857
10 17 17 9 10 7 28336050934616 178155428433
0 9 6 20 6 17 28345907337697 89177712089
0 9 7 20 6 5 28345907337697 89177695007
0 7 0 19 22 14 28362943533220 340305412043
11 0 10 19 16 9 28365873895422 272313866370
11 0 0 19 16 19 28365874156104 109661212760
11 2 10 19 6 12 28387840645222 90672238347
11 14 2 19 6 18 28387880997838 90631881890
11 14 1 19 6 13 28414442403118 207881370060
0 6 1 20 16 6 28421677108736 134139885005
0 7 7 19 22 2 28430780328672 155128766569
0 7 6 19 22 10 28430780328672 155077214511
0 6 7 20 16 16 28431255270295 249840133674
11 11 10 16 6 17 28432174541282 301451518379
0 9 7 20 6 17 28435085049786 42394166377
11 11 11 16 6 1 28435930162279 72546288260
0 9 0 20 6 18 28446652560289 162398382397
0 0 6 20 19 20 28448021145272 154642317857
0 0 7 20 19 19 28448021340042 154642181258
11 10 10 19 9 16 28447120159412 334529167146
11 10 16 19 19 22 28447120913163 161692886169
11 10 17 19 19 19 28447121991772 161691805280
10 16 16 9 19 1 28453351735944 117585703736
10 16 17 9 19 22 28453351789658 117585586669
11 0 0 19 16 20 28475535368864 147407746423
11 0 11 19 16 19 28475535368864 147407706122
0 9 4 20 6 12 28477479216163 42394142524
11 14 0 19 6 21 28478512879728 279786361750
11 2 10 19 6 20 28478512883569 76839514306
11 2 0 19 6 12 28478512883569 197599600972
11 11 16 16 6 13 28508476450539 72546208403
10 17 16 9 10 8 28514206306473 136416044054
10 17 17 9 10 2 28514206363049 136415934206
0 9 4 20 6 5 28519873358687 89177734544
0 9 11 20 6 12 28519873358687 89177764141
0 6 0 20 16 9 28555816698739 309795024384
0 6 6 20 16 19 28555816993741 125278415544
11 2 14 19 6 20 28555352397875 120759525532
11 2 10 19 6 5 28555352397875 241519186605
10 16 14 9 19 0 28570937376327 142466220052
10 16 17 9 19 1 28570937439680 142512876595
10 16 16 9 19 2 28570937439680 388947521540
10 16 10 9 22 10 28573031592133 342051404961
10 10 2 9 22 22 28573032247225 304123763243
11 11 16 16 6 16 28581022658942 152603760137
11 11 17 16 6 13 28581022658942 152603813792
0 7 6 19 22 5 28585857543183 155128421665
0 7 7 19 22 10 28585909095241 155076936619
0 0 7 20 19 20 28602663521300 73515322532
0 0 0 20 19 22 28608027256229 296308569955
0 9 4 20 6 18 28609051093231 68088290693
0 9 11 20 6 5 28609051122828 68088231243
11 10 14 19 19 9 28608813797052 247873757201
11 10 17 19 19 22 28608813799332 247952696665
11 10 16 19 19 12 28608813799332 253683624563
11 14 17 19 6 13 28622323773178 207881332395
11 0 11 19 16 20 28622943115287 70076052604
11 0 10 19 16 22 28638187761792 272315102951
10 17 14 9 10 5 28650622297255 171632095715
10 17 17 9 10 8 28650622350527 171686387514
10 17 16 9 10 11 28650622350527 379159277753
0 0 4 20 19 10 28676178843832 73516305454
0 9 9 20 6 0 28677139354071 85051900260
0 9 11 20 6 18 28677139383924 85091852349
0 9 4 20 6 13 28677139383924 195085845532
11 2 2 19 6 20 28676111923407 120759733316
11 2 11 19 6 12 28676112484541 197598851073
0 6 6 20 16 20 28681095409285 167518750089
0 6 7 20 16 19 28681095409285 167518703401
11 0 16 19 16 10 28693019167891 70076138296
0 7 0 19 22 18 28703248945263 340305774521
10 16 2 9 19 0 28713403596379 142515804886
10 16 14 9 19 1 28713450316275 142469108823
11 11 16 16 6 17 28733626419079 118579457205
11 11 17 16 6 16 28733626472734 118579368065
0 7 7 19 22 5 28740986031860 73733213200
0 0 4 20 19 19 28749695149286 154641759187
0 0 11 20 19 10 28749695149286 154642913687
11 14 11 19 6 21 28758299241478 279787151342
0 9 1 20 6 0 28762191254331 85069522527
0 9 9 20 6 18 28762231236273 85071042430
11 0 16 19 16 19 28763095306187 147407779860
11 0 17 19 16 10 28763095306187 147407827526
11 10 10 19 9 6 28781649326558 334529198231
11 2 0 19 6 5 28796871656723 76839767055
0 7 4 19 22 9 28814719245060 73733780820
10 17 2 9 10 5 28822254392970 171687128625
10 17 14 9 10 8 28822308738041 171632768017
11 2 10 19 6 13 28830205105573 207881224129
0 1 0 20 6 12 28847260776858 85091713971
0 9 1 20 6 18 28847302278703 85050208747
0 6 7 20 16 20 28848614159374 79636729588
11 11 14 16 6 5 28852205840799 154689279115
11 11 17 16 6 17 28852205876284 154689333065
11 11 16 16 6 6 28852205876284 286831982463
10 17 10 9 19 16 28855919401265 223079410033
10 16 2 9 19 1 28855919425098 103965972811
11 10 2 19 19 9 28856687554253 247949149133
11 10 14 19 19 22 28856766495997 247870177936
10 10 17 9 22 12 28859272831401 930255069879
11 10 17 19 19 12 28862497423895 253681788831
0 6 0 20 16 22 28865611723123 309794602229
0 9 13 20 6 13 28872225229456 195085729894
11 2 0 19 6 18 28873711423778 111411387111
11 2 11 19 6 5 28873711423778 111411366582
10 10 0 9 22 5 28877156010468 304123923173
0 7 4 19 22 10 28888453025880 155102046518
0 7 11 19 22 9 28888453025880 155102108444
0 0 0 20 9 16 28904335826184 316315197403
0 0 4 20 19 22 28904336908473 152013165255
0 0 11 20 19 19 28904338062973 152012007467
11 0 16 19 16 22 28910503086047 112905284018
11 0 17 19 16 19 28910503133713 112905198158
10 16 10 9 22 19 28915082997094 342051716565
0 6 4 20 16 10 28928250888962 79636535100
0 9 6 20 6 21 28932352487450 262564879628
0 1 6 20 6 12 28932352490829 185436236555
0 1 0 20 6 20 28932352490829 72109860815
10 16 17 9 19 2 28959884961220 448490243210
10 16 0 9 19 5 28959885397909 162166593181
10 16 13 9 22 22 28959885397909 297252228834
11 2 11 19 6 18 28985122810889 52963850886
10 17 2 9 10 8 28993941521595 81608866509
0 1 9 20 6 20 29004462351644 113326457054
0 1 0 20 6 5 29004462351644 226652661240
0 6 4 20 16 19 29007887424062 167519123934
0 6 11 20 16 10 29007887424062 167519177630
11 11 2 16 6 5 29006895119914 186071842397
11 11 14 16 6 17 29006895209349 132142714806
11 0 14 19 16 9 29023408331871 144904044626
11 0 17 19 16 22 29023408370065 144950439504
11 0 16 19 16 12 29023408370065 289852679028
10 17 17 9 10 11 29029781628280 379159144010
11 2 10 19 6 21 29038086392820 147465350474
11 2 16 19 6 3 29038086661775 47515289143
0 7 4 19 22 18 29043555072398 123098636996
0 7 11 19 22 10 29043555134324 123098537642
0 0 9 20 19 9 29056350070440 232176911443
0 0 11 20 19 22 29056350073728 232249149463
0 0 4 20 19 12 29056350073728 240309351496
0 9 11 20 6 13 29067310959350 195085557402
10 17 13 9 19 19 29075550388104 226527526326
10 17 0 9 10 20 29075550388104 137735361022
10 17 10 9 19 1 29078998811298 223079046284
11 2 16 19 6 5 29085601950918 99950080614
11 2 17 19 6 3 29085601950918 99950105257
11 10 2 19 19 22 29104636703386 117854465627
0 1 7 20 6 12 29117788727384 185436132383
0 1 1 20 6 20 29117788808698 113326275857
11 10 10 19 9 19 29116178524789 370122760680
11 10 14 19 9 6 29116179212726 236039261858
10 16 11 9 19 5 29122051991090 341124001159
10 16 0 9 22 10 29122051991090 341124001142
11 11 1 16 6 6 29139037924155 86423232986
0 7 9 19 22 14 29166653671966 160604773101
0 7 11 19 22 18 29166653709394 160604828070
0 7 4 19 22 22 29166653709394 297632044494
11 0 2 19 16 9 29168312376497 144948758251
11 0 14 19 16 22 29168358809569 144902290822
0 6 4 20 16 22 29175406547996 128338937809
0 6 11 20 16 19 29175406601692 128338841101
10 10 11 9 22 5 29181279933641 304124014694
11 2 16 19 6 21 29185552031532 72554436702
11 2 17 19 6 5 29185552056175 72554395218
0 9 7 20 6 21 29194917367078 262564486820
11 11 2 16 6 17 29192966962311 186071977303
10 17 11 9 10 20 29213285749126 289731352711
10 17 0 9 19 16 29213285749126 289731352672
0 0 0 20 9 6 29220651023587 316315274010
11 10 0 19 19 5 29222491169013 117854465832
11 11 17 16 6 6 29225461157141 181794977749
11 11 10 19 16 19 29225461157141 181794576037
0 1 6 20 6 5 29231115084555 72109865146
10 16 10 9 22 22 29257137626743 151237753658
11 2 14 19 6 13 29258106451393 96337796792
11 2 17 19 6 21 29258106468234 96373384043
11 2 16 19 6 6 29258106468234 165066098050
0 1 0 20 6 13 29262396516752 195085274066
0 0 1 20 19 9 29288526981883 232248323835
0 0 9 20 19 22 29288599223191 232176055344
0 0 11 20 19 12 29296659425224 240307717015
10 17 10 9 19 19 29302077914430 106863036961
0 1 6 20 6 18 29303224949701 104553509994
0 1 7 20 6 5 29303224949701 104553490503
0 6 9 20 16 9 29303745442793 164712381471
0 6 11 20 16 22 29303745485805 164765886356
0 6 4 20 16 12 29303745485805 329478049484
11 0 1 19 16 12 29313261100391 137498445587
11 0 2 19 16 22 29313261134748 95595561103
0 7 1 19 22 14 29327258445067 193515504689
0 7 9 19 22 18 29327258537464 137027281877
11 10 11 19 19 5 29340345634845 247911603132
11 10 0 19 9 16 29340345634845 247911594275
11 10 2 19 9 6 29352218474584 236038763171
11 2 2 19 6 13 29354444248185 96373210076
11 2 14 19 6 21 29354479852277 96337593473
11 11 0 16 6 19 29379038939614 186072120470
0 1 7 20 6 18 29407778459695 49703661578
10 16 14 9 22 22 29408375380401 108483133436
11 11 10 19 16 4 29407255733178 192772811026
11 11 14 19 16 19 29407256134890 171963412157
10 17 14 9 19 19 29408940951391 115905745070
10 17 10 9 19 2 29408940951391 301676811122
11 0 0 19 16 5 29408856695851 95596119110
11 2 17 19 6 6 29423172566284 165066083696
11 0 17 19 16 12 29450759545978 137498435875
11 2 2 19 6 21 29450817458261 45807131167
0 1 0 20 6 21 29457481853898 138388189330
0 1 4 20 6 3 29457482121273 44590437733
0 7 13 19 22 22 29464285819341 89637114526
10 16 11 9 22 10 29463175992249 162167381008
0 6 1 20 16 9 29468457824264 164765786283
0 6 9 20 16 22 29468511372161 164712206171
10 16 10 9 22 0 29485403948335 304124230134
11 10 10 19 9 9 29486301285469 370123962302
11 2 0 19 6 7 29496624589428 45807121411
0 1 4 20 6 5 29502072559006 93797773250
0 1 11 20 6 3 29502072559006 93797796544
10 17 11 9 19 16 29503017101837 137735814442
11 0 11 19 16 5 29504452814961 95595716730
10 16 0 9 22 11 29516858513837 108484842451
0 7 1 19 22 18 29520773949756 193514546051
0 0 1 20 19 22 29520775305718 110391357934
10 17 0 9 19 22 29524846696461 115906091250
0 0 0 20 9 19 29536966297597 362983753454
0 0 9 20 9 6 29536967142239 218402093637
11 2 11 19 6 7 29542431710839 45807144288
0 7 11 19 22 22 29553922933867 188555953995
0 7 0 20 16 19 29553922933867 188555483649
11 11 11 16 6 19 29565111060084 186072038297
11 11 2 19 16 19 29579219547047 171963589050
11 0 0 19 19 16 29588238855127 54276165424
11 10 11 19 9 16 29588257237977 171126921815
11 10 0 19 9 19 29588257237755 171071266321
11 0 2 19 19 11 29588257981853 54276167939
0 1 4 20 6 21 29595870332256 68088461790
0 1 11 20 6 5 29595870355550 68088422665
11 11 10 19 16 8 29600048531691 60999964247
10 16 0 9 22 19 29625343356288 130177338468
10 16 11 9 22 11 29625343373257 130177265202
0 0 6 20 19 5 29631166663652 110391513577
0 6 13 20 16 12 29633223578332 170275252925
0 6 1 20 16 22 29633223610547 102630147850
10 17 0 9 19 1 29640752787711 125913373400
10 17 11 9 19 22 29640752916279 125913189442
11 0 6 19 19 16 29642515020551 89160500112
11 0 0 19 19 11 29642534149792 38707828030
0 1 9 20 6 13 29663958778215 90410994440
0 1 11 20 6 21 29663958794046 90439917953
0 1 4 20 6 6 29663958794046 154906404070
11 11 0 19 16 11 29661048495938 90154668561
11 11 10 19 16 12 29661048495938 217904704793
11 0 9 19 19 11 29681241977822 81423348670
11 0 0 19 19 6 29681241977822 81423329903
10 17 10 9 19 5 29710617762513 301676515668
0 7 6 19 22 11 29714288495807 193514729583
11 0 7 19 19 16 29731675520663 89160394968
0 6 6 20 16 5 29735853758397 102630104849
0 0 7 20 19 5 29741558177229 232212894146
0 0 6 20 9 16 29741558177229 232212902311
0 7 0 20 16 4 29742478417516 198635764754
0 7 9 20 16 19 29742478887862 179419255821
0 1 1 20 6 13 29754369772655 90439888264
0 1 9 20 6 21 29754398711999 90410937051
11 11 0 19 16 4 29751203164499 87472744282
11 11 11 19 16 11 29751203164499 87503904004
0 0 1 20 9 6 29755369235876 218401874574
10 16 11 9 22 19 29755520694756 61884913669
11 10 0 19 9 20 29759328504076 171129380934
11 10 11 19 9 19 29759384159792 171073760307
11 0 0 19 19 1 29762665307725 133149539654
11 0 6 19 19 6 29762665326492 58189723256
10 17 11 9 19 1 29766666161111 59857653696
10 16 10 9 22 12 29789528178469 219936094759
0 6 11 20 16 12 29803498831257 170272123939
10 16 16 9 22 8 29817405608425 61884858202
0 1 11 20 6 6 29818865198116 154906447943
11 0 6 19 19 18 29820855049748 70527056755
11 0 7 19 19 6 29820855049748 70527017723
10 17 16 9 19 4 29826523814807 59857675639
0 6 7 20 16 5 29838483863246 102630328746
11 11 0 19 16 17 29838675908781 87505981076
11 11 11 19 16 4 29838707068503 87474823238
0 1 1 20 6 21 29844809660919 42987373643
11 10 10 19 9 22 29856425247771 370123068612
10 16 16 9 22 11 29879290466627 130176982849
10 16 17 9 22 8 29879290466627 130177073502
11 11 10 19 16 20 29878953200731 217904305300
10 17 16 9 19 22 29886381490446 125913019849
10 17 17 9 19 4 29886381490446 125913076594
0 1 6 20 6 7 29887797034562 42987481541
11 0 7 19 19 18 29891382106503 33527847154
11 0 0 19 19 19 29895814847379 133149491984
0 0 0 20 9 9 29899950051051 362984217812
0 7 7 19 22 11 29907803225390 193514098260
0 7 1 20 16 19 29921898143683 179419217692
11 0 4 19 19 13 29924909953657 33527792566
11 11 11 19 16 17 29926181891741 41592492710
0 1 7 20 6 7 29930784516103 42987334338
11 10 11 19 9 20 29930457920099 81339025814
0 7 0 20 16 8 29941114191992 64564053815
11 0 4 19 19 6 29958437746223 70526883818
11 0 11 19 19 13 29958437746223 70527133565
11 11 16 19 16 2 29967774384451 41592363985
0 0 7 20 9 16 29973771079540 170869473153
0 0 6 20 9 19 29973771110450 170810302789
0 6 6 20 19 16 29973771850441 52424741719
0 6 1 20 19 11 29973771850441 52424745811
0 7 6 20 16 11 30005678245807 95639165391
0 7 0 20 16 12 30005678245807 229452823142
10 16 10 9 12 6 30009464273228 467594579262
10 16 16 9 22 12 30009467449476 111546807659
10 16 17 9 22 11 30009467540129 111546720041
11 11 16 19 16 4 30009366748436 87491071910
11 11 17 19 16 2 30009366748436 87491277785
10 17 16 9 19 5 30012294510295 101595052720
10 17 17 9 19 22 30012294567040 101594967263
11 10 16 19 9 10 30011796945913 81338547940
0 6 10 20 19 16 30026196592160 86118887782
0 6 6 20 19 11 30026196596252 37387497488
11 0 0 19 20 16 30028964339363 154724705132
11 0 4 19 19 19 30028964630041 67892957148
11 0 11 19 19 6 30028964879788 67892695850
0 6 12 20 19 11 30063584093740 78645998429
0 6 6 20 19 6 30063584093740 78645980214
11 10 16 19 9 19 30093135493853 171072250762
11 10 17 19 9 10 30093135493853 171129125214
11 0 9 19 19 1 30096857575638 101515072945
11 11 10 19 19 6 30096857575638 251347789164
11 0 11 19 19 19 30096857587189 101552337042
11 0 4 19 19 14 30096857587189 120778239947
11 11 16 19 16 20 30096857820346 82800641019
11 11 17 19 16 4 30096858026221 82800435654
0 7 6 20 16 4 30101317411198 91931386777
0 7 7 20 16 11 30101317411198 91962308570
0 6 17 20 19 16 30112315479942 86119049442
10 17 14 9 19 2 30113889534303 134379925185
10 17 17 9 19 5 30113889563015 134430895201
10 17 16 9 19 8 30113889563015 234125341393
10 16 16 9 22 1 30121014257135 172334153412
10 16 14 9 22 0 30121014260170 172333642387
10 16 17 9 22 12 30121014260170 172333966988
0 6 6 20 19 1 30142230073954 128607755517
0 6 10 20 19 6 30142230092169 56204447905
0 0 6 20 9 20 30144581413239 170874401236
0 0 7 20 9 19 30144640552693 170815296091
11 11 16 19 16 5 30179658461365 127959699541
11 11 14 19 16 12 30179658461875 127895765839
11 11 17 19 16 20 30179658461875 127926627370
11 0 0 19 20 6 30183689044495 154724594547
0 7 6 20 16 17 30193248797975 91965745114
0 7 7 20 16 4 30193279719768 91934825035
0 6 10 20 19 18 30198434540074 68121416785
0 6 17 20 19 6 30198434540074 68121378944
11 0 1 19 19 1 30198372648583 101560785378
11 0 9 19 19 19 30198409924231 101523500655
11 0 11 19 19 14 30217635827136 120778169055
11 10 10 19 22 16 30226548316383 370123040066
0 7 0 20 16 20 30235131068949 229452940049
10 17 2 9 19 2 30248269459488 134416396308
10 17 14 9 19 5 30248320458216 134365385689
0 0 0 20 9 22 30262934268863 362983378342
0 6 17 20 19 18 30266555956859 32384180632
11 10 16 19 9 22 30264207744615 171130250555
11 10 17 19 9 19 30264264619067 171073375117
0 6 6 20 19 19 30270837829471 128607286752
0 7 7 20 16 17 30285214544803 43710984638
10 16 2 9 22 0 30293347902557 183714313475
10 16 14 9 22 12 30293348227158 183713955103
10 16 17 9 22 1 30293348410547 153232123023
0 6 15 20 19 13 30298940137491 32384205058
11 0 1 19 19 19 30299933433961 48272235217
11 11 2 19 16 12 30307554227714 127953480221
11 11 14 19 16 20 30307585089245 127922600652
11 11 17 19 16 5 30307618160906 127889711171
0 0 7 20 9 20 30315455848784 81216367386
0 7 4 20 16 2 30328925529441 43711023359
0 6 15 20 19 6 30331324342549 68121042191
0 6 7 20 19 13 30331324342549 68121246882
11 0 0 19 20 19 30338413639042 180934073566
11 0 9 19 20 6 30338413996191 108221391054
10 17 17 9 19 8 30348014904408 234125929895
11 0 6 19 19 22 30348205669178 66585537804
11 11 10 19 19 19 30348205669178 107569376302
0 7 4 20 16 4 30372636552800 91947718592
0 7 11 20 16 2 30372636552800 91947826070
10 17 2 9 19 5 30382685855796 63894669569
0 0 4 20 9 10 30396672216170 81216484679
0 6 6 20 20 16 30399445116223 153893930654
0 6 15 20 19 19 30399445384740 65139763209
0 6 7 20 19 6 30399445589431 65139538841
11 0 7 19 19 22 30414791206982 140066035168
11 0 6 19 20 16 30414791206982 140066024831
11 10 14 19 9 9 30435337994184 263609816617
11 10 17 19 9 22 30435337995170 263693527694
11 10 16 19 9 12 30435337995170 265730443571
11 11 2 19 16 20 30435507707935 63917655096
11 11 14 19 19 6 30435507872077 116545110679
10 17 0 9 19 17 30446580525365 67780288891
10 17 13 9 22 19 30446580533570 135560349470
11 0 1 19 20 6 30446635387245 108221825065
11 11 10 19 19 14 30455775045480 107568072796
0 7 4 20 16 20 30464584271392 82956213740
0 7 11 20 16 4 30464584378870 82956107573
0 6 12 20 19 1 30464585128272 101737397213
0 7 0 20 19 6 30464585128272 251883629866
0 6 7 20 19 19 30464585147949 101771730541
0 6 15 20 19 14 30464585147949 121324239667
0 0 4 20 9 19 30477888700849 170778306466
0 0 11 20 9 10 30477888700849 170848319504
10 16 10 9 12 19 30477058852490 707602756771
10 16 14 9 12 6 30477062182261 431867513665
10 16 2 9 22 12 30477062216032 105078665837
11 11 0 19 16 6 30499425363031 63917739375
10 17 11 9 19 17 30514360814256 67780223626
11 0 0 19 20 9 30519347712608 180933251124
0 7 4 20 16 5 30547540485132 128193000414
0 7 9 20 16 12 30547540486443 128134680269
0 7 11 20 16 20 30547540486443 128163762429
0 6 6 20 20 6 30553339046877 153894212514
11 11 2 19 19 6 30552052982756 116545251430
11 0 6 19 20 19 30554857231813 82592483593
11 0 7 19 20 16 30554857242150 82619783074
0 6 13 20 19 1 30566322525485 101772859778
0 6 12 20 19 19 30566356878490 101738499546
11 11 11 19 16 6 30563343102406 105255191402
11 11 0 19 19 16 30563343118276 105255165236
11 11 10 19 19 9 30563343118276 191705357558
10 16 0 9 22 14 30582140881869 244448968990
10 17 13 9 22 12 30582140883040 97343967988
10 14 0 9 9 20 30582141037882 77858695592
10 14 9 9 9 14 30582141037882 218647005267
10 17 1 9 22 19 30582141037882 272918886319
0 6 7 20 19 14 30585909387616 121324223538
11 10 10 19 22 6 30596671356449 370123586288
0 0 0 20 22 16 30625917647205 362984018072
11 0 6 19 20 20 30637449715406 82619963272
11 0 7 19 20 19 30637477025224 82592684634
0 0 4 20 9 22 30648667007315 170875284529
0 0 11 20 9 19 30648737020353 170805270052
10 14 4 9 9 20 30659999733474 122361021012
10 14 0 9 9 3 30659999733474 244721708920
0 6 13 20 19 19 30668095385263 48373530145
11 11 0 19 19 19 30668598283512 70387119885
11 11 11 19 19 16 30668598293808 70414334036
0 7 1 20 16 12 30675675166712 128191575755
0 7 9 20 16 20 30675704248872 128162475459
0 7 11 20 16 5 30675733485546 128133420320
10 17 14 9 22 12 30679484851028 152983626580
10 17 13 9 22 5 30679484851028 305966945593
11 10 2 19 9 9 30698947810801 263694532863
11 10 14 19 9 22 30699031522864 263610789133
11 0 0 19 20 22 30700280963732 180933897171
11 10 17 19 9 12 30701068438741 265727882088
0 6 6 20 20 19 30707233259391 181064229696
0 6 12 20 20 6 30707233611154 108194275808
0 6 10 20 19 22 30716468915408 66747460192
0 7 0 20 19 19 30716468915408 107738539927
11 0 7 19 20 20 30720069709858 39269921586
11 11 0 19 19 20 30738985403397 70420399832
11 11 11 19 19 19 30739012627844 70393180726
11 11 10 19 19 22 30755048475834 191705880664
11 0 4 19 20 10 30759339631444 39269926533
0 6 17 20 19 22 30783216375600 140405874935
0 6 10 20 20 16 30783216375600 140405864790
10 14 11 9 9 20 30782360754486 122360983047
10 14 1 9 9 14 30800788043149 218646719621
11 0 4 19 20 19 30798609557977 82605814945
11 0 11 19 20 10 30798609557977 82605849741
0 7 1 20 16 20 30803866742467 64039113791
0 7 9 20 19 6 30803866905866 116759712136
11 11 11 19 19 20 30809405808570 33470832337
0 6 13 20 20 6 30815427886962 108194333919
0 0 9 20 9 9 30819542290405 262798757641
0 0 11 20 9 22 30819542291844 262882499540
0 0 4 20 9 12 30819542291844 266174082324
0 7 0 20 19 14 30824207455335 107738473163
10 16 11 9 22 14 30826589850859 514206385016
10 16 0 9 12 16 30826589850859 514206350692
10 17 11 9 22 12 30832468477608 152983640033
11 11 16 19 19 10 30842876640907 33470804590
10 17 18 9 22 19 30855059924201 272918983716
0 7 6 20 16 6 30867905856258 64039169318
11 11 16 19 19 19 30876347445497 70407130071
11 11 17 19 19 10 30876347445497 70407180487
11 0 4 19 20 22 30881215372922 65539623310
11 0 11 19 20 19 30881215407718 65539273419
0 6 6 20 20 9 30888297489087 181064961912
10 14 0 9 9 9 30904721442394 280118121235
10 14 9 9 9 3 30904721737533 114713113683
10 16 2 9 12 6 30908929695926 431866516572
0 7 1 20 19 6 30920626618002 116759795698
0 6 10 20 20 19 30923622240390 82702864258
0 6 17 20 20 16 30923622250535 82732115396
0 7 7 20 16 6 30931945025576 105441448594
0 7 0 20 19 9 30931945928498 192051781825
0 7 6 20 19 16 30931945928498 105441422261
11 11 16 19 19 22 30946754575568 60134187024
11 11 17 19 19 19 30946754625984 60134111094
11 0 9 19 20 9 30946754681137 98256542260
11 11 10 19 20 19 30946754681137 196548065591
11 0 11 19 20 22 30946754996232 98289844530
11 0 4 19 20 12 30946754996232 207741168788
11 10 2 19 9 22 30962642343664 125338269135
11 10 10 19 22 19 30966794942737 392315787322
11 10 14 19 22 6 30966796320829 255093308513
10 17 13 9 22 21 30985451796621 355345565950
10 17 1 9 22 5 30985452117641 142526709436
0 0 0 20 22 6 30988901665277 362984344698
0 6 10 20 20 20 31006325104648 82734743760
0 6 17 20 20 19 31006354365931 82705513788
11 11 14 19 19 9 31006888737078 76498080977
11 11 17 19 19 22 31006888762592 76526353039
11 11 16 19 19 12 31006888762592 159809367664
10 14 9 9 9 7 31019434851216 150985152489
10 14 1 9 9 3 31019434851216 150985106147
0 7 6 20 19 19 31037387350759 70520297300
0 7 7 20 19 16 31037387350759 70544451632
11 0 1 19 20 9 31045011223397 98291554353
11 0 9 19 20 22 31045044840762 98257936756
0 6 6 20 20 22 31069362450999 181065727771
0 0 1 20 9 9 31082341048046 262880000703
0 0 9 20 9 22 31082424791384 262796226007
0 0 11 20 9 12 31085716374168 266171136752
11 11 2 19 19 9 31083386818055 76521438095
11 11 14 19 19 22 31083415115631 76493135031
0 6 17 20 20 20 31089059879719 39324145565
11 10 0 19 9 5 31087980612799 125338000826
0 7 6 20 19 20 31107907648059 70547555691
0 7 7 20 19 19 31107931802391 70523396027
0 7 0 20 19 22 31123997710323 192052457888
0 6 15 20 20 10 31128384025284 39324369300
10 17 1 9 22 8 31127978827077 187900661905
10 17 18 9 22 5 31127978907917 187900605658
11 0 1 19 20 22 31143302777750 52975902269
11 11 10 19 20 4 31143302777750 134729480665
11 0 11 19 20 12 31154496165020 207740687256
11 11 2 19 19 22 31159908256150 36370452866
0 6 15 20 20 19 31167708394584 82720297112
0 6 7 20 20 10 31167708394584 82720331897
11 11 17 19 19 12 31166698130256 159809225081
10 14 1 9 9 7 31170420003705 71776478889
0 7 7 20 19 20 31178455203750 33530863898
10 16 10 9 12 9 31184661609261 707602180925
10 14 0 9 9 15 31184839563629 280118675753
11 0 6 19 20 5 31196278680019 82979165545
11 11 0 19 19 5 31196278709016 48093038990
11 11 13 19 20 22 31196278709016 81753664913
0 7 4 20 19 10 31211986067648 33530890358
11 10 11 19 9 5 31213318613625 263653773975
11 10 0 19 22 16 31213318613625 263653743672
11 10 2 19 22 6 31221889629342 255082720113
10 14 6 9 9 13 31242196482594 71776773332
0 7 4 20 19 19 31245516958006 70533424001
0 7 11 20 19 10 31245516958006 70533474440
11 11 11 19 19 5 31244371748006 101165479584
11 11 0 19 20 19 31244371748006 101165479690
0 6 15 20 20 22 31250428691696 65622120466
0 6 7 20 20 19 31250428726481 65621767307
11 11 10 19 20 22 31278032373929 48475153197
11 0 7 19 20 5 31279257845564 82979241725
0 7 4 20 19 22 31316050382007 60231262811
0 7 11 20 19 19 31316050432446 60231187024
0 6 12 20 20 9 31316050493788 98401239203
0 7 0 20 20 19 31316050493788 196838130309
0 6 7 20 20 22 31316050812162 98435191094
0 6 15 20 20 12 31316050812162 208052190886
10 14 6 9 9 3 31313973255926 150985209791
10 14 7 9 9 13 31313973255926 150985247385
10 17 18 9 22 8 31315879513575 89325771225
11 11 14 19 20 22 31326507527126 35729601127
10 16 0 9 12 19 31340796212498 318640610695
10 16 11 9 12 16 31340796235875 318743358992
10 17 13 9 22 14 31340797362571 341633851024
0 0 1 20 9 22 31345221048749 124952423845
11 11 11 19 20 19 31345537227696 48093084293
0 0 0 20 22 19 31351886009975 389885080344
0 0 9 20 22 6 31351887510920 253039522497
11 10 10 19 22 9 31359110730059 392316116537
11 11 10 19 20 5 31362237087289 71829703229
11 11 0 19 20 2 31362237128253 31393210822
0 7 9 20 19 9 31376281619470 76571521646
0 7 11 20 19 22 31376281644818 76617537484
0 7 4 20 19 12 31376281644818 160045771084
11 11 0 19 20 4 31393630339075 38046303590
11 11 11 19 20 2 31393630339075 38046279761
10 17 5 9 22 1 31405205284800 89326014836
0 6 13 20 20 9 31414451732991 98436921905
0 6 12 20 20 22 31414486003256 98402651430
11 11 11 19 20 4 31431676642665 18086856132
11 11 10 19 20 8 31434066790518 71829542417
0 7 1 20 19 9 31452853141116 76655721055
0 7 9 20 19 22 31452899182302 76609674513
11 11 16 19 20 7 31449763498797 18086810073
10 14 6 9 9 15 31464958465717 121400430453
10 14 7 9 9 3 31464958503311 110594080176
0 0 6 20 9 5 31470173472594 124952345731
11 11 16 19 20 2 31467850308870 38046280375
11 11 17 19 20 7 31467850308870 38046296531
11 10 0 19 22 19 31476972357297 168743037636
11 10 11 19 22 16 31476972387600 168798940779
10 17 5 9 22 5 31494531299636 187900165495
10 17 10 9 22 1 31494531299636 187900223813
11 11 16 19 20 8 31505896589245 29279770615
11 11 17 19 20 2 31505896605401 29279743416
0 6 13 20 20 22 31512888654896 53051861058
0 7 0 20 20 4 31512888654896 134934132494
0 6 7 20 20 12 31524103003048 208054304525
0 7 1 20 19 22 31529508862171 36431677480
0 7 11 20 19 12 31536327415902 160045565528
11 11 14 19 20 5 31535176348817 38878619171
11 11 17 19 20 8 31535176359860 38892047046
11 11 16 19 20 11 31535176359860 66613738370
0 6 10 20 20 5 31565940515954 83108587367
0 7 6 20 19 5 31565940539651 48167852047
0 7 2 20 20 22 31565940539651 81882358057
10 14 4 9 9 9 31575552583487 196192167393
10 2 14 9 9 3 31575552583487 284903172655
11 11 2 19 20 5 31574054967988 38891959073
11 11 14 19 20 8 31574068406906 38878516117
10 14 7 9 9 15 31586358896170 190790399806
10 14 6 9 9 21 31586358896170 381579491453
0 0 7 20 9 5 31595125818325 262842063119
0 0 6 20 22 16 31595125818325 262842033182
0 0 1 20 22 6 31604927033417 253040810295
11 11 17 19 20 11 31601790098230 66613702885
0 7 7 20 19 5 31614108391698 101322756260
0 7 6 20 20 19 31614108391698 101322756255
11 11 2 19 20 8 31612946927061 18485712200
11 11 0 19 20 20 31631432639261 18485672517
0 7 0 20 20 22 31647822897708 48550255476
0 6 17 20 20 5 31649049103321 83108439412
11 10 0 19 22 20 31645715394933 168798742346
11 10 11 19 22 19 31645771328379 168742843042
11 11 11 19 20 20 31649918311778 18485687004
10 16 0 9 12 20 31659436823193 318742295977
10 16 11 9 12 19 31659539594867 318639605074
11 16 13 19 10 6 31668403998782 29279750966
11 16 10 19 10 16 31668403998782 29279741381
10 17 5 9 22 14 31682431465131 143413367752
10 17 10 9 22 5 31682431523449 143413284409
0 7 9 20 20 22 31696373153184 35784424982
11 16 0 19 10 16 31697683740163 48098343639
11 16 10 19 10 6 31697683749748 20881250629
0 7 7 20 20 19 31715431147958 48167808160
11 16 14 19 10 6 31718565000377 43924543992
11 16 10 19 10 19 31718565000377 43924532720
0 7 0 20 20 5 31732157542733 71940268063
0 7 6 20 20 2 31732157578166 31441405001
0 0 0 20 22 9 31741771090319 389885883369
11 16 11 19 10 16 31745782083802 48098414146
11 10 10 19 22 22 31751426846596 392317076164
0 7 6 20 20 4 31763598983167 38104998508
0 7 7 20 20 2 31763598983167 38104974763
11 16 10 19 10 9 31762489533097 71828576475
11 16 0 19 10 19 31762489544369 31390991274
10 14 11 9 9 9 31771744750880 196193767226
10 14 4 9 9 15 31777149295976 190789159893
11 16 0 19 10 20 31793880535643 38046548260
11 16 11 19 10 19 31793880535643 38046524907
0 7 7 20 20 4 31801703981675 18114699964
0 7 0 20 20 8 31804097810796 71940264338
0 7 4 20 20 7 31819818681639 18114679156
11 10 11 19 22 20 31814514171421 80231006759
10 17 14 9 22 21 31825844807858 196683461860
10 17 10 9 22 14 31825844832883 196772315335
10 17 5 9 22 7 31825844832883 295095271546
0 7 4 20 20 2 31837933360795 38104965209
0 7 11 20 20 7 31837933360795 38104982178
11 16 11 19 10 20 31831927083903 18086900059
11 16 10 19 10 22 31834318109572 71828902102
11 16 16 19 10 10 31850013983962 18086857013
0 0 6 20 22 19 31857967851507 167932318602
0 0 7 20 22 16 31857967881444 167987921925
10 2 15 9 9 3 31860455756142 284902039008
11 16 16 19 10 19 31868100840975 38046374836
11 16 17 19 10 10 31868100840975 38046432465
0 7 4 20 20 8 31876038326004 29324897276
0 7 11 20 20 2 31876038342973 29324869743
10 16 10 9 12 22 31892263790186 707602299655
11 10 16 19 22 10 31894745178180 80230855002
0 7 9 20 20 5 31905363212716 38938865687
0 7 11 20 20 8 31905363223280 38951276520
0 7 4 20 20 11 31905363223280 66715883141
11 16 10 19 19 20 31906147011674 109010191165
11 16 16 19 10 22 31906147215811 34718060605
11 16 17 19 10 19 31906147273440 34717927364
0 7 1 20 20 5 31944302078403 38950234527
0 7 9 20 20 8 31944314499800 38937809680
11 17 10 19 10 19 31940865200804 132603652432
11 16 14 19 10 9 31940865200804 54713712697
11 16 17 19 10 22 31940865276416 54732191510
11 16 16 19 10 12 31940865276416 91651388250
10 14 10 9 9 21 31967938455869 154107328950
10 14 11 9 9 15 31967938518106 146623124560
0 7 11 20 20 11 31972079106421 66715823609
10 16 11 9 12 20 31978179199941 151501141340
11 10 16 19 22 19 31974976033182 168768729852
11 10 17 19 22 10 31974976033182 168768801643
0 7 1 20 20 8 31983252312930 18514281420
0 7 6 20 20 20 32001766594350 18514255799
11 16 2 19 10 9 31995578913501 54733089966
11 16 14 19 10 22 31995597467926 54714534360
0 7 7 20 20 20 32020280850149 18514276690
11 16 10 19 19 21 32015157202839 109010588790
10 17 11 9 22 21 32022528269718 196726173052
10 17 14 9 22 14 32022617148218 196727747777
0 0 6 20 22 20 32025900170109 167990687906
0 0 7 20 22 19 32025955803369 167935089007
0 4 2 20 10 6 32038795126839 29324909790
0 4 0 20 10 16 32038795126839 29324900119
11 16 17 19 10 12 32032516664666 91651410851
11 16 2 19 10 22 32050312003467 26015123954
0 4 6 20 10 16 32068120026958 48172577077
0 4 0 20 10 6 32068120036629 20913501915
11 17 0 19 10 19 32073468853236 132605269082
11 16 0 19 10 5 32076327127421 63807752347
11 17 10 19 10 22 32076327127421 47845516938
0 4 9 20 10 6 32089033538544 43992275798
0 4 0 20 10 19 32089033538544 43992264717
0 4 7 20 10 16 32116292604035 48172625673
10 14 9 9 9 16 32114561642666 301473181449
10 2 14 9 9 15 32114561642666 315698924710
10 17 10 9 22 7 32120940104429 295094522187
10 14 7 9 9 21 32122045784819 154107530941
11 16 10 19 19 22 32124167791629 146867306174
11 16 14 19 19 21 32124168075517 75094806360
11 17 14 19 10 22 32124172644359 75092134675
11 17 10 19 10 2 32124172644359 150184276557
0 0 0 20 22 22 32131656973688 389891896967
10 16 16 9 12 10 32129680341281 151501067599
0 4 0 20 10 9 32133025803261 71939376009
0 4 6 20 10 19 32133025814342 31439452531
11 16 11 19 10 5 32140134879768 134221986656
11 16 0 19 19 20 32140134879768 134221990731
10 2 12 9 9 3 32145357795150 284902937088
11 10 16 19 22 22 32143744763034 135421328925
11 10 17 19 22 19 32143744834825 135421178568
0 4 6 20 10 20 32164465266873 38105152364
0 4 7 20 10 19 32164465266873 38105128482
0 0 7 20 22 20 32193890892376 79847906918
0 4 7 20 10 20 32202570419237 18114737763
0 4 0 20 10 22 32204965179270 71939566985
11 16 2 19 19 21 32199262881877 75094387084
11 17 2 19 10 22 32199264779034 75092255410
11 17 11 19 10 19 32206074122318 132605273293
0 4 4 20 10 10 32220685157000 18114711986
10 14 0 9 22 6 32219254442770 196779809278
10 17 11 9 22 14 32219344895995 196689754438
0 4 4 20 10 19 32238799868986 38105081806
0 4 11 20 10 10 32238799868986 38105139300
0 0 4 20 22 10 32273738799294 79847843341
0 4 0 20 19 20 32276904746255 109179046872
0 4 4 20 10 22 32276904950792 34771546970
0 4 11 20 10 19 32276905008286 34771413574
11 16 10 19 19 0 32271035097803 146868400234
10 2 2 9 9 14 32276153315760 154107434644
11 16 11 19 19 20 32274356870499 73521496367
11 17 10 19 10 5 32274356920916 160503662783
11 17 0 19 10 2 32274357034444 64322574919
11 16 0 19 19 22 32274357268961 73496464233
10 16 16 9 12 19 32281181408880 318688193479
10 16 17 9 12 10 32281181408880 318688316087
11 10 14 19 22 9 32279166013393 162746609178
11 10 17 19 22 22 32279166091959 162800216838
11 10 16 19 22 12 32279166091959 467356954332
0 11 0 20 10 19 32311676421860 132799874260
0 4 9 20 10 9 32311676421860 54797076172
0 4 11 20 10 22 32311676497762 54816113590
0 4 4 20 10 12 32311676497762 91793207847
11 17 0 19 10 4 32338679609363 86988979259
11 17 11 19 10 2 32338679609363 86988955299
0 0 4 20 22 19 32353586642635 167963354804
0 0 11 20 22 10 32353586642635 167963426167
11 16 0 19 19 15 32347853733194 73520872096
11 16 11 19 19 22 32347878366866 73496289797
0 4 1 20 10 9 32366473498032 54817675133
0 4 9 20 10 22 32366492611352 54798560593
0 4 0 20 19 21 32386083793127 109178704816
0 4 11 20 10 12 32403469705609 91793076557
10 14 4 9 22 6 32416034252048 207911944634
10 14 0 9 22 19 32416034626616 415823423686
10 17 1 9 22 9 32416034650433 248703994964
10 14 1 9 9 16 32416034824115 371507393735
10 14 9 9 22 16 32416034824115 371507231940
0 4 1 20 10 22 32421291173165 26055522315
11 16 10 19 19 1 32417903498037 146868932444
11 16 11 19 19 15 32421374656663 34945015784
11 17 11 19 10 4 32425668588622 41353604507
10 2 14 9 9 4 32430260567376 376319100610
10 2 0 9 9 14 32430260750404 190534729737
10 2 2 9 9 15 32430260750404 190471440796
11 17 10 19 10 8 32434860583699 160503907741
0 11 6 20 10 19 32444476296120 132800975792
0 4 6 20 10 5 32447346695480 63905793470
0 11 0 20 10 22 32447346695480 47920354696
11 10 2 19 22 9 32441912622571 162800386192
11 10 14 19 22 22 32441966308797 162746990532
11 16 16 19 19 16 32456319672447 34945050722
11 17 16 19 10 7 32467022193129 41353649062
0 4 0 20 19 22 32495262497943 147118470728
0 4 9 20 19 21 32495262782166 75209806602
0 11 9 20 10 22 32495267050176 75206750314
0 11 0 20 10 2 32495267050176 150413714634
11 16 16 19 19 22 32491264723169 73508230918
11 16 17 19 19 16 32491264723169 73508259020
0 4 7 20 10 5 32511252488950 134428221633
0 4 6 20 19 20 32511252488950 134428225582
11 17 16 19 10 2 32508375842191 86988888931
11 17 17 19 10 7 32508375842191 86988918349
0 0 4 20 22 22 32521549997439 134738931789
0 0 11 20 22 19 32521550068802 134738782141
0 4 1 20 19 21 32570472588768 75208529183
0 11 1 20 10 22 32570473800490 75207077979
11 16 16 19 19 1 32564772954087 57254592761
11 16 17 19 19 22 32564772982189 57254531858
0 11 7 20 10 19 32577277271912 132800559161
11 17 16 19 10 8 32595364731122 66610378898
11 17 17 19 10 2 32595364760540 66610321919
10 16 16 9 12 22 32599869602359 253513174111
10 16 17 9 12 19 32599869724967 253512966946
11 16 10 19 22 10 32604713008763 174746164753
11 10 2 19 22 22 32604713299329 152291895180
10 2 2 9 9 0 32620732191200 190536898917
10 2 0 9 9 15 32620795480141 190473694414
10 14 11 9 22 6 32623946196682 207912006012
11 16 14 19 19 0 32622027514047 69366947203
11 16 17 19 19 1 32622027546848 69397488746
11 16 16 19 19 2 32622027546848 189198638845
0 4 0 20 19 0 32642380968671 147119348630
0 4 7 20 19 20 32645680714532 73652245697
0 11 0 20 10 5 32645680764810 160703362427
0 11 6 20 10 2 32645680878469 64397166652
0 4 6 20 19 22 32645681117951 73627730825
0 0 9 20 22 9 32656288850943 161902250500
0 0 11 20 22 22 32656288929228 161956939366
0 0 4 20 22 12 32656288929228 465453553144
10 17 18 9 22 9 32664738645397 248698486271
11 17 14 19 10 5 32661975082459 83811047494
11 17 17 19 10 8 32661975110020 83842012944
11 17 16 19 10 11 32661975110020 185137702553
11 16 2 19 19 0 32691394461250 69409209043
11 16 14 19 19 1 32691425035594 69378646469
0 11 6 20 10 4 32710078045121 87099067131
0 11 7 20 10 2 32710078045121 87099043148
0 4 6 20 19 15 32719308848776 73653417543
0 4 7 20 19 22 32719332960229 73629357537
11 17 2 19 10 5 32745786129953 83835543132
11 17 14 19 10 8 32745817122964 83804542009
11 10 17 19 22 12 32746523046291 467356767598
11 10 0 19 22 5 32757005194509 152291799252
11 17 10 19 19 16 32760803670293 109571789105
11 16 2 19 19 1 32760803682063 50422788132
11 16 10 19 22 19 32779459173516 174745944261
0 4 0 20 19 1 32789500317301 147119053417
10 14 1 9 22 16 32787542217850 176610973907
0 4 7 20 19 15 32792962317766 35008259326
0 11 7 20 10 4 32797177112252 41405921244
0 11 0 20 10 8 32806384127237 160703622897
10 2 14 9 9 16 32806579667986 376318649322
10 2 0 9 9 0 32811269174555 90563015068
0 0 1 20 22 9 32818191101443 161951974867
0 0 9 20 22 22 32818245868594 161897507164
11 16 17 19 19 2 32811226185693 217774508326
11 16 0 19 19 5 32811226470195 79089414119
11 16 13 19 22 22 32811226470195 142981641276
0 4 4 20 19 16 32827970577092 35008308821
10 14 9 9 22 19 32831858202694 132294705175
11 17 2 19 10 8 32829621673085 39846936924
0 11 4 20 10 7 32838583033496 41405918937
11 17 17 19 10 11 32847112812573 185137784219
10 16 14 9 12 9 32853382691913 325358515829
10 16 17 9 12 22 32853382776470 325464420232
10 16 16 9 12 12 32853382776470 650825861527
0 4 4 20 19 22 32862978885913 73641008642
0 4 11 20 19 16 32862978885913 73641036775
11 17 13 19 19 19 32869468610009 110478309169
11 17 0 19 10 20 32869468610009 67305577115
11 17 10 19 19 1 32870375459398 109571401163
0 11 4 20 10 2 32879988952433 87099037653
0 11 11 20 10 7 32879988952433 87099067159
11 16 11 19 19 5 32890315884314 166367860564
11 16 0 19 22 10 32890315884314 166367860503
10 2 6 9 9 12 32901832189623 90563210393
10 14 0 9 22 9 32913437131668 248702471880
11 10 11 19 22 5 32909296993761 152291466101
0 4 4 20 19 1 32936619894555 57356969652
0 4 11 20 19 22 32936619922688 57356908548
11 17 11 19 10 20 32936774187124 141579702590
11 17 0 19 19 16 32936774187124 141579702541
11 16 10 19 22 22 32954208111471 74792760881
0 11 4 20 10 8 32967087990086 66694289166
0 11 11 20 10 2 32967088019592 66694232040
10 14 9 9 22 20 32964152907869 151380366959
10 14 1 9 22 19 32964153191757 151380243248
0 4 0 20 22 10 32980143076310 173488110888
0 0 1 20 22 22 32980143375758 151763197688
11 17 10 19 19 19 32979946919178 52303857283
0 4 9 20 19 0 32993976831236 69502954190
0 4 11 20 19 1 32993976864207 69526241813
0 4 4 20 19 2 32993976864207 189579951764
10 2 6 9 9 15 32992395400016 190503130376
10 2 11 9 9 12 32992395400016 190503196097
0 11 9 20 10 5 33033782251632 83910305639
0 11 11 20 10 8 33033782279252 83938835333
0 11 4 20 10 11 33033782279252 185368246910
11 16 14 19 22 22 33029000872352 53386197152
11 17 14 19 19 19 33032250776461 56704360575
11 17 10 19 19 2 33032250776461 147538946913
0 4 1 20 19 0 33063479785426 69526685499
0 4 9 20 19 1 33063503106020 69503376886
11 16 11 19 22 10 33056683744878 79089505426
11 16 10 19 22 0 33061588459862 152291612201
11 17 11 19 19 16 33078353889714 67305635046
11 16 0 19 22 11 33082387069504 53386200232
11 17 0 19 19 22 33088955137036 56704349930
0 11 1 20 10 5 33117692557271 83939522559
0 11 9 20 10 8 33117721114585 83910957058
10 14 1 9 22 20 33115533435005 71964664897
0 0 11 20 22 12 33121742482372 465453370680
0 0 6 20 22 5 33131906573446 151763206358
0 11 0 20 19 16 33133006470925 109583864836
0 4 1 20 19 1 33133006482906 50550617417
11 16 0 19 22 19 33135773269736 63826543027
11 16 11 19 22 11 33135773269736 63826503644
0 4 0 20 22 19 33153631187198 173488110137
11 17 0 19 19 1 33145659486966 61567090811
11 17 11 19 19 22 33145659524760 61566994947
10 14 0 9 22 22 33162139603548 248702979684
10 16 2 9 12 9 33178741207742 325467533885
10 16 14 9 12 22 33178847196702 325361479768
0 4 11 20 19 2 33183556815971 218278711538
0 4 6 20 19 5 33183557100323 79208222448
0 4 2 20 22 22 33183557100323 143565286296
10 2 6 9 9 16 33182898530392 148029046477
10 2 11 9 9 15 33182898596113 148028930866
11 17 10 19 19 5 33179789723374 147540473120
10 14 6 9 22 10 33187498099902 71964566906
0 11 1 20 10 8 33201632079830 39897262233
11 16 11 19 22 19 33199599812763 30342487343
11 17 11 19 19 1 33207226577777 29268351910
0 11 11 20 10 11 33219150526162 185368488514
11 16 10 19 22 12 33213880072063 110227714233
11 16 16 19 22 8 33229942300106 30342365815
0 11 2 20 19 19 33241529342063 110644244569
0 11 6 20 10 20 33241529342063 67380677097
0 11 0 20 19 1 33242590335761 109583191805
11 17 16 19 19 4 33236494929687 29268373637
0 4 7 20 19 5 33262765322771 166617712095
0 4 6 20 22 10 33262765322771 166617712065
10 14 6 9 22 19 33259462666808 151380256567
10 14 7 9 22 10 33259462666808 151380298297
11 16 16 19 22 11 33260284665921 63826367923
11 16 17 19 22 8 33260284665921 63826417538
11 17 16 19 19 22 33265763303324 61567130625
11 17 17 19 19 4 33265763303324 61567160616
0 0 7 20 22 5 33283669779804 151763107715
0 11 7 20 10 20 33308910019160 141737783656
0 11 6 20 19 16 33308910019160 141737783622
0 4 0 20 22 22 33327122386619 74713319175
11 16 10 19 12 6 33324107786296 230359549872
11 16 16 19 22 12 33324111033844 54974516428
11 16 17 19 22 11 33324111083459 54974468558
10 2 15 9 9 4 33330927526979 189983477876
10 2 11 9 9 16 33330927576869 190049045610
10 2 6 9 9 5 33330927576869 380029655367
11 17 16 19 19 5 33327330433949 49678384627
11 17 17 19 19 22 33327330463940 49678339373
0 11 0 20 19 19 33352173586632 52345607807
11 17 14 19 19 2 33377008803313 65697682341
11 17 17 19 19 5 33377008818576 65719404048
11 17 16 19 19 8 33377008818576 114562098310
11 16 16 19 22 1 33379085550272 84932891212
11 16 14 19 22 0 33379085552017 84932622028
11 16 17 19 22 12 33379085552017 84932792880
0 4 9 20 22 22 33401835705794 53377896207
0 11 9 20 19 19 33404519194439 56754624913
0 11 0 20 19 2 33404519194439 147679957248
10 14 6 9 22 22 33410842923375 112866533910
10 14 7 9 22 19 33410842965105 112866455480
0 4 7 20 22 10 33429383034866 79208328279
0 4 0 20 22 0 33435432887519 151763223702
0 11 7 20 19 16 33450647802816 67380580329
11 17 2 19 19 2 33442706485654 65719022365
11 17 14 19 19 5 33442728222624 65697279655
0 4 6 20 22 11 33455213602001 53377780708
0 11 6 20 19 22 33461273819352 56754526061
11 16 2 19 22 0 33464018174045 90452561976
11 16 14 19 22 12 33464018344897 90452373533
11 16 17 19 22 1 33464018441484 75644139266
11 17 17 19 19 8 33491570916886 114562078802
10 16 1 9 12 12 33504208676470 316457871834
10 16 2 9 12 22 33504208741627 210970824831
0 4 6 20 22 19 33508591382709 63859890048
0 4 7 20 22 11 33508591382709 63859850931
11 17 2 19 19 5 33508425508019 31237129821
0 11 6 20 19 1 33518028345413 61628197035
0 11 7 20 19 22 33518028383145 61628101297
10 2 12 9 9 4 33520911004855 190046238583
10 2 15 9 9 16 33520976622479 189980597236
10 14 4 9 22 9 33523709420585 144852024177
10 14 7 9 22 22 33523709457285 144900280672
10 14 6 9 22 12 33523709457285 289753242417
11 17 0 19 19 17 33539662637840 33235295286
11 17 13 19 22 19 33539662637840 66470440727
0 11 0 20 19 5 33552199151687 147680063047
11 16 10 19 12 19 33554467336168 350970530236
11 16 14 19 12 6 33554470718430 212893122741
11 16 2 19 22 12 33554470736021 51662284471
0 4 7 20 22 19 33572451272757 30358249479
0 11 7 20 19 1 33579656542448 29297379644
11 17 11 19 19 17 33572897933126 33235256750
0 4 0 20 22 12 33587196111221 109828105995
0 4 4 20 22 8 33602809522236 30358327084
0 11 4 20 19 4 33608953922092 29297365969
11 16 0 19 22 14 33606133020492 120547045693
11 17 13 19 22 12 33606133078567 47829732593
11 14 0 19 9 20 33606133189876 38102278760
11 14 9 19 9 14 33606133189876 107000551845
11 17 1 19 22 19 33606133189876 133983112821
0 4 4 20 22 11 33633167849320 63859710893
0 4 11 20 22 8 33633167849320 63859760055
0 11 4 20 19 22 33638251288061 61628164203
0 11 11 20 19 4 33638251288061 61628194283
11 14 4 19 9 20 33644235468636 59880507704
11 14 0 19 9 3 33644235468636 119760903281
11 17 14 19 22 12 33653962811160 75168015625
11 17 13 19 22 5 33653962811160 150335831676
10 14 11 9 22 9 33668561444762 144901310806
10 14 4 9 22 22 33668609737957 144852999231
0 4 0 20 12 6 33697024217216 230291156466
0 4 4 20 22 12 33697027560213 54949347195
0 4 11 20 22 11 33697027609375 54949299706
0 11 4 20 19 5 33699879452264 49727210093
0 11 11 20 19 22 33699879482344 49727164627
11 14 11 19 9 20 33704115976340 59880577174
10 2 7 9 9 5 33710957232236 260028515673
10 2 12 9 9 16 33710957243438 102505593915
10 16 0 9 12 5 33715179566458 210971758419
11 14 1 19 9 14 33713133741721 107000487968
11 16 11 19 22 14 33726680066185 253576837344
11 16 0 19 12 16 33726680066185 253576821822
11 17 11 19 22 12 33729130826785 75168004435
0 11 9 20 19 2 33749606646971 65764637514
0 11 11 20 19 5 33749606662357 65787563600
0 11 4 20 19 8 33749606662357 114658383687
11 17 18 19 22 19 33740116302697 133981798098
0 4 4 20 22 1 33751976907408 84894155186
0 4 9 20 22 0 33751976909081 84893888018
0 4 11 20 22 12 33751976909081 84894057674
11 14 0 19 9 9 33763996371917 137083239058
11 14 9 19 9 3 33763996553514 56137780370
11 16 2 19 12 6 33767363841171 212893026844
11 17 13 19 22 21 33804298642836 175958725948
11 17 1 19 22 5 33804298831220 69799255291
0 11 1 20 19 2 33815371284485 65787826954
0 11 9 20 19 5 33815394225957 65764879110
10 14 10 9 22 12 33813462737188 161831106777
10 14 11 9 22 22 33813462755568 107888320124
10 2 2 9 9 18 33813462837353 194081903364
10 2 10 9 22 10 33813462837353 157523075917
10 16 17 9 12 12 33820666548304 316457586135
11 14 9 19 9 7 33820134333884 73888616058
11 14 1 19 9 3 33820134333884 73888591807
0 4 1 20 22 0 33836870797099 90448071029
0 4 9 20 22 12 33836870966755 90447883810
0 4 11 20 22 1 33836871062594 75557623551
0 11 11 20 19 8 33864265046044 114658302831
0 11 1 20 19 5 33881159111439 31269632244
11 17 1 19 22 8 33874098086511 92099441323
11 17 18 19 22 5 33874098100795 92099412284
11 14 1 19 9 7 33894022949942 35125903111
11 14 0 19 9 15 33901079610975 137083343470
0 11 6 20 19 17 33912428743683 33247357617
0 11 2 20 22 19 33912428743683 66494688873
11 16 10 19 12 9 33905437866404 350973188030
10 14 9 9 22 5 33921351075692 107886907701
0 4 0 20 12 19 33927315373682 352237244212
0 4 9 20 12 6 33927318850565 213198793513
0 4 1 20 22 12 33927318868128 51604506058
10 16 11 9 12 5 33926151324877 210973141274
11 14 6 19 9 13 33929148853053 35125820540
0 11 7 20 19 17 33945676101300 33247442503
11 14 6 19 9 3 33964274673593 73888514901
11 14 7 19 9 13 33964274673593 73888534476
10 2 11 9 9 5 33970985747909 424722584804
10 2 14 9 22 10 33970985913270 212361496992
10 2 10 9 22 19 33970985913270 351623380982
11 17 18 19 22 8 33966197527834 43783525008
0 4 6 20 22 14 33978923374186 120763350380
0 11 2 20 22 12 33978923432556 47854609942
0 9 6 20 9 20 33978923543803 38074298084
0 9 12 20 9 14 33978923543803 106921748127
0 11 13 20 22 19 33978923543803 134013455978
10 14 7 9 22 12 33975293843965 161831206849
11 16 0 19 12 19 33980256888007 158747171005
11 16 11 19 12 16 33980256903529 158837226830
11 17 13 19 22 14 33980257368784 165605992020
10 2 0 9 9 18 34007544740717 194081728170
0 9 15 20 9 20 34016997841887 59836496363
0 9 6 20 9 3 34016997841887 119672934241
11 17 5 19 22 1 34009981052842 43783114302
0 11 9 20 22 12 34026778042498 75207724923
0 11 2 20 22 5 34026778042498 150414936063
10 14 1 9 22 5 34029237983393 107887162002
11 14 6 19 9 15 34038163188494 59418374674
11 14 7 19 9 3 34038163208069 54115418148
11 17 5 19 22 5 34053764167144 92099427612
11 17 10 19 22 1 34053764167144 92099457385
0 9 7 20 9 20 34076834338250 59836619578
0 9 13 20 9 14 34085845291930 106922029384
0 4 7 20 22 14 34099686724566 254030191720
0 4 6 20 12 16 34099686724566 254030176888
0 11 7 20 22 12 34101985767421 75207397529
11 14 4 19 9 9 34092278626217 96031640857
11 2 14 19 9 3 34092278626217 139342901682
11 14 7 19 9 15 34097581563168 93380614086
11 14 6 19 9 21 34097581563168 186760666508
0 11 18 20 22 19 34112936999781 134013448503
0 9 6 20 9 9 34136670776128 136982317032
0 9 12 20 9 3 34136670957828 56096467897
0 4 1 20 12 6 34140517644078 213199238363
10 1 10 9 12 15 34137125145395 55055001578
10 1 0 9 12 14 34137125145395 154608056241
11 16 0 19 12 20 34139004059012 158762208939
11 16 11 19 12 19 34139094130359 158672187409
11 17 5 19 22 14 34145863594756 70120270920
11 17 10 19 22 5 34145863624529 70120228235
0 11 2 20 22 21 34177192978561 176524361488
0 11 13 20 22 5 34177193164950 69757268696
10 2 2 9 22 10 34183347410262 212361160277
0 9 12 20 9 7 34192767425725 73834250844
0 9 13 20 9 3 34192767425725 73834226695
10 1 14 9 12 15 34192180146973 86523120509
10 1 10 9 12 16 34192180146973 173045988947
11 14 11 19 9 9 34188310267074 96032059418
11 14 4 19 9 15 34190962177254 93380116767
10 2 0 9 22 1 34201626468887 194082063621
11 17 14 19 22 21 34215983852764 96162091188
11 17 10 19 22 14 34215983865676 96211027074
11 17 5 19 22 7 34215983865676 144279043503
11 2 15 19 9 3 34231621527899 139342910611
0 11 13 20 22 8 34246950433646 92070857389
0 11 18 20 22 5 34246950448284 92070828394
0 9 13 20 9 7 34266601676569 35100073970
11 16 10 19 12 22 34256411054434 350975585352
0 9 6 20 9 15 34273653093160 136982675796
0 4 0 20 12 9 34279552617894 352237442870
10 1 2 9 12 15 34278703267482 86523098692
11 14 10 19 9 21 34284342294021 75321627177
11 14 11 19 9 15 34284342326492 71862959159
10 1 11 9 12 14 34291733201636 154607966345
0 9 10 20 9 13 34301701750539 35100011933
11 16 11 19 12 20 34297766317768 75453074108
11 17 11 19 22 21 34312145943952 96188161167
11 17 14 19 22 14 34312194892750 96188807429
10 2 10 9 22 5 34322609294252 351622888374
0 9 10 20 9 3 34336801762472 73834240788
0 9 17 20 9 13 34336801762472 73834260538
0 11 18 20 22 8 34339021291035 43769494526
0 4 6 20 12 19 34353716901454 159513372896
0 4 7 20 12 16 34353716916286 159567007204
0 11 2 20 22 14 34353717340049 164913473970
11 14 9 19 9 16 34356205285651 148337299742
11 2 14 19 9 15 34356205285651 154102065382
10 1 10 9 12 17 34365226135920 198075244061
10 1 0 9 12 16 34365226366174 81115083612
11 14 7 19 9 21 34359663921198 75321786726
11 17 10 19 22 7 34360262909179 144279474310
11 2 12 19 9 3 34370964438510 139342967084
0 11 3 20 22 1 34382790785561 43769498999
11 16 16 19 12 10 34373219391876 75452785061
10 2 11 9 22 1 34395708532508 159525471117
10 2 0 9 22 19 34395708570539 159471243561
0 9 10 20 9 15 34410636003260 59377685128
0 9 17 20 9 3 34410636023010 54074162248
11 14 0 19 22 6 34408334105119 96208120937
11 17 11 19 22 14 34408383700179 96158724619
0 11 3 20 22 5 34426560284560 92070763337
0 11 0 20 22 1 34426560284560 92070793047
11 2 2 19 9 14 34434985707924 75321765291
10 1 0 9 12 9 34446341449786 106763583958
10 1 11 9 12 16 34446341449786 106763550323
11 16 16 19 12 19 34448672176937 158718083746
11 16 17 19 12 10 34448672176937 158718147623
0 9 15 20 9 9 34464710185258 95965955943
0 1 9 20 9 3 34464710185258 139222536058
0 9 17 20 9 15 34470013688388 93314628111
0 9 10 20 9 21 34470013688388 186628660430
0 4 6 20 12 20 34513230274350 159570005970
0 4 7 20 12 19 34513283923490 159516407465
11 14 4 19 22 6 34504542226056 101784538564
11 14 0 19 22 19 34504542383489 203569081250
11 17 1 19 22 9 34504542424798 121753440532
11 14 1 19 9 16 34504542585393 181873551007
11 14 9 19 22 16 34504542585393 181873464941
0 11 3 20 22 14 34518631047897 70037419273
0 11 0 20 22 5 34518631077607 70037376723
11 2 14 19 9 4 34510307351033 183904633753
11 2 0 19 9 14 34510307473215 93114444683
11 2 2 19 9 15 34510307473215 93083737013
10 1 11 9 12 9 34553105033744 50754237810
10 2 0 9 22 2 34555179814100 159527601113
10 2 11 9 22 19 34555234003625 159473425485
0 9 7 20 9 9 34560676141201 95966304637
0 9 15 20 9 15 34563328316499 93314096654
10 1 10 9 12 18 34563301379981 198075453974
0 11 9 20 22 21 34588668454330 96050280362
0 11 0 20 22 14 34588668467170 96094533085
0 11 3 20 22 7 34588668467170 144110903545
0 1 16 20 9 3 34603932721316 139222117360
10 1 16 9 12 10 34603859271554 50754314557
11 2 2 19 9 0 34603391210228 93111825239
11 2 0 19 9 15 34603421917898 93081161292
11 14 11 19 22 6 34606326764620 101784836757
11 16 16 19 12 22 34607390260683 126159231951
11 16 17 19 12 19 34607390324560 126159123977
0 4 0 20 12 22 34631790060764 352239056309
11 17 18 19 22 9 34626295865330 121753522007
0 9 0 20 9 21 34656642413153 75244859349
0 9 7 20 9 15 34656642445838 71835174991
10 1 16 9 12 16 34654613586111 106763479064
10 1 17 9 12 10 34654613586111 106763514260
0 4 7 20 12 20 34672800330955 75844933587
10 2 10 9 22 14 34674232182626 351623350677
0 11 7 20 22 21 34684718734692 96073751422
0 11 9 20 22 14 34684763000255 96074013815
11 14 1 19 22 16 34686416136400 86461309161
11 2 14 19 9 16 34694211984786 183904143433
11 2 0 19 9 0 34696503079190 44257756663
11 14 9 19 22 19 34708111601377 64765652671
10 2 11 9 22 2 34714707429110 75824507956
0 9 12 20 9 16 34728477620829 148412509741
0 1 9 20 9 15 34728477620829 153899147877
0 9 17 20 9 21 34731887272502 75244791822
0 11 0 20 22 7 34732779370715 144110557421
0 1 14 20 9 3 34743154838676 139221984088
11 16 14 19 12 9 34733549448537 161914264601
11 16 17 19 12 22 34733549492634 161965639700
11 16 16 19 12 12 34733549492634 323879224647
0 4 4 20 12 10 34748645264542 75844933637
11 2 6 19 9 12 34740760835853 44257687364
11 14 0 19 22 9 34748049387337 121753599035
10 1 16 9 12 18 34761377065175 81869285093
10 1 17 9 12 16 34761377100371 81830520837
0 9 6 20 22 6 34780792486114 96097286952
0 11 7 20 22 14 34780837014070 96052955422
11 14 9 19 22 20 34772877254048 74109257839
11 14 1 19 22 19 34772877445561 74109193922
10 2 16 9 22 11 34790531937066 75824399350
11 2 6 19 9 15 34785018523217 93097831455
11 2 11 19 9 12 34785018523217 93097865454
0 1 1 20 9 14 34807132064324 75244825983
0 4 4 20 12 19 34824490198179 159542634997
0 4 11 20 12 10 34824490198179 159542699086
10 17 10 9 12 16 34843207621208 257289072961
10 1 14 9 12 17 34843207621208 128628797828
10 1 17 9 12 18 34843246350268 128642781249
10 1 16 9 12 19 34843246350268 257250413980
11 14 1 19 22 20 34846986639483 35230619576
10 2 16 9 22 19 34866356336416 159499428812
10 2 17 9 22 11 34866356336416 159499492636
0 9 15 20 22 6 34876889773066 101698342108
0 9 6 20 22 19 34876889928136 203396514095
0 11 13 20 22 9 34876889969492 121650803688
0 9 13 20 9 16 34876890130570 181719879520
0 9 12 20 22 16 34876890130570 181719792614
11 14 0 19 22 22 34869802986372 121753743682
0 1 9 20 9 4 34882376768706 183710997525
0 1 6 20 9 14 34882376890307 93013913968
0 1 1 20 9 15 34882376890307 92984111052
11 2 6 19 9 16 34878116354672 72340872422
11 2 11 19 9 15 34878116388671 72340812619
11 14 6 19 22 10 34882217259059 35230780018
11 16 2 19 12 9 34895463713138 161965086722
11 16 14 19 12 22 34895515132334 161913633397
11 14 6 19 22 19 34917448039077 74108999084
11 14 7 19 22 10 34917448039077 74109021173
11 2 15 19 9 4 34950457201290 92861403584
11 2 11 19 9 16 34950457227094 92904314361
11 2 6 19 9 5 34950457227094 185736440882
0 1 1 20 9 0 34975361001359 93014906113
0 1 6 20 9 15 34975390804275 92985146633
10 1 2 9 12 17 34971836419036 128660384090
10 1 14 9 12 18 34971889131517 128607671110
0 9 7 20 22 6 34978588115174 101698464005
0 4 4 20 12 22 34984032833176 126776071088
0 4 11 20 12 19 34984032897265 126775962687
0 11 18 20 22 9 34998540773180 121650535873
11 14 6 19 22 22 34991557038161 55254572126
11 14 7 19 22 19 34991557060250 55254530843
10 2 16 9 22 14 35025855765228 126705719109
10 2 17 9 22 19 35025855829052 126705611025
11 2 12 19 9 4 35043318604874 92875113391
11 2 15 19 9 16 35043361541455 92832162932
11 14 4 19 22 9 35046811591093 70913628050
11 14 7 19 22 22 35046811610287 70937714915
11 14 6 19 22 12 35046811610287 141850879051
0 9 13 20 22 16 35058610010090 86387907042
0 1 9 20 9 16 35066087766231 183710454356
0 1 6 20 9 0 35068375950908 44211112145
11 16 1 19 12 12 35057428765731 157483020489
11 16 2 19 12 22 35057428799860 104988740615
0 9 12 20 22 19 35080286579179 64711145140
10 17 0 9 12 16 35100496694169 411100865197
10 1 1 9 12 19 35100496802627 153400264038
10 17 10 9 12 6 35100496803126 213885058371
10 1 2 9 12 18 35100496803126 102266528975
0 4 9 20 12 9 35110808859952 162722761531
0 4 11 20 12 22 35110808904264 162788463108
0 4 4 20 12 12 35110808904264 325481759806
0 1 10 20 9 12 35112587063053 44211563792
0 9 6 20 22 9 35120191309053 121650317280
11 14 11 19 22 9 35117725219143 70937305142
11 14 4 19 22 22 35117749325202 70913201572
0 9 12 20 22 20 35144997724319 74046515927
0 9 13 20 22 19 35144997917132 74046451707
11 2 7 19 9 5 35136193704387 114652464290
11 2 12 19 9 16 35136193718265 52468860169
0 1 10 20 9 15 35156798626845 92999819683
0 1 7 20 9 12 35156798626845 92999853721
10 2 14 9 22 5 35152561440077 162615805202
10 2 17 9 22 14 35152561484337 162667279030
10 2 16 9 22 0 35152561484337 325281688240
11 16 0 19 12 5 35162417540475 104989168122
11 14 11 19 22 22 35188662526774 61244690466
11 14 10 19 22 12 35188662526774 91866687656
11 2 2 19 9 18 35188662578434 91866799334
11 2 10 19 22 10 35188662578434 62183697087
10 1 0 9 12 22 35202763332101 102267217225
0 9 13 20 22 20 35219044368839 35200896756
11 16 17 19 12 12 35214911786220 157483306415
0 9 6 20 22 22 35241841626333 121650593025
0 1 10 20 9 16 35249798446528 72264775535
0 1 7 20 9 15 35249798480566 72264715796
0 9 10 20 22 10 35254245265595 35200853355
10 1 17 9 12 19 35253897066665 153400151136
11 14 9 19 22 5 35249907217240 61244647819
11 2 11 19 9 5 35250846168677 179580096070
11 2 14 19 22 10 35250846275521 89790151260
11 2 10 19 22 19 35250846275521 135686958109
0 4 1 20 12 9 35273531621483 162759127917
0 4 9 20 12 22 35273597367372 162693346392
11 16 11 19 12 5 35267406708597 104989054990
0 9 10 20 22 19 35289446118950 74046410089
0 9 17 20 22 10 35289446118950 74046431896
11 14 7 19 22 12 35280529214430 91866764160
11 2 0 19 9 18 35280529377768 91866699307
10 1 11 9 12 22 35305030549326 102266795949
10 17 14 9 12 6 35314381861497 213884980082
10 2 2 9 22 5 35315177245279 162666009903
10 2 14 9 22 14 35315228763367 162614457589
0 1 16 20 9 4 35322063196362 92744490592
0 1 7 20 9 16 35322063222063 92775727319
0 1 10 20 9 5 35322063222063 185520434103
11 14 1 19 22 5 35311151865059 61244215385
11 2 2 19 22 10 35340636426781 89789993859
0 9 10 20 22 22 35363492529039 55207733473
0 9 17 20 22 19 35363492550846 55207692390
11 1 10 19 12 15 35372396080444 34829025401
11 1 0 19 12 14 35372396080444 97808267721
11 2 0 19 22 1 35372396077075 58030341538
11 2 10 19 22 5 35386533233630 135686708164
10 17 10 9 12 19 35407297217801 334853987204
10 10 13 22 6 6 35407297345275 155379786839
10 10 10 22 6 16 35407297345275 155379753450
0 1 14 20 9 4 35414807686954 92776021623
0 1 16 20 9 16 35414838949382 92744744955
0 9 15 20 22 9 35418700243236 70853829414
0 9 17 20 22 22 35418700262512 70877036619
0 9 10 20 22 12 35418700262512 141730869270
11 1 14 19 12 15 35407225105845 54736493182
11 1 10 19 12 16 35407225105845 109472795285
0 4 13 20 12 12 35436290713764 155761992091
0 4 1 20 12 22 35436290749400 106670193477
11 2 11 19 22 1 35430426418613 57587957067
11 2 0 19 22 19 35430426420640 57568729399
11 1 2 19 12 15 35461961599027 54736474332
11 1 11 19 12 14 35470204348165 97808346171
10 2 1 9 22 0 35477843220956 158165352728
10 2 2 9 22 14 35477843255182 105443378782
0 9 7 20 22 9 35489554072650 70877089373
0 9 15 20 22 22 35489577299131 70853867899
11 2 0 19 22 2 35487995150039 57588128874
11 2 11 19 22 19 35488014375680 57568912616
0 1 17 20 9 5 35507583694337 112614937355
0 1 14 20 9 16 35507583708577 52847506251
10 17 11 9 12 16 35511597559366 411101019741
11 1 10 19 12 17 35516697901130 125306953349
11 1 0 19 12 16 35516698073359 51315290316
11 2 10 19 22 14 35522219941794 135686644025
10 17 2 9 12 6 35528266841579 213884516808
0 4 6 20 12 5 35542960942877 106671547191
11 2 11 19 22 2 35545583288296 27372338238
0 9 7 20 22 22 35560431167030 62461426197
0 9 0 20 22 12 35560431167030 93692050858
0 1 1 20 9 18 35560431214828 93692161465
0 1 0 20 22 10 35560431214828 59767521617
10 10 0 22 6 16 35562677098725 255245451342
10 10 10 22 6 6 35562677132114 110811311869
11 1 0 19 12 9 35568013363675 67540993946
11 1 11 19 12 16 35568013363675 67540971730
11 2 16 19 22 11 35572955626534 27372329610
10 2 0 9 22 4 35583286633964 105443635794
0 4 11 20 12 12 35592052705855 155761772537
11 2 16 19 22 19 35600327956144 57578870938
11 2 17 19 22 11 35600327956144 57578898731
0 1 7 20 9 5 35620198631692 176295329712
0 1 9 20 22 10 35620198736445 88147709198
0 1 0 20 22 19 35620198736445 127628629086
0 9 12 20 22 5 35622892593227 62461429736
10 2 17 9 22 0 35636008573684 158164990064
11 1 11 19 12 9 35635554357621 32108404413
0 4 7 20 12 5 35649632490068 106670183676
0 1 6 20 9 18 35654123376293 93692028171
0 9 17 20 22 12 35654123217888 93692095327
11 1 10 19 12 18 35642004854479 125306984475
11 2 16 19 22 14 35657906827082 46318189498
11 2 17 19 22 19 35657906854875 46318143432
10 10 14 22 6 6 35673488443983 233095767091
10 10 10 22 6 19 35673488443983 233095717786
11 1 16 19 12 10 35667662762034 32108287727
0 9 13 20 22 5 35685354022963 62461441253
10 2 11 9 22 4 35688730269758 105443390231
0 1 1 20 22 10 35708346445643 88147666801
11 1 16 19 12 16 35699771049761 67541025119
11 1 17 19 12 10 35699771049761 67541048591
11 2 14 19 22 5 35704224998307 59445197911
11 2 17 19 22 14 35704225016580 59465071409
11 2 16 19 22 0 35704225016580 118909459290
0 1 6 20 22 1 35747815404464 48678709114
0 13 0 20 12 15 35747815464216 39457827237
0 1 0 20 22 5 35747827365531 127311983029
10 17 10 9 12 9 35742151205005 462424695775
10 17 0 9 12 19 35742151358387 180547341624
0 13 6 20 12 14 35756302673744 106668903545
11 2 2 19 22 5 35763670196218 59464349032
11 2 14 19 22 14 35763690087989 59444443603
11 1 16 19 12 18 35767312074880 51791096415
11 1 17 19 12 16 35767312098352 51767981315
0 13 9 20 12 15 35787273291453 62011115436
0 13 0 20 12 16 35787273291453 124022015665
0 1 7 20 22 1 35796494113578 52138632959
0 1 6 20 22 19 35796494113578 52121169894
10 0 10 9 5 6 35794173659989 85224881013
10 0 0 9 5 16 35794173659989 239333965145
10 10 11 22 6 16 35817922550067 255245354947
11 2 1 19 22 0 35823134531592 57818522617
11 2 2 19 22 14 35823134545250 38545658663
11 17 10 19 12 16 35819080079667 162767556537
11 1 14 19 12 17 35819080079667 81372768913
11 1 17 19 12 18 35819103171295 81382695236
11 1 16 19 12 19 35819103171295 162744715879
0 1 6 20 22 2 35848615283472 52138458166
0 1 7 20 22 19 35848632746537 52121003415
0 13 1 20 12 15 35849284406889 62011094091
0 13 7 20 12 14 35862971577289 106669128712
11 2 0 19 22 4 35861680203913 38545726174
0 1 0 20 22 14 35875139348560 127308966767
10 0 14 9 5 6 35879398541002 133938051747
10 0 10 9 5 19 35879398541002 267875405317
11 2 17 19 22 0 35880953054209 57818513887
0 1 7 20 22 2 35900753749952 24782286700
11 2 11 19 22 4 35900225930087 38545713478
0 13 0 20 12 17 35911295307118 140794394317
0 13 6 20 12 16 35911295500980 58346186090
10 10 10 22 6 9 35906584161769 381175452874
10 10 0 22 6 19 35906584211074 166583642272
11 1 2 19 12 17 35900452848580 81394937369
11 1 14 19 12 18 35900485866531 81362003789
0 1 4 20 22 11 35925536036652 24782106130
10 17 0 9 12 20 35922698700011 252241779627
10 17 11 9 12 19 35922698700011 252241726200
11 0 10 19 5 6 35938771643565 31154626013
11 0 0 19 5 16 35938771643565 87489797393
0 1 4 20 22 19 35950318142782 52130414952
0 1 11 20 22 11 35950318142782 52130442057
0 13 6 20 12 9 35969641687070 75655510461
0 13 7 20 12 16 35969641687070 75655483476
11 0 14 19 5 6 35969926269578 48961861340
11 0 10 19 5 19 35969926269578 97923734236
11 17 0 19 12 16 35981847636204 206589744605
11 17 10 19 12 6 35981847785949 81712442214
11 1 2 19 12 18 35981847870320 81712273749
11 1 1 19 12 19 35981847887174 132197563770
0 1 4 20 22 14 36002448557734 42207427534
0 1 11 20 22 19 36002448584839 42207383131
10 0 2 9 5 6 36013336592749 133937669211
11 0 2 19 5 6 36018888130918 48962034179
11 0 11 19 5 16 36026261440958 87490218826
10 0 11 9 5 16 36033507625134 239332693130
0 13 7 20 12 9 36045297197531 35965725278
0 1 9 20 22 5 36044655967970 54170216166
0 1 11 20 22 14 36044655985268 54189089418
0 1 4 20 22 0 36044655985268 108357338927
0 13 0 20 12 18 36052089701435 140794259474
11 0 10 19 5 9 36067850003814 112087769772
11 0 0 19 5 19 36067850165097 45901603979
11 1 0 19 12 22 36063560144069 91341147791
10 10 0 22 6 20 36073167853346 201902013702
10 10 11 22 6 19 36073167905014 201901911187
0 13 4 20 12 10 36081262922809 35965815122
0 1 1 20 22 5 36098826184136 54187208786
0 1 9 20 22 14 36098845074686 54168306207
11 1 17 19 12 19 36114045450944 132196870193
11 17 14 19 12 6 36063560228163 135007410408
11 17 10 19 12 18 36063560228163 182682152179
0 13 4 20 12 16 36117228737931 75655457658
0 13 11 20 12 10 36117228737931 75655482926
11 0 0 19 5 20 36113751769076 60415757933
11 0 11 19 5 19 36113751769076 60415737786
10 0 10 9 5 9 36147273946319 306620186855
10 0 0 9 5 19 36147274261960 125566146687
0 1 13 20 22 0 36153013380893 52687091740
0 1 1 20 22 14 36153013392922 35124765099
11 1 11 19 12 22 36154901291860 91341200459
10 17 11 9 12 20 36174940479638 119913088312
11 0 11 19 5 20 36174167527009 28720958731
0 1 6 20 22 4 36188138158021 35124743459
11 0 10 19 5 22 36179937773586 112087448008
11 17 11 19 12 16 36188437380809 206590903240
0 13 4 20 12 18 36192884195589 58331894083
0 13 11 20 12 16 36192884220857 57752672202
0 1 11 20 22 0 36205700472633 52687117243
11 17 2 19 12 6 36198567638571 135007435054
11 17 10 19 12 19 36246242380342 87332677382
10 17 10 9 12 22 36204575900780 462432302112
11 0 16 19 5 10 36202888485740 28721329366
0 1 7 20 22 4 36223262901480 35124751306
11 10 10 20 22 19 36246242492319 75799851587
11 0 16 19 5 19 36231609815106 60415643373
11 0 17 19 5 10 36231609815106 60415664888
0 11 0 20 12 16 36250636893059 177132886764
0 13 9 20 12 17 36250636893059 91958583746
0 13 11 20 12 18 36251216089672 91672435474
0 13 4 20 12 19 36251216089672 183341659691
11 10 13 20 22 22 36258387652786 63655416506
0 6 0 20 5 6 36258387652786 44401343887
0 6 6 20 5 16 36258387652786 124690023667
10 0 0 9 5 20 36272840408647 165269918877
10 0 11 9 5 19 36272840408647 165269868475
10 10 11 22 6 20 36275069867048 95982093556
10 10 10 22 6 22 36287759614643 381176025862
10 17 16 9 12 10 36294853567950 119913241800
11 0 16 19 5 22 36292025458479 46328733626
11 0 17 19 5 19 36292025479994 46306544739
0 6 9 20 5 6 36302788996673 69780199694
0 6 0 20 5 19 36302788996673 139560205251
11 17 10 19 12 22 36333575057724 343959286398
11 17 0 19 12 19 36333575073625 61453376819
11 10 0 20 22 19 36322042343906 113703525256
11 10 10 20 22 22 36322043069292 49362879933
0 13 1 20 12 17 36342595476805 91961969840
0 13 9 20 12 18 36342888525146 91669278285
11 0 14 19 5 9 36338332024733 72788245477
11 11 10 19 5 19 36338332024733 145596448550
11 0 17 19 5 22 36338354192105 72797111598
11 0 16 19 5 12 36338354192105 145574496909
11 10 14 20 22 22 36371405949225 103836718581
11 10 10 20 22 2 36371405949225 103836695186
0 6 1 20 5 6 36372569196367 69780205418
10 10 16 22 6 10 36371051960604 95982130480
11 17 0 19 12 20 36395028450444 95739585654
11 17 11 19 12 19 36395028450444 95739573570
0 6 7 20 5 16 36383077676453 124690294123
11 0 2 19 5 9 36411120270210 72808491456
11 0 14 19 5 22 36411151303703 72777445539
10 17 16 9 12 19 36414766809750 252241581571
10 17 17 9 12 10 36414766809750 252241659186
0 11 6 20 12 16 36427769779823 177133443932
0 11 0 20 12 6 36434557446645 95212446917
0 13 1 20 12 18 36434557803431 161288537587
0 13 13 20 12 19 36434557803431 95212309329
11 10 11 20 22 19 36435745869162 113703758560
10 0 11 9 5 20 36438110327524 78567581965
0 6 0 20 5 9 36442349201924 159746302202
0 6 6 20 5 19 36442349401785 65418672518
10 0 10 9 5 22 36453894133174 306620927110
10 10 16 22 6 19 36467034091084 201902040020
10 10 17 22 6 10 36467034091084 201902737683
11 10 10 20 22 5 36475242644411 169801571967
11 10 0 20 22 2 36475242667806 74207669088
11 17 11 19 12 20 36490768036098 45513520810
11 11 14 19 5 19 36483928473283 157277819893
11 0 1 19 5 12 36483928749242 66637542132
11 0 2 19 5 22 36483928761666 61416503652
11 11 10 19 5 4 36483928761666 262040494201
0 6 6 20 5 20 36507768074303 86104095227
0 6 7 20 5 19 36507768074303 86104067513
10 0 16 9 5 10 36516677909489 78567599466
0 11 9 20 12 6 36529769893562 95212453143
0 13 11 20 12 19 36529770112760 95212477794
11 17 16 19 12 10 36536281556908 45513512590
11 10 0 20 22 4 36549450336894 89941016077
11 10 11 20 22 2 36549450336894 89940967266
11 0 0 19 5 5 36545345265318 61416367778
11 0 17 19 5 12 36550566291374 140174686635
11 0 10 20 19 22 36550566291374 140174647214
11 17 16 19 12 19 36581795069498 95739537129
11 17 17 19 12 10 36581795069498 95739606982
0 13 6 20 12 22 36595846341018 161288681258
0 6 7 20 5 20 36593872169530 40932945790
10 0 16 9 5 19 36595245508955 165269778991
10 0 17 9 5 10 36595245508955 165269831711
0 11 7 20 12 16 36604903223755 177133443761
0 6 0 20 5 22 36602095504126 159746339001
11 0 11 19 5 5 36606761633096 95861185346
11 0 0 20 19 19 36606761633096 195606988105
0 11 0 20 12 19 36624982590554 95212400708
0 11 1 20 12 6 36624982346705 95212676210
11 10 11 20 22 4 36639391352971 42756989447
0 6 4 20 5 10 36634805115320 40932959464
11 10 10 20 22 8 36645044216378 169801730150
11 11 2 19 5 19 36641206293176 157277618680
10 17 16 9 12 22 36667008391321 192875756496
10 17 17 9 12 19 36667008468936 192875632407
10 10 10 22 19 16 36668935640505 439362534753
10 10 16 22 6 22 36668936131104 194728810326
10 10 17 22 6 19 36668936828767 194728090887
11 10 16 20 22 7 36682148342418 42756964562
0 6 4 20 5 19 36675738074784 86104000982
0 6 11 20 5 10 36675738074784 86104024916
11 17 16 19 12 22 36677534606627 82271137155
11 17 17 19 12 19 36677534676480 82271042808
11 0 10 20 19 2 36690740938588 209451717813
11 0 14 20 19 22 36690740978009 104725988158
11 11 0 19 5 11 36702622818442 95861216982
0 11 0 20 12 9 36720194991262 198229023104
0 11 6 20 12 19 36720195022915 61841811456
11 10 16 20 22 2 36724905306980 89940812036
11 10 17 20 22 7 36724905306980 89940843236
11 11 10 19 5 12 36745969255867 262040064360
0 13 7 20 12 22 36757135022276 161288987024
10 0 16 9 5 22 36760515287946 126737411721
10 0 17 9 5 19 36760515340666 126676768576
0 6 4 20 5 22 36761842075766 68405895442
0 6 11 20 5 19 36761842099700 63775597045
11 17 14 19 12 9 36759805719288 109244831024
11 17 17 19 12 22 36759805743782 109281415020
11 17 16 19 12 12 36759805743782 187174947706
0 11 6 20 12 20 36782036834371 92441618711
0 11 7 20 12 19 36782036834371 92441604070
11 0 2 20 19 22 36795466966167 104725936367
11 11 11 19 5 11 36798484035424 119379810612
11 11 0 19 5 4 36798484035424 119340833329
11 0 11 20 19 19 36802368621201 195606868900
11 10 16 20 22 8 36814846119016 69216670261
11 10 17 20 22 2 36814846150216 69216633088
0 6 9 20 5 9 36825617696745 109819481275
0 7 0 20 5 19 36825617696745 171616360797
0 6 11 20 5 22 36830247971208 107504909112
0 6 4 20 5 12 36830247971208 215009335951
10 17 14 9 12 9 36859884101343 256115986880
10 17 17 9 12 22 36859884147817 256199022906
10 17 16 9 12 12 36859884147817 438810071206
10 10 14 22 6 9 36863664919654 283625734038
10 10 17 22 6 22 36863664941430 283717790381
10 10 16 22 6 12 36863664941430 341998643365
0 11 7 20 12 20 36874478453082 43945723248
11 17 2 19 12 9 36869050550312 109280777650
11 17 14 19 12 22 36869087158802 109244160833
11 10 14 20 22 5 36884062783304 99647260212
11 10 17 20 22 8 36884062789277 99679804188
11 10 16 20 22 11 36884062789277 125046838408
10 0 14 9 5 9 36887192109242 199117243184
10 11 10 9 5 19 36887192109242 398286855494
10 0 17 9 5 22 36887252699667 199139008450
10 0 16 9 5 12 36887252699667 398226795805
11 0 10 20 19 5 36900192656401 242006287773
11 0 0 20 19 2 36900192902534 97782604210
0 11 0 20 12 22 36918424014366 117967188759
0 11 4 20 12 10 36918424176330 38010538519
11 11 0 19 5 17 36917824868753 119380422712
11 11 11 19 5 4 36917863846036 119341497572
0 6 1 20 5 9 36935437178020 109820130017
0 6 9 20 5 22 36937752880320 107504429765
0 11 4 20 12 19 36956434714849 79956716570
0 11 11 20 12 10 36956434714849 79956736890
11 17 17 19 12 12 36946980691488 187174649647
11 10 2 20 22 5 36983710043516 99679876458
11 10 14 20 22 8 36983742593465 99647312964
11 17 2 19 12 22 36978331327962 51941516157
11 0 0 20 19 4 36997975506744 130891051797
11 0 11 20 19 2 36997975506744 130891014855
0 7 9 20 5 19 36997234057542 171616310514
11 10 17 20 22 11 37009109627685 125046657963
11 11 10 19 5 20 37008009320227 262041040441
0 11 4 20 12 22 37036391431419 58041024975
0 11 11 20 12 19 37036391451739 58040990866
11 17 0 19 12 5 37030272844119 51941140683
11 11 11 19 5 17 37037205343608 56742594946
0 7 0 20 5 4 37045257308037 295209443624
0 6 1 20 5 22 37045257310085 73802296177
0 6 13 20 5 12 37045257310085 158964376365
11 10 2 20 22 8 37083389919974 47379266446
11 17 11 19 12 5 37082213984802 51941550194
0 11 9 20 12 9 37094432442605 77069207105
0 11 11 20 12 22 37094432456394 77095281208
0 11 4 20 12 12 37094432456394 132048248531
10 0 2 9 5 9 37086309352426 199170234581
10 0 14 9 5 22 37086391708117 199087847625
11 11 16 19 5 2 37093947938554 56742448544
10 10 10 22 19 6 37108298175258 439363008292
10 17 2 9 12 9 37116000088223 256190845692
10 17 14 9 12 22 37116083170723 256107737392
11 10 0 20 22 20 37130769186420 47379557241
11 0 11 20 19 4 37128866558541 62224204639
0 6 6 20 5 5 37119059606262 73802400068
11 14 10 20 22 7 37134155534996 46250391339
11 14 0 20 22 17 37134156285648 85355219481
11 0 10 20 19 8 37142198944174 242006421034
10 10 2 22 6 9 37147290653692 283718151123
10 10 14 22 6 22 37147382731811 283626047197
11 11 16 19 5 4 37150690387098 119360327078
11 11 17 19 5 2 37150690387098 119360375864
0 11 1 20 12 9 37171501649710 77094530207
0 11 9 20 12 22 37171527737602 77068432078
11 10 11 20 22 20 37178148743661 47379379851
11 14 14 20 22 7 37180405926335 46250645383
0 7 1 20 5 19 37168850368056 171616397311
11 0 16 20 19 7 37191090763180 62224027607
0 6 7 20 5 5 37192862006330 73802502840
10 10 17 22 6 12 37205663584795 341997998571
0 6 11 20 5 12 37204221686450 158964323138
0 11 11 20 12 12 37226480704925 132047523898
11 14 11 20 22 17 37219511505129 85355161254
11 14 10 20 22 20 37225528123512 47379423390
11 14 2 20 22 7 37226656571718 46250223372
0 11 1 20 12 22 37248596179917 36644080155
11 0 16 20 19 2 37253314790787 130890800467
11 0 17 20 19 7 37253314790787 130890843159
11 11 16 19 5 20 37270050714176 94742752931
11 11 17 19 5 4 37270050762962 94742674322
11 14 10 20 22 10 37272907546902 85099467788
11 14 0 20 22 20 37272907546902 31959285892
0 11 6 20 12 5 37285240260072 36644107552
0 7 6 20 5 11 37266664509170 73802369164
10 11 14 9 5 19 37285478964736 431387284128
10 0 1 9 5 12 37285479555742 181725894130
10 0 2 9 5 22 37285479587007 168171885255
10 11 10 9 5 4 37285479587007 719020261298
10 17 17 9 12 12 37298694219023 438810617322
11 14 0 20 22 21 37304866832794 46848676827
11 14 11 20 22 20 37304866832794 46848667546
0 11 7 20 12 5 37321884367624 36644051760
11 10 10 20 2 19 37358528419384 27592221586
11 14 11 20 22 21 37351715509621 22271379427
0 7 7 20 5 11 37340466878334 86236875894
0 7 6 20 5 4 37340466878334 86207869120
11 14 10 20 22 0 37358007014690 85099713581
11 11 14 19 5 12 37364793437284 123475758595
11 11 17 19 5 20 37364793467107 123475808880
11 11 16 19 5 5 37364793467107 229953401605
11 14 16 20 22 11 37373986889048 22271371136
10 17 2 9 12 22 37372190933915 121771483830
11 10 10 20 2 22 37386120640970 39039713103
11 10 0 20 2 19 37386120640970 109633264234
0 7 0 20 5 12 37363186009588 158964087529
11 0 16 20 19 8 37384205591254 100273287126
11 0 17 20 19 2 37384205633946 100273210174
11 14 16 20 22 20 37396258260184 46848637421
11 14 17 20 22 11 37396258260184 46848655361
11 10 14 20 2 22 37425160354073 61354018942
11 10 10 20 2 2 37425160354073 122707620732
10 10 2 22 6 22 37431008804815 134854214616
11 14 16 20 22 0 37443106897605 35749516772
11 14 17 20 22 20 37443106915545 35749481493
0 7 6 20 5 17 37426674747454 86237345998
0 7 7 20 5 4 37426703754228 86208400318
10 0 0 9 5 5 37453651472262 168172827817
10 0 17 9 5 12 37467205449872 382267364463
10 0 10 22 16 6 37467205449872 382267264491
11 14 14 20 22 10 37478856397038 44654376420
11 14 17 20 22 0 37478856414377 44676910152
11 14 16 20 22 13 37478856414377 102429054969
11 10 2 20 2 22 37486514373015 61353786066
11 0 14 20 19 5 37484478844120 128688334461
11 0 17 20 19 8 37484478878380 128731351608
11 0 16 20 19 11 37484478878380 257421438141
11 10 11 20 2 19 37495753905204 109633190153
11 11 2 19 5 12 37488269195879 146632940363
11 11 14 19 5 20 37488269275987 106477657100
10 17 0 9 12 5 37493962417745 121771333063
11 14 2 20 22 10 37523510773458 44665639038
11 14 14 20 22 0 37523533324529 44665706808
0 7 7 20 5 17 37512912154546 40989654711
11 10 10 20 2 5 37547867974805 140456047031
11 10 0 20 2 2 37547868159081 57519034020
0 7 0 20 5 20 37522150097117 158964283299
10 10 10 22 19 19 37547661183550 575002124880
10 10 14 22 19 6 37547661583366 287501849850
11 2 10 20 22 11 37568176412496 44679191224
11 14 2 20 22 0 37568199031337 44656570215
10 10 0 22 6 5 37565863019431 134854343764
0 7 4 20 5 2 37553901809257 40989677917
11 14 1 20 22 13 37581285469346 102429036356
11 11 1 19 5 5 37594746933087 69522113513
11 10 0 20 2 4 37605387193101 75706554994
11 10 11 20 2 2 37605387193101 75706530309
11 14 0 20 22 6 37612855601552 137858310136
11 2 0 20 22 11 37612855603720 97362298923
11 2 10 20 22 4 37612855603720 37860902582
11 0 2 20 19 5 37613167178581 128733202574
11 0 14 20 19 8 37613210229988 128690128045
0 7 4 20 5 4 37594891487174 86223240237
0 7 11 20 5 2 37594891487174 86223269371
10 17 11 9 12 5 37615733750808 121771322647
10 0 11 9 5 5 37621824300079 263214405682
10 0 0 22 16 16 37621824300079 532766468420
11 11 2 19 5 20 37634902136242 146632458613
11 2 14 20 22 4 37650716506302 59501494830
11 2 10 20 22 20 37650716506302 119002944191
11 11 17 19 5 5 37664269046600 146242959357
11 11 10 20 19 2 37664269046600 146242790917
11 10 11 20 2 4 37681093748095 35990084286
11 10 10 20 2 8 37688324021836 140456202716
11 14 17 20 22 13 37683714505702 102428927014
10 10 11 22 6 5 37700717363195 237285224323
10 10 0 22 19 16 37700717363195 351475470495
0 7 4 20 5 20 37681114727411 66012436851
0 7 11 20 5 4 37681114756545 66012378869
11 2 11 20 22 11 37710217902643 97362508214
11 2 2 20 22 4 37710218001132 59501516536
11 10 16 20 2 7 37717083832381 35990152676
10 11 2 9 5 19 37716866248864 431387318908
10 14 10 22 6 10 37737505073455 145927475121
10 14 0 22 6 15 37737505073455 281464385780
11 0 1 20 19 11 37741900358033 141177083765
11 0 2 20 19 8 37741900381155 77393427394
11 10 16 20 2 2 37753073985057 75706474344
11 10 17 20 2 7 37753073985057 75706500624
11 14 11 20 22 6 37750713911688 137858362964
11 2 0 20 22 20 37769719517668 37860997320
0 7 9 20 5 12 37747127135414 82520951976
0 7 11 20 5 20 37747127164262 82547926800
0 7 4 20 5 5 37747127164262 188548689731
11 11 0 19 5 6 37781534594855 146632489658
11 2 10 20 22 13 37786143432716 102428779089
11 2 0 20 22 0 37807580514988 54895338294
11 2 11 20 22 20 37807580514988 54895327089
11 11 10 20 19 18 37810511837517 163568789717
11 11 14 20 19 2 37810512005957 132144030586
11 0 0 20 19 20 37819293808549 77393449652
11 10 16 20 2 8 37828780459401 58041072321
11 10 17 20 2 2 37828780485681 58041029179
10 10 2 22 19 6 37835163433216 287501708606
10 0 10 22 16 19 37849472714363 571192715420
10 0 14 22 16 6 37849472814335 285596266418
0 7 1 20 5 12 37829648087390 82549554476
0 7 9 20 5 20 37829675091062 82522555301
11 2 11 20 22 0 37862475853282 26096678675
11 10 14 20 2 5 37886821514860 76329133615
11 10 17 20 2 8 37886821531722 76355048521
11 10 16 20 2 11 37886821531722 136412725398
11 0 17 20 19 11 37883077441798 141177068336
11 2 10 20 22 6 37888572274652 72660072884
11 2 16 20 22 16 37888572531957 23412021127
10 14 14 22 6 10 37883432548576 145927410009
10 11 0 9 5 11 37885038705761 263214897882
11 0 11 20 19 20 37896687258201 77393377298
11 2 16 20 22 20 37911984553084 49248091371
11 2 17 20 22 16 37911984553084 49248105369
11 11 11 19 5 6 37928167084513 146632389249
10 14 10 22 6 5 37938002587518 237284882333
11 11 2 20 19 2 37942656036543 132143479128
0 7 1 20 5 20 37912197646363 54533218212
11 10 10 20 5 16 37912197641866 163599631478
0 7 13 20 5 5 37935675853993 188548017959
11 10 2 20 2 5 37963150648475 76354690884
11 10 14 20 2 8 37963176580243 76328750773
11 2 16 20 22 6 37961232644455 35749501344
11 2 17 20 22 20 37961232658453 35749477310
11 11 10 20 19 3 37974080635499 50173062846
0 7 6 20 5 6 37966730864575 54533319015
11 2 14 20 22 13 37996982135763 47469533945
11 2 17 20 22 6 37996982145799 47486183679
11 2 16 20 22 22 37996982145799 81333126438
10 11 10 9 5 12 38004499848305 719016444933
11 10 17 20 2 11 38023234257120 136413466068
10 14 11 22 6 15 38018969459235 281464298499
11 11 0 20 19 9 38024253698345 50545875402
11 11 10 20 19 11 38024254510134 138495527160
0 7 7 20 5 6 38021264183590 54533198363
11 10 2 20 2 8 38039505339359 36292027604
10 14 2 22 6 10 38029359958585 145927563161
11 2 2 20 22 13 38044451669708 47485791639
11 2 14 20 22 6 38044468329478 47469124721
10 10 11 22 19 16 38052192833690 351476241580
11 10 0 20 2 20 38075797366963 41925254129
11 10 13 20 5 22 38075797381953 72028444252
11 10 10 20 5 19 38075797381953 72028417913
11 2 17 20 22 22 38078315272237 81333029200
11 11 0 20 19 18 38074799573747 57305355922
11 11 11 20 19 9 38074799573747 57325292724
11 2 2 20 22 6 38091937461347 22570352979
11 2 0 20 22 1 38114507814326 22570355176
11 10 11 20 2 20 38117722621092 41925298275
10 10 10 22 19 9 38122663308430 601482191125
10 10 0 22 19 19 38122665141822 281003566273
0 7 11 20 5 5 38124223871952 188548288506
11 11 0 20 19 21 38132104929669 57327445275
11 11 11 20 19 18 38132124866471 57307509177
11 2 11 20 22 1 38137078169502 22570330136
10 0 2 22 16 6 38135069080753 285596884680
11 10 0 20 5 19 38147825799866 110257454319
11 10 10 20 5 22 38147825826205 53147861643
10 11 11 9 5 11 38148253603643 327650372893
10 11 0 9 5 4 38148253603643 327545452807
11 0 0 20 2 19 38159648499638 21967231999
11 0 2 20 2 9 38159648499638 21967236339
10 0 11 22 16 16 38154590768499 532767500021
11 11 10 20 19 4 38162750037294 138494990372
11 0 6 20 2 19 38181615731637 36085988740
11 0 0 20 2 9 38181615735977 15666259273
10 14 10 22 6 0 38175287469851 319521912713
10 14 0 22 6 5 38175287521746 125146331204
11 11 11 20 19 21 38189432375648 27247981924
11 10 14 20 5 22 38200973687848 111798601590
11 10 10 20 5 2 38200973687848 111798600501
11 0 9 20 2 9 38197281995250 32954541536
11 0 0 20 2 22 38197281995250 32954532615
11 0 7 20 2 19 38217701720377 36086047812
11 11 16 20 19 14 38216680357572 27247951034
11 0 0 20 2 12 38230236527865 53889606421
11 0 6 20 2 22 38230236536786 23551269327
11 11 16 20 19 18 38243928308606 57317099050
11 11 17 20 19 14 38243928308606 57317127605
11 0 6 20 2 0 38253787806113 28544489812
11 0 7 20 2 22 38253787806113 28544468440
11 10 11 20 5 19 38258083254185 110257525948
11 0 7 20 2 0 38282332295925 13569738196
11 0 0 20 2 2 38284126134286 53889791335
11 0 4 20 2 13 38295902034121 13569668998
11 11 16 20 19 4 38301245407656 46318206891
11 11 17 20 19 18 38301245436211 46318180559
11 10 10 20 5 5 38312772288349 165004024337
11 10 0 20 5 2 38312772289438 55568528933
10 14 0 22 6 17 38300433852950 174156142104
10 14 11 22 6 5 38300433852950 174156103370
11 0 4 20 2 22 38309471703119 28544445199
11 0 11 20 2 13 38309471703119 28544518854
11 0 0 20 4 19 38338015925621 69408211842
11 0 4 20 2 2 38338016148318 26866335295
11 0 11 20 2 22 38338016221973 26866234653
11 11 16 20 19 20 38347563614547 71575310129
11 11 14 20 19 11 38347563616770 71542218939
11 11 17 20 19 4 38347563616770 71558758074
11 10 0 20 5 4 38368340818371 74174372132
11 10 11 20 5 2 38368340818371 74174350142
11 0 9 20 2 12 38364882456626 45209394794
11 11 10 20 2 22 38364882456626 111929121705
11 0 11 20 2 2 38364882483613 45224879870
11 0 4 20 2 15 38364882483613 55975225436
11 0 0 20 4 22 38407424137463 69408288976
10 10 0 22 19 20 38403668708095 312445941446
10 10 11 22 19 19 38403669075270 312445618116
11 0 1 20 2 12 38410091851420 45224229577
11 0 9 20 2 2 38410107363483 45208715720
11 0 11 20 2 15 38420857709049 55975018204
11 11 2 20 19 11 38419105835709 71575222260
11 11 14 20 19 4 38419122374844 71558671990
11 11 17 20 19 20 38419138924676 71542192535
10 0 10 22 16 9 38420665429783 659797631299
10 0 0 22 16 19 38420665965433 266692254127
11 10 11 20 5 4 38442515190503 35261611664
11 0 1 20 2 2 38455316080997 21495619366
11 10 16 20 5 7 38477776802167 34487623985
11 0 0 20 4 2 38476832426439 83520383428
11 0 9 20 4 22 38476832727253 49111781526
11 0 6 20 2 8 38476811700363 31655710431
11 11 10 20 2 2 38476811700363 43561820318
10 14 11 22 6 17 38474589995054 82791950436
10 11 0 9 5 17 38475799056450 327659258480
10 11 11 9 5 4 38475903976536 327554472264
11 11 2 20 19 4 38490681057969 36626265897
11 11 14 20 2 22 38490681117211 62583598690
10 14 10 22 6 18 38494809382564 319520494394
11 0 7 20 2 8 38508467410794 66588957698
11 0 6 20 4 19 38508467410794 66588953179
11 10 16 20 5 2 38512264426152 72534450738
11 10 17 20 5 7 38512264426152 72558059065
11 11 10 20 2 15 38520373520681 43561753715
11 0 1 20 4 22 38525944508779 49111815480
11 11 0 20 19 22 38527307323866 36626279814
11 11 2 20 2 22 38553264715901 62583648298
11 0 0 20 4 5 38560352809867 83520559693
10 14 16 22 6 12 38557381945490 82791881300
11 11 11 20 19 22 38563933603680 51914827460
11 11 0 20 2 19 38563935274396 51914803247
11 11 10 20 2 5 38563935274396 96353151287
11 0 6 20 4 2 38575056363973 38552703568
11 0 7 20 4 19 38575056368492 38565626059
11 10 10 20 8 19 38477776312686 182165955338
11 10 16 20 5 8 38584798876890 72557750540
11 10 17 20 5 2 38584822485217 72534142157
11 0 6 20 4 4 38613609067541 38565315863
11 0 7 20 4 2 38613621994551 38552406916
11 11 0 20 2 2 38615850077643 35630419666
11 11 11 20 2 19 38615850077643 35642563318
11 0 0 20 4 8 38643873369560 83520650867
10 14 16 22 6 5 38640173826790 174156168102
10 14 17 22 6 12 38640173826790 174156223119
11 11 0 20 2 4 38651480497309 35642512441
11 11 11 20 2 2 38651492640961 35630362414
11 0 7 20 4 4 38652174401467 18330568579
11 10 14 20 5 5 38657356627374 112054296405
11 10 17 20 5 8 38657356627430 112080133823
11 10 16 20 5 11 38657356627430 112106407884
11 11 10 20 2 8 38660288425683 96353092807
11 0 4 20 4 7 38670504970046 18330559612
11 11 11 20 2 4 38687123009750 16941180448
11 0 4 20 4 2 38688835529658 38559039687
11 0 11 20 4 7 38688835529658 38559057558
10 0 0 22 16 20 38687358219560 356822228918
10 0 11 22 16 19 38687358268520 356822134951
11 11 16 20 2 7 38704064190198 16941171832
10 10 11 22 19 20 38716114693386 148533721696
11 11 16 20 2 2 38721005362030 35636393288
11 11 17 20 2 7 38721005362030 35636417513
11 0 4 20 4 8 38727394569345 30758117982
11 0 11 20 4 2 38727394587216 30297846119
10 11 10 9 5 20 38723516293238 719019463519
10 10 10 22 19 22 38724145499555 601479586003
11 10 10 20 8 22 38659942268024 182166478531
11 11 16 20 2 8 38756641755318 29362060846
11 11 17 20 2 2 38756641779543 29362022130
11 0 9 20 4 5 38757692433335 47615497132
11 11 10 20 4 2 38757692433335 95232337779
11 0 11 20 4 8 38758152687327 47386849689
11 0 4 20 4 11 38758152687327 100521054475
11 10 2 20 5 5 38769410923779 112105132592
11 10 14 20 5 8 38769436761253 112079280427
11 10 17 20 5 11 38769463035314 112053970850
11 11 14 20 2 5 38786003801673 37364946839
11 11 17 20 2 8 38786003816164 37377589675
11 11 16 20 2 11 38786003816164 77908901478
11 0 1 20 4 5 38805307930467 47616883436
11 0 9 20 4 8 38805539537016 47385276996
10 11 11 9 5 17 38803458448800 155738192283
10 14 16 22 6 18 38814329994892 133190547996
10 14 17 22 6 5 38814330049909 133190437579
11 11 2 20 2 5 38823368748512 37377469059
11 11 14 20 2 8 38823381405839 37364807638
11 11 10 20 4 18 38852924813903 65346538733
11 0 1 20 4 8 38852924814012 25587200730
11 0 11 20 4 11 38858673741802 100521127565
11 11 2 20 2 8 38860746217571 17765848958
11 11 17 20 2 11 38863912717642 77909021133
10 10 16 22 19 10 38864648415082 148533860156
11 0 6 20 4 20 38878512014742 40341562498
11 11 0 20 2 20 38878512066529 23379303275
11 11 13 20 4 8 38878512066529 39759413943
11 10 2 20 5 8 38881516056371 53729488740
11 10 10 20 8 2 38842108746555 182166781658
11 10 14 20 8 22 38881517006164 110239987113
11 11 11 20 2 20 38901891369804 49179152020
11 11 0 20 4 2 38901891369804 49179151912
11 11 10 20 4 8 38918271480472 23550439964
11 0 7 20 4 20 38918853577240 40341505515
11 10 0 20 5 20 38935245545111 53729468277
11 11 14 20 4 8 38941821920436 17373248112
10 14 14 22 6 0 38947520487488 166377651849
10 14 17 22 6 18 38947520542888 166450230146
10 14 16 22 6 13 38947520542888 381615452903
11 11 11 20 4 2 38951070521824 23379223492
11 11 10 20 4 20 38959195082755 34908095028
11 11 0 20 4 14 38959195168548 15254618751
10 11 16 9 5 2 38959196641083 155738195997
11 11 0 20 4 18 38974449787299 18490659078
11 11 11 20 4 14 38974449787299 18490633681
11 11 11 20 4 18 38992940446377 8790289864
11 11 10 20 4 3 38994103177783 34908116107
11 10 11 20 5 20 38988975013388 113021971058
11 10 0 20 8 19 38988975013388 113021957301
11 10 2 20 8 22 38991756993277 110239941592
11 11 16 20 4 1 39001730736241 8790252291
11 11 16 20 4 14 39010520988532 18490628347
11 11 17 20 4 1 39010520988532 18490652958
10 10 16 22 19 19 39013182275238 312444415370
10 10 17 22 19 10 39013182275238 312446714691
11 11 16 20 4 3 39029011616879 14229969037
11 11 17 20 4 14 39029011641490 14229923713
11 11 16 20 4 9 39043241585916 32374254492
11 11 14 20 4 20 39043241565203 18895108586
11 11 17 20 4 3 39043241585916 18901683075
10 0 11 22 16 20 39044180448478 169629403304
11 10 10 20 8 5 39024275528213 182166601328
11 11 2 20 4 20 39062136673789 18901652716
11 11 14 20 4 3 39062143268991 18895054273
11 11 17 20 4 9 39075615840408 32374358408
11 11 2 20 4 3 39081038326505 8984041344
10 0 10 22 16 22 39080463061082 659797859318
11 11 0 20 4 4 39090022367849 8984036112
11 11 11 20 4 4 39099006403961 8984035296
11 10 0 20 8 2 39101996970689 72533211343
11 10 11 20 8 19 39101996984446 72557283584
11 16 13 20 7 22 39107990439257 14229951953
11 16 10 20 7 19 39107990439257 14229931228
10 14 2 22 6 0 39113898139337 166408808038
10 14 14 22 6 18 39113970773034 166410144240
10 11 16 9 5 4 39114934837080 327601266477
10 11 17 9 5 2 39114934837080 327601390640
11 16 0 20 7 19 39122220370485 23375792122
11 16 10 20 7 22 39122220391210 10148294326
11 16 14 20 7 22 39132368685536 21347308996
11 16 10 20 7 2 39132368685536 21347300545
11 16 11 20 7 19 39145596162607 23375817424
11 16 10 20 7 5 39153715986081 34908617024
11 16 0 20 7 2 39153715994532 15256041880
11 16 0 20 7 4 39168972036412 18490558058
11 16 11 20 7 2 39168972036412 18490536009
11 10 0 20 8 4 39174530182032 72558052481
11 10 11 20 8 2 39174554268030 72533981607
11 16 11 20 7 4 39187462594470 8790203544
11 16 10 20 7 8 39188624603105 34908688462
11 16 16 20 7 7 39196252798014 8790210254
11 16 16 20 7 2 39205043008268 18490518786
11 16 17 20 7 7 39205043008268 18490575290
10 0 16 22 16 10 39213809851782 169629402310
11 16 10 20 2 4 39223533291567 52983306398
11 16 16 20 7 8 39223533527054 16872725310
11 16 17 20 7 2 39223533583558 16872621291
11 10 10 20 8 8 39206442129541 182166769685
11 17 10 20 7 2 39240406204849 64409754046
11 16 14 20 7 5 39240406204849 26592928176
11 16 17 20 7 8 39240406252364 26602072694
11 16 16 20 7 11 39240406252364 44547018550
11 10 11 20 8 4 39247088249637 34487638174
11 16 2 20 7 5 39266999133025 26602040931
11 16 14 20 7 8 39267008325058 26592845758
11 16 10 20 2 6 39276516597965 52983477657
10 2 10 22 6 12 39280306947375 166447105871
10 14 2 22 6 18 39280380917274 166373129540
11 16 17 20 7 11 39284953270914 44547107765
11 10 16 20 8 7 39281575887811 34487651557
11 16 2 20 7 8 39293601173956 12644198767
11 17 0 20 7 2 39304815958895 64409990379
11 16 0 20 7 20 39306245372723 31008279558
11 17 10 20 7 8 39306245372723 23256920272
11 10 16 20 8 2 39316063539368 72546077319
11 10 17 20 8 7 39316063539368 72546113270
10 10 10 22 9 16 39325625085558 641194680032
10 10 16 22 19 22 39325626690608 307264831126
10 10 17 22 19 19 39325628989929 307262524260
11 16 10 20 2 8 39329500075622 71483140450
11 16 14 20 2 6 39329500378679 36490316179
11 17 14 20 7 8 39329502292995 36489352178
11 17 10 20 7 14 39329502292995 72978594788
10 14 1 22 6 13 39329135995791 381614981741
11 16 11 20 7 20 39337253652281 65227204389
11 16 0 20 2 4 39337253652281 65227207315
11 16 2 20 2 6 39365990694858 36490358456
11 17 2 20 7 8 39365991645173 36489331134
11 17 11 20 7 2 39369225949274 64410073063
10 0 16 22 16 19 39383439254092 356821872903
10 0 17 22 16 10 39383439254092 356821981167
11 10 16 20 8 8 39388609616687 59026390429
11 10 17 20 8 2 39388609652638 59026316797
11 16 10 20 2 10 39400983216072 71483590933
11 16 11 20 2 4 39402480859596 35813959588
11 17 10 20 7 20 39402480887783 77800711016
11 17 0 20 7 14 39402480976307 31155286524
11 16 0 20 2 8 39402481053314 35801529235
11 17 0 20 7 18 39433636262831 42174060216
11 17 11 20 7 14 39433636262831 42174046833
11 16 0 20 2 17 39438282582549 35814696345
11 16 11 20 2 8 39438294819184 35802525365
10 11 16 9 5 20 39442536103557 260021853141
10 11 17 9 5 4 39442536227720 260021653399
10 14 0 22 6 21 39446754046814 513613626053
10 2 0 22 6 12 39446754053246 362739002565
10 2 10 22 6 20 39446754053246 141057080474
11 10 14 20 8 5 39447635969435 70708252099
11 10 17 20 8 8 39447636007116 70732398671
11 10 16 20 8 11 39447636007116 207296972052
11 16 10 20 2 12 39472466807005 71483631697
11 16 11 20 2 17 39474097344549 17022803958
11 17 11 20 7 18 39475810323047 20049116220
11 17 10 20 7 3 39480281598799 77800763887
11 16 16 20 2 19 39491120148507 17022790231
11 17 16 20 7 1 39495859439267 20049124703
11 16 16 20 2 8 39508142938738 35808090418
11 16 17 20 2 19 39508142938738 35808108587
11 17 16 20 7 14 39515908563970 42174044439
11 17 17 20 7 1 39515908563970 42174061953
11 10 2 20 8 5 39518344221534 70731125643
11 10 14 20 8 8 39518368405787 70707214229
11 16 16 20 2 12 39543951029156 27885619873
11 16 17 20 2 8 39543951047325 27885582105
11 17 16 20 7 3 39558082608409 32292717228
11 17 17 20 7 14 39558082625923 32292683935
11 16 14 20 2 10 39571836629430 33783375058
11 16 17 20 2 12 39571836649029 33795059515
11 16 16 20 2 14 39571836649029 92275392407
10 2 14 22 6 20 39587811133720 221681912591
10 2 10 22 6 5 39587811133720 443364067341
11 17 14 20 7 20 39590375309858 40619522259
11 17 17 20 7 3 39590375325637 40637429776
11 17 16 20 7 9 39590375325637 89898334579
11 16 10 20 8 7 39589075347177 73323583991
11 10 2 20 8 8 39589075620016 68288168231
11 16 2 20 2 10 39605620004488 33794792473
11 16 14 20 2 12 39605631708544 33783095196
11 17 2 20 7 20 39630994832117 40628999407
11 17 14 20 7 3 39631012755413 40611071297
10 10 14 22 19 9 39632891514189 468448740726
10 10 17 22 19 22 39632891521734 468595691117
10 10 16 22 19 12 39632891521734 487561392888
11 17 10 20 2 19 39639414796961 52710153806
11 16 2 20 2 12 39639414803740 24697446805
11 10 17 20 8 11 39654932979168 207296797883
11 10 0 20 8 20 39657363788247 68288623974
11 16 10 20 8 2 39662398931168 73323721651
11 16 17 20 2 14 39664112041436 106059722025
11 16 0 20 2 20 39664112250545 38264341933
11 16 13 20 8 8 39664112250545 71613528148
11 17 2 20 7 3 39671623831524 19310399125
11 17 17 20 7 9 39680273660216 89898335959
11 17 13 20 2 2 39690934230649 53900363756
11 17 0 20 7 4 39690934230649 32480119321
11 17 10 20 2 12 39692124950767 52709581560
11 16 11 20 2 20 39702376592478 80490543004
11 16 0 20 8 7 39702376592478 80490542935
10 11 14 9 5 12 39702557881119 339134934012
10 11 17 9 5 20 39702557956698 339135049577
10 11 16 9 5 5 39702557956698 629421089635
10 14 17 22 6 13 39710750977532 381615047326
11 17 11 20 7 4 39723414349970 68322679948
11 17 0 20 2 19 39723414349970 68322679932
11 10 11 20 8 20 39725652412221 68288837600
11 16 10 20 8 8 39735725778693 34446168151
10 0 16 22 16 22 39740261126995 273360896665
10 0 17 22 16 19 39740261235259 273360701618
11 17 10 20 2 2 39744834594405 25337585821
11 16 14 20 8 8 39770171946844 25479776516
11 17 14 20 2 2 39770172180226 27022480071
11 17 10 20 2 14 39770172180226 70560368502
11 16 11 20 8 7 39782867135482 38264304970
11 17 11 20 2 19 39791737029918 32480167903
11 16 10 20 8 10 39793941249821 68288772405
11 16 0 20 8 9 39795651723360 25479757075
11 17 0 20 2 8 39797194660297 27022551454
10 2 2 22 6 20 39809493046311 221682236351
10 2 11 22 6 12 39809493055811 362739371697
11 16 0 20 8 2 39821131480435 30632167161
11 16 11 20 8 9 39821131480435 30632144168
11 17 0 20 2 12 39824217211751 29509511684
11 17 11 20 2 8 39824217211751 29509462143
11 17 10 20 2 20 39840732548728 70560444291
11 16 11 20 8 2 39851763647596 14562190238
11 17 11 20 2 12 39853726723435 14028535187
11 16 10 20 8 11 39862230022226 49286728507
11 16 16 20 8 3 39866325837834 14562186421
11 17 16 20 2 18 39867755258622 14028506656
11 16 16 20 8 9 39880888024255 30632105784
11 16 17 20 8 3 39880888024255 30632132735
11 17 16 20 2 8 39881783765278 29509478449
11 17 17 20 2 18 39881783765278 29509500171
11 17 16 20 2 20 39911293243727 23801565965
11 17 17 20 2 8 39911293265449 23801532877
11 16 10 20 11 22 39911516750733 108828921489
11 16 16 20 8 11 39911520130039 25941552223
11 16 17 20 8 9 39911520156990 25941527087
11 17 14 20 2 14 39935094798326 31490475127
11 17 17 20 2 20 39935094809692 31501536057
11 17 16 20 2 3 39935094809692 54811271150
11 16 16 20 8 12 39937461682262 40078392115
11 16 14 20 8 10 39937461684077 40078260791
11 16 17 20 8 11 39937461684077 40078342808
10 14 11 22 6 21 39960367672867 513613212800
11 17 2 20 2 14 39966585273453 31500304099
11 17 14 20 2 20 39966596345749 31489228005
10 10 10 22 9 6 39966819765590 641197279982
11 16 2 20 8 10 39977539944868 42809243989
11 16 14 20 8 11 39977540026885 42809152317
11 16 17 20 8 12 39977540074377 35517786208
11 17 17 20 2 3 39989906080842 54811130623
11 17 2 20 2 20 39998085577552 14972371684
11 17 0 20 2 21 40013057949236 15829738830
11 17 13 20 8 2 40013057949236 31659357373
10 0 14 22 16 9 40013621936877 350830250795
10 0 17 22 16 22 40013622023660 350943430813
10 0 16 22 16 12 40013622023660 701776479811
11 16 10 20 11 2 40020345672222 167580114447
11 16 14 20 11 22 40020349179202 101315516280
11 16 2 20 8 11 40020349188857 24368026461
11 17 11 20 2 21 40028887688066 15829730829
10 2 0 22 6 5 40031175282662 141057209224
10 11 2 9 5 12 40041692815131 406817421887
10 11 14 9 5 20 40041693006275 290286111613
11 16 0 20 8 15 40044717215318 57438649774
11 17 13 20 8 11 40044717306609 22750078471
11 14 0 20 5 4 40044717418895 18092228233
11 14 9 20 5 15 40044717418895 50807469698
11 17 1 20 8 2 40044717418895 63702543302
11 14 4 20 5 4 40062809647128 28433343899
11 14 0 20 5 16 40062809647128 56866609254
11 17 14 20 8 11 40067467385080 35753586988
11 17 13 20 8 20 40067467385080 71507037008
11 14 11 20 5 4 40091242991027 28433392298
10 2 10 22 6 13 40092366024858 381614795347
11 14 1 20 5 15 40095524888593 50807556524
10 10 2 22 19 9 40101340254915 468597344617
10 10 14 22 19 22 40101487212851 468450335068
11 16 11 20 8 15 40102155865092 120824555480
11 16 0 20 11 19 40102155865092 120824547841
11 17 11 20 8 11 40103220972068 35753576608
11 17 18 20 8 2 40108419962197 63702624089
11 14 0 20 5 5 40119676256382 65091719083
11 14 9 20 5 16 40119676383325 26656180009
10 10 17 22 19 12 40120452914622 487565124321
11 16 2 20 11 22 40121664695482 101315677838
11 17 13 20 8 6 40138974422088 84006296241
11 17 1 20 8 20 40138974548676 33148040715
11 14 9 20 5 1 40146332563334 35084835783
11 14 1 20 5 16 40146332563334 35084820827
11 17 1 20 8 3 40172122589391 43756320386
11 17 18 20 8 20 40172122589391 43756304740
10 2 0 22 6 18 40172232491886 204521460566
10 2 11 22 6 5 40172232491886 204521424651
11 14 1 20 5 1 40181417399117 16678953178
11 14 0 20 5 17 40184767975465 65091884992
11 16 10 20 11 5 40187925786669 167579971457
11 14 6 20 5 13 40198096352295 16678946590
11 14 6 20 5 16 40214775298885 35084811000
11 14 7 20 5 13 40214775298885 35084823163
11 17 18 20 8 3 40215878909777 20801323654
11 16 0 20 11 2 40222980412933 75950230527
11 16 11 20 11 19 40222980420572 75976515839
11 17 13 20 8 15 40222980718329 78256797246
11 17 5 20 8 12 40236680233431 20801259749
11 14 6 20 5 17 40249860109885 28214925679
11 14 7 20 5 16 40249860122048 25695034174
11 17 5 20 8 20 40257481493180 43756265913
11 17 10 20 8 12 40257481493180 43756282653
11 14 4 20 5 5 40275555156222 45601360335
11 2 14 20 5 16 40275555156222 66153868743
11 14 7 20 5 17 40278075035564 44341933635
11 14 6 20 5 6 40278075035564 88683486725
11 16 0 20 11 4 40298930643460 75973985827
11 16 11 20 11 2 40298956936411 75947718469
11 17 5 20 8 15 40301237759093 33273724978
11 17 10 20 8 20 40301237775833 33273700776
11 14 11 20 5 5 40321156516557 45602087908
11 14 4 20 5 17 40322416969199 44341616659
10 11 1 9 5 5 40331979117888 189784470594
11 17 14 20 8 6 40334511476609 45632562368
11 17 10 20 8 15 40334511484071 45654586943
11 17 5 20 8 1 40334511484071 68463794049
11 2 15 20 5 16 40341709024965 66153960803
11 16 10 20 11 8 40355505758126 167580739952
10 0 2 22 16 9 40364452187672 350946388916
10 0 14 22 16 22 40364565454473 350833063220
11 14 10 20 5 6 40366758585858 35752738560
11 14 11 20 5 17 40366758604465 34137517937
11 16 11 20 11 4 40374904654880 36111657867
10 2 11 22 6 18 40376753952452 97227224258
11 17 11 20 8 6 40380144038977 45642551369
11 17 14 20 8 15 40380166071014 45644509497
11 14 9 20 5 19 40400896122402 70542898704
11 2 14 20 5 17 40400896122402 73120757366
11 14 7 20 5 6 40402511324418 35752866111
11 17 10 20 8 1 40402975278120 68463522184
11 2 12 20 5 16 40407862985768 66153889848
11 16 16 20 11 7 40411016312747 36111688252
11 14 0 20 8 22 40425786590346 45652162114
11 17 11 20 8 15 40425810580511 45628272034
11 2 2 20 5 15 40438264190529 35752780014
11 16 16 20 11 2 40447128000999 75962273201
11 16 17 20 11 7 40447128000999 75962305592
10 11 2 9 5 20 40448510237018 406817188665
11 14 4 20 8 22 40471438752460 48320168445
11 14 0 20 8 2 40471438800304 96640134957
11 17 1 20 8 5 40471438852545 57800027864
11 14 1 20 5 19 40471439021106 86340572020
11 14 9 20 8 19 40471439021106 86340528379
11 2 14 20 5 18 40474016879768 87290358741
11 2 0 20 5 15 40474016970543 44196752400
11 2 2 20 5 17 40474016970543 44181775902
10 2 10 22 6 21 40473980885667 270706912376
10 2 16 22 6 3 40473981176710 87225305602
11 2 2 20 5 10 40518198746445 44196253025
11 2 0 20 5 17 40518213722943 44181299171
11 14 11 20 8 22 40519758920905 48320144437
10 11 17 9 5 5 40521763588482 399217970965
10 11 10 22 16 19 40521763588482 399217268710
11 16 16 20 11 8 40523090274200 60352256077
11 16 17 20 11 2 40523090306591 60352201269
11 17 18 20 8 5 40529238880409 57799954004
11 14 1 20 8 19 40557779593126 41045861251
10 2 16 22 6 5 40561206482312 183481595304
10 2 17 22 6 3 40561206482312 183481638266
11 2 14 20 5 19 40561307238509 87290055505
11 2 0 20 5 10 40562395022114 21006872107
11 14 9 20 8 2 40568079065342 30746234361
10 10 2 22 19 22 40569937599532 222729503305
11 2 6 20 5 11 40583401894221 21006871017
11 16 14 20 11 5 40583442507860 77455235945
11 16 17 20 11 8 40583442530277 77481821581
11 16 16 20 11 11 40583442530277 154936867742
11 14 0 20 8 5 40587038834413 57799842686
11 14 9 20 8 4 40598825299703 35181794399
11 14 1 20 8 2 40598825454377 35181759930
11 2 6 20 5 17 40604408765238 44188766010
11 2 11 20 5 11 40604408765238 44188785183
10 10 10 22 9 19 40608017045572 749904303351
10 10 14 22 9 6 40608018038943 437945527159
11 14 1 20 8 4 40634007214307 16725027444
11 14 0 20 8 8 40644838677099 57800072990
11 2 6 20 5 19 40648597531248 34336519665
11 2 11 20 5 17 40648597550421 34336486320
11 14 6 20 8 7 40650732241751 16725021643
11 16 2 20 11 5 40660897743805 77481727590
11 16 14 20 11 8 40660924351858 77455101188
11 14 6 20 8 2 40667457263394 35181794059
11 14 7 20 8 7 40667457263394 35181808158
11 2 15 20 5 18 40682934036741 44067054993
11 2 11 20 5 19 40682934050913 44082492330
11 2 6 20 5 20 40682934050913 88150709167
11 14 6 20 8 8 40702639057453 26230925865
11 14 7 20 8 2 40702639071552 26230899870
10 0 1 22 16 12 40715398517693 384258503452
10 0 2 22 16 22 40715398576588 211178487073
11 2 12 20 5 18 40727001091734 44083725950
11 2 15 20 5 19 40727016543243 44068266770
11 14 4 20 8 5 40728869971422 33662938148
11 14 7 20 8 8 40728869983318 33675037001
11 14 6 20 8 11 40728869983318 67339130744
11 16 1 20 11 11 40738379453046 73494272046
11 16 2 20 11 8 40738379471395 51101488964
10 2 16 22 6 21 40744688077616 133190265516
10 2 17 22 6 5 40744688120578 133190193124
11 14 11 20 8 5 40762532909570 33676250426
11 14 4 20 8 8 40762545020319 33664142891
11 2 7 20 5 20 40771084810013 53448368636
11 2 12 20 5 19 40771084817684 25124399801
11 16 0 20 11 20 40789480960359 51101494012
10 10 0 22 19 5 40792667102837 222729817315
11 14 11 20 8 8 40796209163210 29719985595
11 14 10 20 8 11 40796209163210 44579911647
11 2 2 20 5 0 40796209217485 44579903354
11 2 10 20 8 7 40796209217485 28324046287
11 16 17 20 11 11 40811873725092 73494383679
11 2 11 20 5 20 40824533178649 83386980496
11 2 14 20 8 7 40824533263772 41693517893
11 2 10 20 8 2 40824533263772 60836553150
11 14 9 20 8 20 40825929148805 29719978625
11 16 11 20 11 20 40840582454371 51101437140
11 14 7 20 8 11 40840789074857 44579910356
11 2 0 20 5 0 40840789120839 44579937771
10 11 0 9 5 6 40855327425683 406817368386
11 14 1 20 8 20 40855649127430 29720012942
11 2 2 20 8 7 40866226781665 41693518744
10 2 14 22 6 13 40877878313702 176857359448
10 2 17 22 6 21 40877878343132 176913880344
10 2 16 22 6 6 40877878343132 303019300490
11 1 10 20 11 17 40885369140372 19292891148
11 2 0 20 8 12 40885369058610 22551240939
11 2 10 20 8 20 40885369816922 59444559829
11 1 0 20 11 15 40891683891511 51101261227
11 1 14 20 11 17 40904662031520 30320292897
11 1 10 20 11 19 40904662031520 60640454293
11 2 11 20 8 12 40907920299549 24388779984
11 2 0 20 8 2 40907920300409 24379641644
10 11 10 22 16 4 40920980857192 427954170363
10 11 14 22 16 19 40920981559447 373989962666
10 0 0 22 16 5 40926577063661 211178992180
11 2 0 20 8 14 40932299942053 24390177283
11 2 11 20 8 2 40932309079533 24381042843
11 1 2 20 11 17 40934982324417 30320294416
11 1 11 20 11 15 40942785152738 51101411109
11 2 10 20 8 15 40944814376751 59444580832
11 2 11 20 8 14 40956690122376 11592210091
11 1 10 20 11 21 40965302485813 68530309300
11 1 0 20 11 19 40965302618833 28585004773
11 2 16 20 8 9 40968282332467 11592233948
11 2 16 20 8 2 40979874566415 24384649556
11 2 17 20 8 9 40979874566415 24384672764
11 1 0 20 11 5 40993887623606 36763197506
11 1 11 20 11 19 40993887623606 36763181968
11 2 16 20 8 15 41004259215971 19736705263
11 2 17 20 8 2 41004259239179 19736667474
10 10 11 22 19 5 41015396920152 468518850782
10 10 0 22 9 16 41015396920152 468518885506
11 2 14 20 8 20 41023995906653 25326977174
11 2 17 20 8 15 41023995921234 25336782406
11 2 16 20 8 10 41023995921234 50666418826
11 1 11 20 11 5 41030650821112 17476824788
11 1 10 20 11 0 41033832795113 68530329496
10 10 2 22 9 6 41045963566102 437952393430
11 1 16 20 11 7 41048127645900 17472541931
11 2 2 20 8 20 41049322883827 25339530521
11 2 14 20 8 15 41049332703640 25329700404
10 2 2 22 6 13 41054735673150 176912375161
10 2 14 22 6 21 41054792223476 176855803007
11 1 16 20 11 19 41065600187831 36763177291
11 1 17 20 11 7 41065600187831 36763192239
11 2 1 20 8 10 41074662404044 24637050670
11 2 2 20 8 15 41074662414348 16424752092
11 2 0 20 8 18 41091087166440 16424771766
11 2 17 20 8 10 41099299454714 24637077331
10 0 17 22 16 12 41099657021145 384258614382
11 1 16 20 11 0 41102363365122 28355781095
11 1 17 20 11 19 41102363380070 28074006559
11 2 11 20 8 18 41107511938206 16424676451
11 0 10 20 20 22 41123936614657 13275288720
11 0 0 20 20 19 41123936614657 37280440800
11 17 10 20 11 19 41130437386629 86105554108
11 1 14 20 11 21 41130437386629 44701788966
11 1 17 20 11 0 41130719146217 44562626805
11 1 16 20 11 2 41130719146217 89123630146
11 0 14 20 20 22 41137211903377 20863215091
11 0 10 20 20 2 41137211903377 41726334451
10 0 11 22 16 5 41137756055841 211178991947
11 0 2 20 20 22 41158075118468 20863241534
11 0 11 20 20 19 41161217055457 37280384803
11 1 2 20 11 21 41175139175595 44703475472
11 1 14 20 11 0 41175281773022 44561060482
11 0 10 20 20 5 41178938237828 47761658175
11 0 0 20 20 2 41178938360002 19559211840
10 2 17 22 6 6 41180897643622 303018653870
11 0 0 20 20 4 41198497571842 25743829906
11 0 11 20 20 2 41198497571842 25743817435
11 17 0 20 11 19 41216542940737 86105669239
11 17 10 20 11 22 41219842651067 46283541476
11 1 2 20 11 0 41219842833504 78403250793
11 1 1 20 11 2 41219842833504 46283459813
11 0 11 20 20 4 41224241401748 12238328764
11 0 10 20 20 8 41226699896003 47761665202
10 2 2 22 6 21 41231648048311 84089434737
11 0 16 20 20 7 41236479730512 12238308684
11 0 16 20 20 2 41248718039196 25743789612
11 0 17 20 20 7 41248718039196 25743804698
10 11 11 9 5 6 41262144794069 406816848994
11 17 14 20 11 22 41266126192543 46283419606
11 1 17 20 11 2 41266126293317 46283336306
11 0 16 20 20 8 41274461828808 20452316631
11 0 17 20 20 2 41274461843894 19067904867
11 0 14 20 20 5 41293529748761 32834278574
11 11 10 20 20 2 41293529748761 51310206226
11 0 17 20 20 8 41294914145439 32142367009
11 0 16 20 20 11 41294914145439 64284461354
10 11 2 22 16 19 41294971522113 373990179615
11 1 0 20 11 8 41298246084297 78403551962
11 17 11 20 11 19 41302648609976 86105794239
11 17 2 20 11 22 41312409612149 46283311738
11 17 10 20 11 2 41312409629623 46283277531
10 2 0 22 6 7 41315737483048 84089504903
11 0 2 20 20 5 41326364027335 32834621567
11 0 14 20 20 8 41327056512448 32142137019
11 11 14 20 20 2 41344839954987 51310813937
10 11 10 22 16 8 41348935047788 134981099128
10 10 10 22 9 9 41357921348923 749905228505
11 17 10 20 11 5 41358692907154 96360287024
11 17 0 20 11 2 41358692923887 30061653391
11 11 10 20 20 18 41359198648902 88262739229
11 0 2 20 20 8 41359198649467 22065736541
11 0 1 20 20 11 41359198649467 47528300349
11 1 11 20 11 8 41376649636259 78403526384
11 0 0 20 20 20 41381264386008 22065763178
11 17 0 20 11 4 41388754577278 44936395909
11 17 11 20 11 2 41388754577278 44936388017
11 11 2 20 20 2 41396150768924 51310622787
10 2 11 22 6 7 41399826987951 84089533782
11 0 11 20 20 20 41403330149186 22065709826
11 0 17 20 20 11 41406726949816 47528192766
11 11 0 20 20 9 41425395859012 22065702011
11 17 11 20 11 4 41433690973187 21362363499
11 11 11 20 20 9 41447461561023 25785553384
11 11 0 20 20 18 41447461561023 25776097136
11 11 10 20 20 11 41454255142582 47528127444
11 17 10 20 11 8 41455053194178 57344574153
11 17 16 20 11 7 41455053336686 18477202194
11 11 0 20 20 21 41473237658159 25784242060
11 11 11 20 20 18 41473247114407 25774809106
11 17 16 20 11 2 41473530538880 38867435903
11 17 17 20 11 7 41473530538880 38867448332
10 10 11 22 9 16 41483915805658 356074940646
10 10 0 22 9 19 41483915959532 355960558098
10 11 0 22 16 11 41483916146916 185045588321
10 11 10 22 16 12 41483916146916 494800744010
10 0 0 22 19 16 41483916521733 105792468235
10 0 2 22 19 11 41483916521733 105792478293
11 11 11 20 20 21 41499021923513 12255241109
11 11 10 20 20 4 41501783270026 47528188539
11 11 16 20 20 14 41511277164622 12255270702
11 17 16 20 11 8 41512397974783 28214087764
11 17 17 20 11 2 41512397987212 28214066314
11 11 16 20 20 18 41523532435324 25779369991
11 11 17 20 20 14 41523532435324 25779388190
11 17 14 20 11 5 41540612053526 37463841344
11 17 17 20 11 8 41540612062547 37476624175
11 17 16 20 11 11 41540612062547 64188319522
11 11 16 20 20 4 41549311805315 19736678108
11 11 17 20 20 18 41549311823514 19736646211
11 11 14 20 20 11 41569048469725 25329432657
11 11 17 20 20 4 41569048483423 25338401323
11 11 16 20 20 20 41569048483423 50668088481
11 17 2 20 11 5 41578075894870 37475448181
11 17 14 20 11 8 41578088686722 37462650980
10 0 6 22 19 16 41589708989968 173787294371
10 0 0 22 19 11 41589709000026 75447386753
11 11 2 20 20 11 41594377902382 25338743138
11 11 14 20 20 4 41594386884746 25329751038
11 17 17 20 11 11 41604800382069 64189493428
11 17 2 20 11 8 41615551343051 17812917219
11 11 1 20 20 20 41619716635784 24637133338
11 11 2 20 20 4 41619716645520 16424788620
11 17 0 20 11 20 41633364260270 17812922317
11 11 0 20 20 22 41636141434140 16424747463
11 11 17 20 20 20 41644353769122 24637094825
11 17 11 20 11 20 41651177182587 17812895115
11 11 11 20 20 22 41652566181603 16424764087
10 0 9 22 19 11 41665156386779 158706534585
10 0 0 22 19 6 41665156386779 158706500117
10 11 11 22 16 11 41668961735237 203677162023
10 11 0 22 16 4 41668961735237 203609560317
16 10 13 10 6 6 41668990945690 15115287034
16 10 10 10 6 16 41668990945690 15115271235
16 0 10 10 16 6 41668990945690 31649648109
16 0 0 10 16 16 41668990945690 88880194006
16 10 0 10 6 16 41684106216925 24830124029
16 10 10 10 6 6 41684106232724 10779677630
16 10 14 10 6 6 41694885910354 22675454448
16 10 10 10 6 19 41694885910354 22675446044
16 0 14 10 16 6 41700640593799 49739901284
16 0 10 10 16 19 41700640593799 99479636753
16 10 11 10 6 16 41708936340954 24830189551
16 10 10 10 6 9 41717561356398 37080548886
16 10 0 10 6 19 41717561364802 16205217639
16 10 0 10 6 20 41733766582441 19640923548
16 10 11 10 6 19 41733766582441 19640900645
16 0 2 10 16 6 41750380495083 49739897422
16 10 11 10 6 20 41753407505989 9337116778
16 10 10 10 6 22 41754641905284 37080522381
16 0 11 10 16 16 41757871139696 88880139355
16 10 16 10 6 10 41762744622767 9337140161
10 0 7 22 19 16 41763496284339 173787374419
16 10 16 10 6 19 41772081762928 19640906314
16 10 17 10 6 10 41772081762928 19640980362
16 10 10 10 19 16 41791722427665 45813029210
16 10 16 10 6 22 41791722669242 18649457848
16 10 17 10 6 19 41791722743290 18649373718
16 0 10 10 16 9 41800120230552 113868499991
16 0 0 10 16 19 41800120392505 46631010106
16 10 14 10 6 9 41810372117008 26037776469
16 10 17 10 6 22 41810372127090 26046713826
16 10 16 10 6 12 41810372127090 36488253303
10 0 0 22 19 1 41823862886896 259528808622
10 0 6 22 19 6 41823862921364 113420705858
16 10 2 10 6 9 41836409893477 26046855001
16 10 14 10 6 22 41836418840916 26037919042
16 10 10 10 19 6 41837535456875 45812905583
10 10 0 22 9 20 41839876517630 356076978087
10 10 11 22 9 19 41839990746304 355962765169
16 0 0 10 16 20 41846751402611 61375695951
16 0 11 10 16 19 41846751402611 61375675653
16 10 17 10 6 12 41846860380393 36488247244
16 14 10 10 6 10 41862456748478 35153963412
16 10 2 10 6 22 41862456759958 20605043285
10 11 0 22 16 17 41872571295554 203682174575
10 11 11 22 16 4 41872638897260 203614592960
16 10 0 10 6 5 41883061803243 20605281855
16 10 10 10 19 19 41883348362458 102220036422
16 14 0 10 6 15 41883348627637 53857724018
16 10 14 10 19 6 41883348627637 51110163512
16 14 14 10 6 10 41897610711890 35153894833
16 10 11 10 6 5 41903667085098 32125830125
16 10 0 10 19 16 41903667085098 65768840229
16 0 11 10 16 20 41908127098562 29177340237
16 0 10 10 16 22 41913988730543 113868479315
16 14 2 10 6 10 41932764606723 35153962381
16 10 2 10 19 6 41934458791149 51110170821
16 14 10 10 6 5 41935792915223 32125710340
16 14 11 10 6 15 41937206351655 53857937804
10 0 6 22 19 18 41937283627222 137467941837
10 0 7 22 19 6 41937283658758 137467870184
16 0 16 10 16 10 41937304438799 29177355772
16 0 16 10 16 19 41966481794571 61375649359
16 0 17 10 16 10 41966481794571 61375668418
16 14 10 10 6 0 41967918625563 59609133647
16 14 0 10 6 5 41967918625563 23145840506
16 10 11 10 19 16 41969435925327 65768911729
10 11 10 22 16 20 41978716890926 494802863784
16 10 10 10 19 9 41985568398880 108343023091
16 10 0 10 19 19 41985568961970 49635748222
16 14 0 10 6 17 41991064466069 32558422221
16 14 11 10 6 5 41991064466069 32558412022
16 14 11 10 6 17 42023622888290 15477932191
16 14 10 10 6 18 42027527759210 59609190991
16 0 16 10 16 22 42027857443930 48093936952
16 0 17 10 16 19 42027857462989 46057047350
16 10 0 10 19 20 42035204710192 56612331299
16 10 11 10 19 19 42035204837056 56612279642
16 14 16 10 6 12 42039100820481 15477907292
16 14 16 10 6 5 42054578727773 32558405451
16 14 17 10 6 12 42054578727773 32558421369
16 0 14 10 16 9 42073914510339 76600875793
16 11 10 10 16 19 42073914510339 130932762042
10 0 7 22 19 18 42074751569059 65350762760
16 0 17 10 16 22 42075951380882 75583224157
16 0 16 10 16 12 42075951380882 151165685201
10 11 11 22 16 17 42076253490220 96810819270
10 0 0 22 19 19 42083391695518 259528833111
16 14 16 10 6 18 42087137133224 24888360010
16 14 17 10 6 5 42087137149142 24888328622
16 10 11 10 19 20 42091817116698 26912887881
16 10 10 10 19 22 42093911421971 108342975330
10 10 10 22 9 22 42107826577428 749904999769
16 14 14 10 6 0 42112025477764 31087722116
16 14 17 10 6 18 42112025493234 31102519540
16 14 16 10 6 13 42112025493234 71309721937
16 10 16 10 19 10 42118730004579 26913024211
10 0 4 22 19 13 42140102331819 65350703531
16 14 2 10 6 0 42143113199880 31095794996
16 14 14 10 6 18 42143128012774 31095655391
16 10 16 10 19 19 42145643028790 56612106022
16 10 17 10 19 10 42145643028790 56612447256
16 0 2 10 16 9 42150515386132 76601673296
16 0 14 10 16 22 42151534605039 75582459786
10 11 16 22 16 2 42173064309490 96810843799
16 2 10 10 6 12 42174208994876 31102604115
16 14 2 10 6 18 42174223668165 31087930786
16 14 1 10 6 13 42183335215171 71309408974
10 10 11 22 9 20 42195953511473 169246807065
16 10 10 10 9 16 42202254397301 118309533606
16 10 16 10 19 22 42202255134812 55334974594
16 10 17 10 19 19 42202255476046 55334629788
16 11 14 10 16 19 42204847272381 130932944546
16 14 0 10 6 21 42205311598951 95975166687
16 2 10 10 6 20 42205311598991 26358332697
16 2 0 10 6 12 42205311598991 67782430210
10 0 4 22 19 6 42205453035350 137467813539
10 0 11 22 19 13 42205453035350 137468151695
16 11 10 10 16 4 42227117059428 161925589948
16 0 2 10 16 22 42227117064825 53975240293
16 0 1 10 16 12 42227117066083 119699056662
16 2 14 10 6 20 42231669931688 41424184972
16 2 10 10 6 5 42231669931688 82848226490
16 14 17 10 6 13 42254644624145 71307662112
16 10 14 10 19 9 42257590105834 83108250983
16 10 17 10 19 22 42257590109406 83137032167
16 10 16 10 19 12 42257590109406 90642207450
10 11 16 22 16 4 42269875153289 203644862751
10 11 17 22 16 2 42269875153289 203644994734
16 2 2 10 6 20 42273094116660 41424109519
16 2 11 10 6 12 42273094029201 67782422948
16 0 0 10 16 5 42281092305118 53975298291
16 14 11 10 6 21 42301286765638 95975150410
16 2 0 10 6 5 42314518226179 26358337786
16 10 10 10 9 6 42320563930907 118309480491
16 2 10 10 6 13 42325952286257 71309564341
16 0 11 10 16 5 42335067603409 53975168967
16 11 2 10 16 19 42335780216927 130932918385
16 10 2 10 19 9 42340698356817 83134355011
16 10 14 10 19 22 42340727141573 83105560561
16 2 0 10 6 18 42340876563965 38217490917
16 2 11 10 6 5 42340876563965 38217481833
10 0 0 22 20 16 42342920528629 319837354147
10 0 4 22 19 19 42342920848889 130600158937
10 0 11 22 19 6 42342921187045 130599759709
16 0 17 10 16 12 42346816122745 119699051012
16 10 17 10 19 12 42348232316856 90641779893
10 10 16 22 9 10 42365200318538 169246496405
16 2 11 10 6 18 42379094054882 18168119737
16 11 10 10 16 8 42389042772376 38835234090
16 2 10 10 6 21 42397261916048 50585003649
16 2 16 10 6 3 42397262174619 16299173107
16 2 16 10 6 5 42413561347726 34285877871
16 2 17 10 6 3 42413561347726 34285890514
16 10 2 10 19 22 42423832711828 39514378011
16 11 0 10 16 11 42427878006466 38835355043
16 10 10 10 9 19 42438873411398 153463217240
16 10 14 10 9 6 42438874096749 76732455854
16 2 16 10 6 21 42447847225597 24888338792
16 2 17 10 6 5 42447847238240 24888316943
16 10 0 10 19 5 42463347089839 39514427781
16 11 10 10 16 12 42466515173757 119699006478
16 11 11 10 16 11 42466713361509 60555002274
16 11 0 10 16 4 42466713361509 60534765894
16 2 14 10 6 13 42472735555183 33047731408
16 2 17 10 6 21 42472735564389 33059323229
16 2 16 10 6 6 42472735564389 56622834215
10 11 16 22 16 20 42473520016040 173605150508
10 11 17 22 16 4 42473520148023 173605023030
10 0 9 22 19 1 42473520946754 212956448995
10 11 10 22 19 6 42473520946754 527240282552
10 0 11 22 19 19 42473521007826 213027392638
10 0 4 22 19 14 42473521007826 254537092813
16 10 11 10 19 5 42502861517620 83119055183
16 10 0 10 9 16 42502861517620 83120946195
16 2 2 10 6 13 42505783286591 33058563365
16 2 14 10 6 21 42505794887618 33046957284
16 10 2 10 9 6 42515606552603 76732536789
16 11 0 10 16 17 42527248127403 60555520287
16 11 11 10 16 4 42527268363783 60535291673
16 2 17 10 6 6 42529358398604 56622776602
10 10 16 22 9 19 42534446814943 355967203060
10 10 17 22 9 10 42534446814943 356082644173
16 2 2 10 6 21 42538841849956 15713126184
16 2 0 10 6 7 42554554976140 15713241746
16 2 11 10 6 7 42570268217886 15713162004
16 0 0 10 19 16 42585981379890 21193347832
16 0 2 10 19 11 42585981379890 21193356439
16 10 11 10 9 16 42585982463815 82641774458
16 11 10 10 16 20 42586214180235 119699074433
16 11 11 10 16 17 42587803655456 28782503374
16 10 10 10 9 9 42592336628638 155200695884
16 10 0 10 9 19 42592339089392 76284825070
16 0 6 10 19 16 42607174727722 34814712746
16 0 0 10 19 11 42607174736329 15114343481
16 11 16 10 16 2 42616586158830 28782476201
16 0 9 10 19 11 42622289079810 31793587382
16 0 0 10 19 6 42622289079810 31793578188
16 0 7 10 19 16 42641989440468 34814736484
16 11 16 10 16 4 42645368635031 60545028847
16 11 17 10 16 2 42645368635031 60545052028
10 11 16 22 16 5 42647125166548 268274274047
10 11 14 22 16 12 42647125171053 268150704387
10 11 17 22 16 20 42647125171053 268210866025
16 0 0 10 19 1 42654082657998 51991218698
16 0 6 10 19 6 42654082667192 22721552418
10 0 0 22 20 6 42662757882776 319837339085
16 10 0 10 9 20 42668623914462 79340435752
16 10 11 10 9 19 42668624238273 79340168120
16 0 6 10 19 18 42676804219610 27538900839
16 0 7 10 19 6 42676804219610 27538879050
10 0 1 22 19 1 42686477395749 213028718546
10 0 9 22 19 19 42686548400464 212957703220
16 0 7 10 19 18 42704343120449 13091717681
16 11 16 10 16 20 42705913663878 47054180659
16 11 17 10 16 4 42705913687059 47054160355
16 0 0 10 19 19 42706073876696 51991261003
16 0 4 10 19 13 42717434838130 13091690795
10 0 11 22 19 14 42728058100639 254537570732
16 0 4 10 19 6 42730526528925 27538833960
16 0 11 10 19 13 42730526528925 27538905433
16 10 10 10 9 22 42747537324522 155200383042
16 10 11 10 9 20 42747964406393 37717460644
16 11 16 10 16 5 42752967844537 72712074580
16 11 14 10 16 12 42752967847414 72677446230
16 11 17 10 16 20 42752967847414 72695088948
16 0 0 10 20 16 42758065137699 67296036805
16 0 4 10 19 19 42758065362885 25893362740
16 0 11 10 19 6 42758065434358 25893264418
16 0 9 10 19 1 42783958698776 43463287133
16 11 10 10 19 6 42783958698776 107606637756
16 0 11 10 19 19 42783958725625 43478271131
16 0 4 10 19 14 42783958725625 54349406611
16 10 16 10 9 10 42785681867037 37717352799
16 10 16 10 9 19 42823399219836 79339878537
16 10 17 10 9 10 42823399219836 79340811104
16 0 0 10 20 6 42825361174504 67296050018
16 11 2 10 16 12 42825645293644 72712825968
16 11 14 10 16 20 42825662936362 72695171663
16 11 17 10 16 5 42825679919117 72678253740
16 0 1 10 19 1 42827421985909 43477690934
16 0 9 10 19 19 42827436996756 43462678936
16 0 11 10 19 14 42838308132236 54349394846
10 10 10 22 22 16 42857731577197 749909084689
16 0 1 10 19 19 42870899676843 20665783336
10 10 16 22 9 22 42890414018003 356071651425
10 10 17 22 9 19 42890529459116 355956206832
16 0 6 10 19 22 42891565460179 31014329602
16 11 10 10 19 19 42891565460179 40848291200
16 0 0 10 20 19 42892657224522 81248563484
16 0 9 10 20 6 42892657527082 47581093505
16 11 2 10 16 20 42898358119612 37451071942
16 11 14 10 19 6 42898358172857 62905519545
10 0 1 22 19 19 42899506114295 101255250477
16 10 10 10 22 16 42902737707564 162067731284
16 10 16 10 9 22 42902739098373 78449882676
16 10 17 10 9 19 42902740030940 78448948952
10 11 2 22 16 12 42915275875440 268266404914
10 11 14 22 16 20 42915336037078 268206207197
10 11 17 22 16 5 42915399440595 268143162026
16 0 7 10 19 22 42922579789781 65239953935
16 0 6 10 20 16 42922579789781 65239949634
16 11 10 10 19 14 42932413751379 40848172292
16 11 0 10 16 6 42935809191554 37451064072
16 0 1 10 20 6 42940238620587 47581079617
16 11 2 10 19 6 42961263692402 62905523253
16 11 11 10 16 6 42973260255626 50909028275
16 11 0 10 19 16 42973261923671 50909000346
16 11 10 10 19 9 42973261923671 94988419989
16 0 0 10 20 9 42973905788006 81248897626
16 10 14 10 9 9 42981188979892 120378015727
16 10 17 10 9 22 42981188981049 120416930557
16 10 16 10 9 12 42981188981049 122843228801
10 0 0 22 20 19 42982595221861 378503290656
10 0 9 22 20 6 42982595671371 225955201173
16 0 6 10 20 19 42987819739415 37602828581
16 0 7 10 20 16 42987819743716 37616462403
10 0 6 22 19 22 43000761364772 139758055761
10 11 10 22 19 19 43000761364772 225410050028
16 11 11 10 19 16 43024170924017 35206211811
16 11 0 10 19 19 43024170924017 35194216406
16 0 6 10 20 20 43025422567996 37615077548
16 0 7 10 20 19 43025436206119 37601457525
16 0 0 10 20 22 43055154685632 81249108206
16 11 0 10 19 20 43059365140423 35206260893
16 11 11 10 19 19 43059377135828 35194258933
16 0 7 10 20 20 43063037663644 17878869563
16 10 10 10 22 6 43064805438848 162067776072
16 11 10 10 19 22 43068250343660 94988483429
16 0 4 10 20 10 43080916533207 17878852048
16 11 11 10 19 20 43094571401316 16733781247
16 0 4 10 20 19 43098795385255 37608962403
16 0 11 10 20 10 43098795385255 37608980487
16 10 2 10 9 9 43101566995619 120415926515
16 10 14 10 9 22 43101605911606 120376995430
16 10 17 10 9 12 43104032209850 122842203076
16 11 16 10 19 10 43111305182563 16733747112
16 11 16 10 19 19 43128038929675 35200136281
16 11 17 10 19 10 43128038929675 35200160008
16 0 4 10 20 22 43136404347658 29995271560
16 0 11 10 20 19 43136404365742 29525895836
10 0 7 22 19 22 43140519420533 293986721970
10 0 6 22 20 16 43140519420533 293986701763
16 11 16 10 19 22 43163239065956 28993287266
16 11 17 10 19 19 43163239089683 28993248560
16 0 9 10 20 9 43165930261578 46402685939
16 11 10 10 20 19 43165930261578 92806552792
16 0 11 10 20 22 43166399619218 46168889385
16 0 4 10 20 12 43166399619218 98209773435
10 11 2 22 16 20 43183542280354 134019577395
10 11 14 22 19 6 43183542602621 244340182323
16 11 14 10 19 9 43192232338243 36915770647
16 11 17 10 19 22 43192232353222 36928607127
16 11 16 10 19 12 43192232353222 76765466494
10 0 1 22 20 6 43208550872544 225955271143
16 0 1 10 20 9 43212332947517 46403909553
16 0 9 10 20 22 43212568508603 46168348119
16 10 2 10 9 22 43221982922134 57234718368
10 11 10 22 19 14 43226171414800 225410529366
16 10 10 10 22 19 43226873214920 177701626776
16 10 14 10 22 6 43226874412926 114986457557
16 11 2 10 19 9 43229148108890 36927867088
16 11 14 10 19 22 43229160960349 36915012097
10 10 14 22 9 9 43246485665948 547232920070
10 10 17 22 9 22 43246485669428 547402420967
10 10 16 22 9 12 43246485669428 555534118316
16 11 10 10 20 4 43258736857070 63933344232
16 0 1 10 20 22 43258736857070 24891247692
16 0 11 10 20 12 43264609392653 98209968293
16 11 2 10 19 22 43266075975978 17552182050
16 11 17 10 19 12 43268997819716 76765494568
16 10 0 10 9 5 43279217640502 57234318123
16 0 6 10 20 5 43283628104762 39595737920
16 11 13 10 20 22 43283628158028 39042173076
16 11 0 10 19 5 43283628158028 22945442586
16 11 11 10 19 5 43306573600614 48266684255
16 11 0 10 20 19 43306573600614 48266684102
10 11 0 22 16 6 43317561857749 134019276196
16 11 10 10 20 22 43322670331104 23093164030
16 0 7 10 20 5 43323223842682 39595731365
16 10 11 10 9 5 43336451958625 120395392262
16 10 0 10 22 16 43336451958625 120395378003
16 10 2 10 22 6 43341860870483 114986431636
16 11 14 10 20 22 43345763495134 17056167368
16 11 11 10 20 19 43354840284869 22945486807
10 0 0 22 20 9 43361098512517 378502703329
16 11 10 10 20 5 43362819574047 34251756312
16 11 0 10 20 2 43362819662502 14966149690
16 11 0 10 20 4 43377785812192 18143583820
16 11 11 10 20 2 43377785812192 18143556584
16 11 11 10 20 4 43395929396012 8625265503
16 11 10 10 20 8 43397071330359 34251838242
16 11 16 10 20 7 43404554661515 8625298288
16 10 10 10 22 9 43404574841696 177701283320
16 11 16 10 20 2 43413179959803 18143535761
16 11 17 10 20 7 43413179959803 18143565757
10 11 2 22 19 6 43427882784944 244339800547
16 11 16 10 20 8 43431323495564 13962801261
16 11 17 10 20 2 43431323525560 13962751415
10 0 7 22 20 16 43434506142503 173057247240
10 0 6 22 20 19 43434506143687 172999887647
16 11 16 10 20 11 43445286296825 31766345442
16 11 14 10 20 5 43445286276975 18540233903
16 11 17 10 20 8 43445286296825 18546627332
10 11 11 22 16 6 43451581133945 220641514203
10 11 0 22 19 16 43451581944166 220641462599
10 11 10 22 19 9 43451581944166 401884679769
16 10 0 10 22 19 43456847336628 76714568524
16 10 11 10 22 16 43456847350887 76740289666
16 11 2 10 20 5 43463826510878 18546577505
16 11 14 10 20 8 43463832924157 18540158531
16 11 17 10 20 11 43477052642267 31766332152
16 11 2 10 20 8 43482373088383 8815364358
16 11 0 10 20 20 43491188452741 8815399458
16 11 11 10 20 20 43500003852199 8815371534
16 16 13 10 10 6 43508819223733 13962778820
16 16 10 10 10 16 43508819223733 13962757717
16 16 0 10 10 16 43522781981450 22936893183
16 16 10 10 10 6 43522782002553 9957748002
16 16 14 10 10 6 43532739750555 20946490592
16 16 10 10 10 19 43532739750555 20946481514
16 10 0 10 22 20 43533561905152 76739683491
16 10 11 10 22 19 43533587640553 76713964656
16 16 11 10 10 16 43545718874633 22936916099
16 16 10 10 10 9 43553686232069 34253209651
16 16 0 10 10 19 43553686241147 14969606506
16 16 0 10 10 20 43568655847653 18143386087
16 16 11 10 10 19 43568655847653 18143364000
16 10 10 10 22 22 43582276125016 177700926685
16 16 11 10 10 20 43586799233740 8625172236
16 16 10 10 10 22 43587939441720 34253256858
16 16 16 10 10 10 43595424405976 8625181653
16 16 16 10 10 19 43604049587629 18143346630
16 16 17 10 10 10 43604049587629 18143399670
10 0 6 22 20 20 43607506031334 173059450515
10 0 7 22 20 19 43607563389743 173002133355
10 10 10 22 22 6 43607640661886 749907240929
16 10 11 10 22 20 43610301605209 36475061298
16 16 10 10 19 20 43622192698578 51989679909
16 16 16 10 10 22 43622192934259 16555873906
16 16 17 10 10 19 43622192987299 16555770236
16 17 10 10 10 19 43638748757535 63190377553
16 16 14 10 10 9 43638748757535 26093615095
16 16 17 10 10 22 43638748808165 26102872926
16 16 16 10 10 12 43638748808165 43711878167
16 10 16 10 22 10 43646776666507 36475015425
16 16 2 10 10 9 43664842372630 26103646264
16 16 14 10 10 22 43664851681091 26094337273
10 11 0 22 19 19 43672223406765 147572808547
10 11 11 22 19 16 43672223406765 147619618838
16 16 10 10 19 21 43674182378487 51989900133
16 16 17 10 10 12 43682460686332 43711895519
16 10 16 10 22 19 43683251681932 76726615462
16 10 17 10 22 10 43683251681932 76726649887
16 16 2 10 10 22 43690946018894 12407029505
16 17 0 10 10 19 43701939135088 63190871895
16 16 0 10 10 5 43703353048399 30425497138
16 17 10 10 10 22 43703353048399 22821461092
16 16 10 10 19 22 43726172278620 70170280921
16 16 14 10 19 21 43726172581851 35803676275
16 17 14 10 10 22 43726174509491 35802728533
16 17 10 10 10 2 43726174509491 71605270696
16 16 11 10 10 5 43733778545537 64001204688
16 16 0 10 19 20 43733778545537 64001207932
10 0 0 22 20 22 43739601215846 378503286163
16 10 16 10 22 22 43759978297394 61523913095
16 10 17 10 22 19 43759978331819 61523840247
16 16 2 10 19 21 43761976258126 35803699768
16 17 2 10 10 22 43761977238024 35802629444
16 17 11 10 10 19 43765130006983 63190746972
10 0 7 22 20 20 43780565523098 82255711438
10 10 2 22 9 9 43793718586018 547393560621
10 10 14 22 9 22 43793888090395 547223994424
16 16 10 10 19 0 43796342559541 70170750000
16 16 11 10 19 20 43797779753469 35164853430
16 17 10 10 10 5 43797779780187 76283337102
16 17 0 10 10 2 43797779867468 30541127504
16 16 0 10 19 22 43797779957894 35152599234
10 10 17 22 9 12 43802019787744 555530035939
10 11 0 22 19 20 43819796215312 147624962608
10 11 11 22 19 19 43819843025603 147578142130
16 10 14 10 22 9 43821502172066 73775720015
16 10 17 10 22 22 43821502210489 73803239377
16 10 16 10 22 12 43821502210489 214806608244
16 17 0 10 10 4 43828320994972 41353718471
16 17 11 10 10 2 43828320994972 41353705393
16 16 0 10 19 15 43832932557128 35164517108
16 16 11 10 19 22 43832944606899 35152531423
10 11 10 22 19 22 43853466623935 401883990463
10 0 4 22 20 10 43862821234536 82255722695
16 16 10 10 19 1 43866513309541 70170747672
16 16 11 10 19 15 43868097138322 16714211977
16 17 11 10 10 4 43869674713443 19659159343
16 17 10 10 10 8 43874063117289 76283354390
16 16 16 10 19 16 43884811350299 16714234755
16 17 16 10 10 7 43889333872786 19659141547
16 10 2 10 22 9 43895277892081 73800540108
16 10 14 10 22 22 43895305449866 73773195680
16 16 16 10 19 22 43901525585054 35159061840
16 16 17 10 19 16 43901525585054 35159079589
16 17 16 10 10 2 43908993014333 41353703038
16 17 17 10 10 7 43908993014333 41353720882
16 16 16 10 19 1 43936684646894 27378788553
16 16 17 10 19 22 43936684664643 27378751457
10 0 4 22 20 19 43945076957231 173028027305
10 0 11 22 20 10 43945076957231 173028095485
16 17 16 10 10 8 43950346717371 31664193406
16 17 17 10 10 2 43950346735215 31664160444
16 16 14 10 19 0 43964063416100 33167426558
16 16 17 10 19 1 43964063435447 33178958182
16 16 16 10 19 2 43964063435447 90619951431
10 11 11 22 19 20 43967421177920 70166187025
16 16 10 10 22 10 43969078432189 77381949050
16 10 2 10 22 22 43969078645546 70509378876
16 17 14 10 10 5 43982010895659 39808833981
16 17 17 10 10 8 43982010910777 39822452543
16 17 16 10 10 11 43982010910777 88280657918
16 16 2 10 19 0 43997230842658 33178958072
16 16 14 10 19 1 43997242393629 33167415000
16 17 2 10 10 5 44021819729640 39822555726
16 17 14 10 10 8 44021833363320 39808916833
16 17 10 10 19 16 44030409800730 51635093099
16 16 2 10 19 1 44030409808629 24273788051
16 10 17 10 22 12 44036308818733 214807152021
10 11 16 22 19 10 44037587364945 70166303805
16 10 0 10 22 5 44039588024422 70509339020
16 16 10 10 22 19 44046460381239 77381791012
16 16 17 10 19 2 44054683386878 103888794551
16 16 0 10 19 5 44054683596680 38018906052
16 16 13 10 22 22 44054683596680 69161972164
16 17 2 10 10 8 44061642285366 18927885496
16 17 17 10 10 11 44070291568695 88280751024
16 17 13 10 19 19 44080570170862 53109806489
16 17 0 10 10 20 44080570170862 31733330838
16 17 10 10 19 1 44082044893829 51635020819
16 16 11 10 19 5 44092702502732 79974387222
16 16 0 10 22 10 44092702502732 79974387144
10 11 16 22 19 19 44107753668750 147597132649
10 11 17 22 19 10 44107753668750 147597231535
16 10 11 10 22 5 44110097363442 70509337872
16 17 11 10 10 20 44112303501700 66752308704
16 17 0 10 19 16 44112303501700 66752308736
10 0 4 22 20 22 44118104984536 137246678490
10 0 11 22 20 19 44118105052716 137245972536
16 16 10 10 22 22 44123845568844 34726797643
16 17 10 10 19 19 44133679977351 24892527315
16 16 14 10 22 22 44158572366487 26061857207
16 17 14 10 19 19 44158572504666 26108309511
16 17 10 10 19 2 44158572504666 68387723036
16 16 11 10 22 10 44172676889954 38019075629
16 17 11 10 19 16 44179055810436 31733315489
16 16 10 10 22 0 44180606701314 70509514346
16 16 0 10 22 11 44184634223694 26061780310
16 17 0 10 19 22 44184680814177 26108329873
16 16 0 10 22 19 44210696004004 30961674726
16 16 11 10 22 11 44210696004004 30961649699
16 17 0 10 19 1 44210789144050 28656553705
16 17 11 10 19 22 44210789144050 28656507725
16 17 10 10 19 5 44226960227702 68387770728
16 17 11 10 19 1 44239445697755 13623017398
16 16 11 10 22 19 44241657678730 14718851730
16 16 10 10 22 12 44251116215660 50937124573
16 17 16 10 19 4 44253068715153 13623005855
10 11 16 22 19 22 44255350801399 126002009878
10 11 17 22 19 19 44255350900285 126001860921
10 0 9 22 20 9 44255351025252 205871345081
10 11 10 22 20 19 44255351025252 411811158654
10 0 11 22 20 22 44255351663026 205938693215
10 0 4 22 20 12 44255351663026 435269445038
16 16 16 10 22 8 44256376530460 14718840288
16 17 16 10 19 22 44266691721008 28656529728
16 17 17 10 19 4 44266691721008 28656550558
16 16 16 10 22 11 44271095370748 30961620950
16 16 17 10 22 8 44271095370748 30961648894
16 17 16 10 19 5 44295348250736 23105466315
16 17 17 10 19 22 44295348271566 23105413448
16 16 10 10 12 6 44302053340233 111215669222
16 16 16 10 22 12 44302056991698 26342105028
16 16 17 10 22 11 44302057019642 26342079165
16 17 14 10 19 2 44318453685014 34641720037
17 0 10 10 19 22 44318453685014 119423851761
16 17 17 10 19 5 44318453717051 34654772787
16 17 16 10 19 8 44318453717051 59711947077
16 16 16 10 22 1 44328399096726 40697233735
16 16 14 10 22 0 44328399098807 40697127332
16 16 17 10 22 12 44328399098807 40697192485
10 10 2 22 9 22 44341112146639 260188429606
16 17 2 10 19 2 44353095405051 34651890589
16 17 14 10 19 5 44353108489838 34638804099
10 10 10 22 22 19 44357547902815 810627803795
10 10 14 22 22 6 44357549823683 525627211901
16 16 2 10 22 0 44369096226139 44176565302
16 16 14 10 22 12 44369096291292 44176490584
16 16 17 10 22 1 44369096330461 35121128635
16 17 17 10 19 8 44378165664128 59711721010
10 11 14 22 19 9 44381352761206 160275992344
10 11 17 22 19 22 44381352811277 160339021399
10 11 16 22 19 12 44381352811277 334836005495
16 17 2 10 19 5 44387747295640 16470174054
16 17 0 10 19 17 44404217469694 16830064360
16 17 13 10 22 19 44404217469694 33659994497
16 16 10 10 12 19 44413269009455 181286241966
16 16 14 10 12 6 44413272781876 109470882562
16 16 2 10 22 12 44413272791441 24604662066
16 17 11 10 19 17 44421047534054 16830054898
16 16 0 10 22 14 44437877453507 62617820973
16 17 13 10 22 12 44437877464191 24832485946
17 0 14 10 19 22 44437877536775 175986477861
16 14 0 10 9 20 44437877588952 19774999874
16 14 9 10 9 14 44437877588952 55533113490
17 0 0 10 19 19 44437877588952 260081028235
16 17 1 10 22 19 44437877588952 69553799443
17 0 10 10 19 2 44437877588952 351972415898
16 14 4 10 9 20 44457652588826 31077962238
16 14 0 10 9 3 44457652588826 62155786820
10 0 1 22 20 9 44461222370333 205939815810
10 0 9 22 20 22 44461290356241 205871829279
16 17 14 10 22 12 44462709950137 39026222518
16 17 13 10 22 5 44462709950137 78052266509
16 14 11 10 9 20 44488730551064 31077955867
16 14 1 10 9 14 44493410702442 55533234955
16 16 11 10 22 14 44500495274480 131719029305
16 16 0 10 12 16 44500495274480 131719020901
16 17 11 10 22 12 44501736172655 39026175726
16 17 18 10 22 19 44507431388395 69553765795
16 14 0 10 9 9 44519808375646 71146066034
16 14 9 10 9 3 44519808506931 29135546840
16 16 2 10 12 6 44522743664438 109470591696
16 17 13 10 22 21 44540762216646 91452337937
16 17 1 10 22 5 44540762348381 36222787661
10 11 2 22 19 9 44541628753550 160318448706
10 11 14 22 19 22 44541691832676 160255359246
16 14 9 10 9 7 44548944053771 38348112173
16 14 1 10 9 3 44548944053771 38348097197
16 17 1 10 22 8 44576985136042 47801056870
16 17 18 10 22 5 44576985154190 47801039969
16 14 1 10 9 7 44587292165944 18230279098
16 14 0 10 9 15 44590954441680 71146125262
16 16 10 10 12 9 44594555251421 181286094266
10 10 0 22 9 5 44601300576245 260188663929
16 14 6 10 9 13 44605522445042 18230296789
17 0 2 10 19 22 44613864014636 175986491454
16 14 6 10 9 3 44623752741831 38348071174
16 14 7 10 9 13 44623752741831 38348084073
16 17 18 10 22 8 44624786194159 22724091583
16 16 0 10 12 19 44632214295381 82227346836
16 16 11 10 12 16 44632214303785 82255238017
16 17 13 10 22 14 44632214554583 85820535838
16 17 5 10 22 1 44647510285742 22724046660
16 14 6 10 9 15 44662100813005 30838238092
16 14 7 10 9 3 44662100825904 28086000829
10 0 1 22 20 22 44667162186143 110994746286
10 11 10 22 20 4 44667162186143 282294005193
16 17 5 10 22 5 44670234332402 47801000633
16 17 10 10 22 1 44670234332402 47801018524
16 14 4 10 9 9 44690186826733 49840019967
16 2 14 10 9 3 44690186826733 72320406671
10 0 11 22 20 12 44690621108064 435267811139
16 14 7 10 9 15 44692939051097 48464135138
16 14 6 10 9 21 44692939051097 96927968219
17 0 11 10 19 19 44697958617187 260081187386
10 11 2 22 19 22 44701947202256 76209717902
16 16 0 10 12 20 44714441642217 82256093546
16 16 11 10 12 19 44714469541802 82228221858
10 11 17 22 19 12 44716188816772 334836736578
16 17 5 10 22 14 44718035333035 36380955791
16 17 10 10 22 5 44718035350926 36380930123
16 14 11 10 9 9 44740026846700 49840255837
16 14 4 10 9 15 44741403186235 48463896578
16 17 14 10 22 21 44754416281049 49892854347
16 17 10 10 22 14 44754416288826 49916585231
16 17 5 10 22 7 44754416288826 74857943415
16 2 15 10 9 3 44762507233404 72320666206
16 16 10 10 12 22 44775841345687 181286506903
10 11 0 22 19 5 44778156920158 100769198745
10 0 6 22 20 5 44778156932429 173866296831
10 11 13 22 20 22 44778156932429 171299371471
17 0 10 10 19 5 44789850004850 385958355751
17 0 0 10 19 2 44789850506090 168189011002
16 14 10 10 9 21 44789867082813 39093692418
16 14 11 10 9 15 44789867102537 37294566581
16 16 11 10 12 20 44796697763660 39096472934
16 17 11 10 22 21 44804309135396 49905852971
16 17 14 10 22 14 44804332874057 49905639923
16 14 9 10 9 16 44827161669118 76970766654
16 2 14 10 9 15 44827161669118 79986638381
16 14 7 10 9 21 44828960775231 39093797404
16 17 10 10 22 7 44829274232241 74857911510
16 2 12 10 9 3 44834827899610 72320409121
16 16 16 10 12 10 44835794236594 39096715991
16 14 0 10 22 6 44854214988367 49917097477
16 17 11 10 22 14 44854238513980 49893680803
10 10 11 22 9 5 44861489240174 547316284033
10 10 0 22 22 16 44861489240174 547316225048
16 2 2 10 9 14 44868054572635 39093828090
16 16 16 10 12 19 44874890952585 82240947789
16 16 17 10 12 10 44874890952585 82240982573
10 11 11 22 19 5 44878926118903 211971528293
10 11 0 22 20 19 44878926118903 211971528265
10 10 2 22 22 6 44883177035584 525628472424
16 14 4 10 22 6 44904132085844 52810558610
16 14 0 10 22 19 44904132143751 105620963066
16 17 1 10 22 9 44904132194783 63171486118
16 14 1 10 9 16 44904132435772 94364662787
16 14 9 10 22 16 44904132435772 94364615780
16 2 14 10 9 4 44907148307499 95450986546
16 2 0 10 9 14 44907148400725 48328560527
16 2 2 10 9 15 44907148400725 48312162521
10 11 10 22 20 22 44949456303900 101569424089
10 0 7 22 20 5 44952023229260 173865978953
16 2 2 10 9 0 44955460563246 48327523633
16 2 0 10 9 15 44955476961252 48311150141
17 0 0 10 19 4 44958039517092 204599390998
17 0 11 10 19 2 44958039804573 204599289933
16 14 11 10 22 6 44956942644454 52810593193
16 16 16 10 12 22 44957131900374 65330468993
16 16 17 10 12 19 44957131935158 65330410090
16 17 18 10 22 9 44967303680901 63171517014
16 14 1 10 22 16 44998497098559 44860241394
16 2 14 10 9 16 45002599294045 95450837628
16 2 0 10 9 0 45003788111393 22970966840
16 14 9 10 22 19 45009753237647 33603872090
16 16 14 10 12 9 45022462345248 83845261634
16 16 17 10 12 22 45022462369367 83873936604
16 16 16 10 12 12 45022462369367 167718453142
16 2 6 10 9 12 45026759078233 22970992413
16 14 0 10 22 9 45030475197915 63171473394
16 14 9 10 22 20 45043357109737 38451310380
16 14 1 10 22 19 45043357339953 38451273466
16 2 6 10 9 15 45049730070646 48320296255
16 2 11 10 9 12 45049730070646 48320316259
10 11 14 22 20 22 45051025727989 74863444806
16 14 1 10 22 20 45081808613419 18279399605
10 11 11 22 20 19 45090897647196 100768970469
16 14 0 10 22 22 45093646671309 63171619572
16 2 6 10 9 16 45098050366901 37546841003
16 2 11 10 9 15 45098050386905 37546805967
16 14 6 10 22 10 45100088013024 18279351839
16 16 2 10 12 9 45106307606882 83873287683
16 16 14 10 12 22 45106336305971 83844570079
16 14 6 10 22 19 45118367364863 38451305452
16 14 7 10 22 10 45118367364863 38451320016
10 11 0 22 20 2 45125889172795 65777452612
10 11 10 22 20 5 45125889208213 150503279975
16 2 15 10 9 4 45135597192872 48188249829
16 2 11 10 9 16 45135597207904 48204593952
16 2 6 10 9 5 45135597207904 96391810672
16 14 6 10 22 22 45156818670315 28668636818
16 14 7 10 22 19 45156818684879 28668610246
17 0 11 10 19 4 45162639094506 97263765316
10 10 10 22 22 9 45168175706610 810627317190
17 0 10 10 19 8 45175808360601 385957192592
16 2 12 10 9 4 45183785442701 48203630393
16 2 15 10 9 16 45183801801856 48187263731
16 14 4 10 22 9 45185487295125 36793031875
16 14 7 10 22 22 45185487307133 36805627229
16 14 6 10 22 12 45185487307133 73598477988
16 16 1 10 12 12 45190180876050 81551382689
16 16 2 10 12 22 45190180894565 54367673988
10 11 0 22 20 4 45191666625407 79717845391
10 11 11 22 20 2 45191666625407 79717802048
16 14 11 10 22 9 45222280327000 36805507680
16 14 4 10 22 22 45222292934362 36792900383
16 2 7 10 9 5 45231989065587 60132496445
16 2 12 10 9 16 45231989073094 27096818117
16 16 0 10 12 5 45244548568553 54367722812
17 0 16 10 19 7 45259902859822 97263986546
16 14 11 10 22 22 45259085834745 31399634058
16 14 10 10 22 12 45259085834745 47099373934
16 2 2 10 9 18 45259085891211 47099421978
16 2 10 10 22 10 45259085891211 33035758760
10 11 11 22 20 4 45271384470798 37897050822
16 16 17 10 12 12 45271732258739 81551404873
10 11 10 22 20 8 45276392488188 150503576914
16 14 9 10 22 5 45290485468803 31399609868
16 2 11 10 9 5 45292121562032 94294475141
16 2 14 10 22 10 45292121649971 47147224523
16 2 10 10 22 19 45292121649971 72904094486
16 16 11 10 12 5 45298916291365 54367621001
16 14 7 10 22 12 45306185208679 47099386587
16 2 0 10 9 18 45306185313189 47099367207
10 11 16 22 20 7 45309281521620 37897007906
16 14 1 10 22 5 45321885078671 31399584598
16 2 2 10 22 10 45339268874494 47147307417
10 11 16 22 20 2 45347178529526 79717738727
10 11 17 22 20 7 45347178529526 79717766655
17 0 16 10 19 2 45357166846368 204599075250
17 0 17 10 19 7 45357166846368 204599133522
16 1 10 10 12 15 45353284663269 17140707540
16 1 0 10 12 14 45353284663269 48137597119
16 2 0 10 22 1 45353284680396 33131498420
16 2 10 10 22 5 45365025744457 72901669762
16 1 14 10 12 15 45370425370809 26943159647
16 1 10 10 12 16 45370425370809 53879981380
16 2 11 10 22 1 45386416178816 31496547694
16 2 0 10 22 19 45386416181911 31485587424
16 1 2 10 12 15 45397368530456 26936945888
16 1 11 10 12 14 45401422260388 48137083925
10 10 0 22 22 19 45408805508008 349402524224
10 10 11 22 22 16 45408805524207 349518780791
16 2 0 10 22 2 45417901769335 31496230853
16 2 11 10 22 19 45417912726510 31485278685
16 1 10 10 12 17 45424305352189 61669009260
16 1 0 10 12 16 45424305476344 25254153697
10 11 16 22 20 8 45426896268253 61349473523
10 11 17 22 20 2 45426896296181 61349429162
16 2 10 10 22 14 45437927414219 72901791224
16 1 0 10 12 9 45449559630041 33240020803
16 1 11 10 12 16 45449559630041 33240007605
16 2 11 10 22 2 45449398005195 14970402395
16 2 16 10 22 11 45464368407590 14970374311
16 2 16 10 22 19 45479338781901 31490671714
16 2 17 10 22 11 45479338781901 31490692521
16 1 11 10 12 9 45482799650844 15802053559
16 1 10 10 12 18 45485974361449 61669048017
10 11 14 22 20 5 45488245725343 81460889653
10 11 17 22 20 8 45488245741776 81488606601
10 11 16 22 20 11 45488245741776 139574336225
16 1 16 10 12 10 45498601704403 15801928262
16 2 16 10 22 14 45510829453615 25249049034
16 2 17 10 22 19 45510829474422 25248973823
16 1 16 10 12 16 45514403632665 33240026983
16 1 17 10 12 10 45514403632665 33240042560
16 2 14 10 22 5 45536078448245 37160303003
17 10 10 10 22 19 45536078448245 116892398248
16 2 17 10 22 14 45536078502649 37173247805
16 2 16 10 22 0 45536078502649 74333884429
16 1 16 10 12 18 45547643659648 25489758020
16 1 17 10 12 16 45547643675225 25476462896
17 0 16 10 19 8 45561765921618 160906358700
17 0 17 10 19 2 45561765979890 154092188438
10 11 2 22 20 5 45569706614996 81489161792
10 11 14 22 20 8 45569734348377 81461419641
16 17 10 10 12 16 45573120138121 80105655031
16 1 14 10 12 17 45573120138121 40047647510
16 1 17 10 12 18 45573133417668 40051812499
16 1 16 10 12 19 45573133417668 80092403176
16 2 2 10 22 5 45573238751248 37173705294
16 2 14 10 22 14 45573251750454 37160698180
16 2 1 10 22 0 45610412448634 36143974492
16 2 2 10 22 14 45610412456542 24095978208
16 1 2 10 12 17 45613167785631 40058087726
16 1 14 10 12 18 45613185230167 40040644142
10 11 17 22 20 11 45627820078001 139574042456
16 2 0 10 22 4 45634508434750 24095920177
16 2 17 10 22 0 45646556423126 36143835643
10 11 2 22 20 8 45651195776788 38732844296
16 17 0 10 12 16 45653225793152 123980006005
16 17 10 10 12 6 45653225873357 64744274874
16 1 2 10 12 18 45653225874309 32283772671
16 1 1 10 12 19 45653225874309 48425446516
17 10 0 10 22 19 45652970846493 116892438506
16 2 11 10 22 4 45658604354927 24095962344
16 0 10 10 5 6 45682700317271 33902398462
16 0 0 10 5 16 45682700317271 95206309284
17 10 10 10 22 22 45682700317271 36442877307
16 1 0 10 12 22 45685509646980 32283568378
10 11 0 22 20 20 45689928621084 38732851347
16 1 17 10 12 19 45701651320825 48425403327
17 0 14 10 19 5 45715858168328 256280911941
17 11 10 10 19 2 45715858168328 438057570933
17 0 17 10 19 8 45722672280318 252877202283
17 0 16 10 19 11 45722672280318 505751131962
16 1 11 10 12 22 45717793215358 32283596732
16 17 14 10 12 6 45717970148231 64744403819
16 0 14 10 5 6 45716602715733 53280239506
16 0 10 10 5 19 45716602715733 106560200735
17 10 14 10 22 22 45719143194578 57272930235
17 10 10 10 22 2 45719143194578 114545782328
10 11 11 22 20 20 45728661472431 38732848001
16 17 10 10 12 19 45750076724152 97382115303
16 10 13 19 21 21 45750076812090 50093188447
16 10 10 19 21 20 45750076812090 50093176084
10 10 0 22 22 20 45758208032232 349507372764
10 10 11 22 22 19 45758324304998 349391125497
10 16 13 22 10 6 45767394320432 61349430383
10 16 10 22 10 16 45767394320432 61349416020
17 10 11 10 22 19 45769863284999 116892503201
16 0 2 10 5 6 45769882955239 53280130585
17 10 2 10 22 22 45776416124813 57273009591
16 17 11 10 12 16 45777205799157 123980213109
16 0 11 10 5 16 45777906626555 95206384689
16 17 2 10 12 6 45782714552050 64744334521
16 10 0 19 21 20 45800169988174 82289090796
16 10 10 19 21 21 45800170000537 35724618007
16 0 10 10 5 9 45823162916468 121973207216
16 0 0 10 5 19 45823163085824 49950032553
10 16 0 22 10 16 45828743736452 100779902067
10 16 10 22 10 6 45828743750815 43752262720
17 10 10 10 22 5 45833688976906 134762521763
17 10 0 10 22 2 45833689134404 53067000246
16 10 14 19 21 21 45835894618544 75148327830
16 10 10 19 21 22 45835894618544 75148310443
16 17 10 10 12 9 45847458839455 138077347725
16 17 0 10 12 19 45847458886571 53727288045
10 16 14 22 10 6 45872496013535 92034355788
10 16 10 22 10 19 45872496013535 92034334989
16 0 0 10 5 20 45873113118377 65744199214
16 0 11 10 5 19 45873113118377 65744177478
16 10 11 19 21 20 45882459078970 82289086350
17 10 0 10 22 4 45886756134650 73356296830
17 10 11 10 22 2 45886756134650 73356278496
16 17 0 10 12 20 45901186174616 75379242802
16 17 11 10 12 19 45901186174616 75379225572
16 10 10 19 21 0 45911042928987 122888140037
16 10 0 19 21 22 45911042946374 53705240020
10 16 11 22 10 16 45929523638519 100779879607
16 0 11 10 5 20 45938857317591 31254055469
16 0 10 10 5 22 45945136123684 121973324427
17 10 11 10 22 4 45960112431480 34872810149
16 10 0 19 21 15 45964748186394 65091598612
16 10 11 19 21 22 45964748186394 65091562446
10 16 10 22 10 9 45964530348524 150501725149
10 16 0 22 10 19 45964530369323 65773161563
17 0 2 10 19 5 45972139080269 256284188348
17 10 10 10 22 8 45968451498669 134762461652
17 0 14 10 19 8 45975549482601 252873802666
16 0 16 10 5 10 45970111373060 31254074165
16 17 11 10 12 20 45976565417418 35834598439
10 10 10 22 22 22 45978803023800 810629814292
16 17 10 10 12 22 45985536187180 138077461167
17 10 16 10 22 7 45994985241629 34872788961
16 0 16 10 5 19 46001365447225 65744237033
16 0 17 10 5 10 46001365447225 65744260046
16 17 16 10 12 10 46012400015857 35834535865
17 10 16 10 22 2 46029858030590 73356165669
17 10 17 10 22 7 46029858030590 73356190958
16 10 11 19 21 15 46029839785006 30943884156
10 16 0 22 10 20 46030303530886 79718169168
10 16 11 22 10 19 46030303530886 79718125836
16 10 10 19 21 1 46033931069024 122887694984
16 17 16 10 12 19 46048234551722 75379281324
16 17 17 10 12 10 46048234551722 75379306960
16 10 16 19 21 16 46060783669162 30943862303
16 0 16 10 5 22 46067109684258 50415888759
16 0 17 10 5 19 46067109707271 50391354097
16 10 16 19 21 22 46091727531465 65091512945
16 10 17 19 21 16 46091727531465 65091739133
17 10 16 10 22 8 46103214196259 56117465949
17 10 17 10 22 2 46103214221548 56117429066
10 10 11 22 22 20 46107715430495 166129508573
10 16 11 22 10 20 46110021700054 37897165731
10 16 10 22 10 22 46115032073673 150501513778
16 17 16 10 12 22 46123613833046 57628059927
16 17 17 10 12 19 46123613858682 57628018883
16 0 14 10 5 9 46117501061368 79208927149
16 11 10 10 5 19 46117501061368 158437149322
16 0 17 10 5 22 46117525573017 79217497454
16 0 16 10 5 12 46117525573017 158413754678
17 11 14 10 19 2 46153915739261 438059123595
10 16 16 22 10 10 46147918865785 37896883433
17 10 14 10 22 5 46159331650614 76366809491
17 10 17 10 22 8 46159331662208 76391828028
17 10 16 10 22 11 46159331662208 118176779974
16 10 10 19 22 20 46156818764008 143320152640
16 10 16 19 21 1 46156819044410 62607800112
16 10 17 19 21 22 46156819270598 62607565239
16 17 14 10 12 9 46181241877565 76521548129
16 17 17 10 12 22 46181241892973 76547135715
16 17 16 10 12 12 46181241892973 131108487859
10 16 16 22 10 19 46185815749218 79718053527
10 16 17 22 10 10 46185815749218 79718161126
16 0 2 10 5 9 46196709988517 79229405395
16 0 14 10 5 22 46196743070471 79196314594
16 10 14 19 21 0 46219426835837 90488189431
16 10 17 19 21 1 46219426844522 90519605099
16 10 16 19 21 2 46219426844522 112016344267
17 11 10 10 19 18 46228423268617 541750414885
17 0 2 10 19 8 46228423285267 180583587456
17 0 1 10 19 11 46228423412280 400474193605
17 10 2 10 22 5 46235698460105 76391246888
17 10 14 10 22 8 46235723490236 76366274251
16 17 2 10 12 9 46257763425694 76545586999
16 17 14 10 12 22 46257789028688 76519975581
10 16 10 22 19 20 46265533587451 228412869666
10 16 16 22 10 22 46265533802745 72743818234
10 16 17 22 10 19 46265533910344 72743562940
17 10 17 10 22 11 46277508442182 118177020423
10 10 16 22 22 10 46273844939068 166129311283
16 11 14 10 5 19 46275938210690 161367475933
16 0 1 10 5 12 46275939385065 78112644129
16 0 2 10 5 22 46275939393912 65305737821
16 11 10 10 5 4 46275939393912 266528433063
16 10 10 19 22 21 46300138916648 143319965607
17 14 10 10 22 7 46312089706993 89046541909
17 10 2 10 22 8 46312089764487 66785094541
16 10 2 19 21 0 46309915025268 90519286522
16 10 14 19 21 1 46309946449621 90487853313
16 17 17 10 12 12 46312350380832 131108388835
16 10 17 19 21 2 46331443188789 112015947828
16 17 2 10 12 22 46334309012693 36383330123
10 17 10 22 10 19 46338277473284 277807761423
10 16 14 22 10 9 46338277473284 114644917438
10 16 17 22 10 22 46338277620979 114682500662
10 16 16 22 10 12 46338277620979 192041098715
16 0 0 10 5 5 46341245131733 65305576719
16 0 17 10 5 12 46354052029194 164313129410
16 0 10 19 20 21 46354052029194 164313083817
16 17 0 10 12 5 46370692342816 36383318696
17 10 0 10 22 20 46378874859028 66785163201
17 14 0 10 22 17 46395685462605 118176751327
17 14 14 10 22 7 46401136248902 89046602443
16 10 2 19 21 1 46400434311790 43024877128
17 0 0 10 19 20 46409006872723 180583607728
16 17 11 10 12 5 46407075661512 36383305515
16 0 11 10 5 5 46406550708452 96061474109
16 0 0 19 20 20 46406550708452 235836163327
17 10 11 10 22 20 46445660022229 66784591913
10 10 16 22 22 19 46439974250351 349459590990
10 10 17 22 22 10 46439974250351 349459732038
16 10 10 19 22 22 46443458882255 239463138476
16 14 10 19 21 16 46443458967027 71663747718
17 10 10 10 2 19 46443458967027 51393455086
16 10 14 19 22 21 46443459136617 119731783086
16 10 0 19 21 5 46443459188918 50882186321
16 14 0 19 21 4 46443459188918 133699771603
16 11 2 10 5 19 46437305686623 161368214370
10 16 2 22 10 9 46452922390722 114682474714
10 16 14 22 10 22 46452960121641 114644741329
17 14 2 10 22 7 46490182851345 89046744056
17 10 10 10 2 22 46494852422113 72715873630
17 10 0 10 2 19 46494852422113 204204267067
16 10 11 19 21 5 46494341375239 82054758343
16 10 0 19 22 20 46494341375239 152503259494
10 16 10 22 19 21 46493946457117 228413008084
17 14 10 10 22 20 46512444614142 66785023352
17 14 11 10 22 17 46513862213932 118176653032
16 14 14 19 21 16 46515122714745 71663992624
16 11 0 10 5 11 46502612182561 96061843067
16 0 10 19 20 22 46518365113011 245519153140
16 0 14 19 20 21 46518365158604 122758527858
10 16 17 22 10 12 46530318719694 192041060869
16 11 10 10 5 12 46542467826975 266528084326
16 10 2 19 22 21 46563190919703 119731945828
17 10 14 10 2 22 46567568295743 114278576437
17 10 10 10 2 2 46567568295743 228556586317
10 16 2 22 10 22 46567604865436 54509776594
17 14 10 10 22 10 46579229637494 134657603404
17 14 0 10 22 20 46579229637494 52809376584
16 14 10 19 21 5 46576396133582 82054763642
16 14 11 19 21 4 46577158960521 133699484941
17 0 11 10 19 20 46589590480451 180583333917
17 11 2 10 19 2 46591974862856 438059056297
16 14 2 19 21 16 46586786707369 71664147344
10 17 0 22 10 19 46616085234707 277810485532
16 11 11 10 5 11 46598674025628 120718073368
16 11 0 10 5 4 46598674025628 120678491501
17 0 17 10 19 11 46628897605885 400473946149
10 16 0 22 10 5 46622114642030 133693311921
10 17 10 22 10 22 46622114642030 100253387777
17 14 0 10 22 21 46632039014078 73372518954
17 14 11 10 22 20 46632039014078 73372501142
16 10 11 19 22 20 46646844634733 152502788201
16 0 2 19 20 21 46641123686462 122760846921
16 0 11 19 20 20 46642386871779 235833309272
16 14 10 19 21 17 46658450897224 138051264250
16 14 0 19 21 5 46658450897224 52407661742
17 10 2 10 2 22 46681846872180 114278290320
16 10 10 19 22 0 46682922020731 253146750019
16 10 0 19 22 22 46682922865531 116424380150
17 10 11 10 2 19 46699056689180 204204219523
17 14 11 10 22 21 46705411533032 34880538333
17 14 10 10 22 0 46713887240898 134657664460
16 14 0 19 21 13 46710858558966 75808864031
16 14 11 19 21 5 46710858558966 75808849318
10 16 10 22 19 22 46722359465201 307828546914
10 16 14 22 19 21 46722359780563 157338922259
10 17 14 22 10 22 46722368029807 157334821822
10 17 10 22 10 2 46722368029807 314669166002
17 14 16 10 22 11 46740292071365 34880456190
16 11 0 10 5 17 46719352517129 120717212981
16 11 11 10 5 4 46719392098996 120677680863
10 16 11 22 10 5 46755807953951 281229136456
10 16 0 22 19 20 46755807953951 281229144468
17 11 10 10 19 3 46770173814368 129930094477
17 14 16 10 22 20 46775172527555 73372542913
17 14 17 10 22 11 46775172527555 73372568355
16 0 10 19 20 0 46763884266151 285342273387
16 0 0 19 20 22 46763884533383 114335659795
17 10 10 10 2 5 46796124882060 261615524276
17 10 0 10 2 2 46796125162500 107135825890
16 14 11 19 21 13 46786667422997 36038702668
10 10 16 22 22 22 46789433841341 280298513897
10 10 17 22 22 19 46789433982389 280298217786
16 14 10 19 21 6 46796502161474 138051400681
16 10 0 19 22 15 46799347245681 132124447299
16 10 11 19 22 22 46799347422934 132124329358
16 14 16 19 21 2 46822706125665 36038714526
16 11 10 10 5 20 46808995911301 266528605651
17 14 16 10 22 0 46848545070468 56117460300
17 14 17 10 22 20 46848545095910 56117409771
16 14 16 19 21 5 46858744840191 75808876897
16 14 17 19 21 2 46858744840191 75808902506
16 11 11 10 5 17 46840069779859 57378574043
10 16 2 22 19 21 46879698702822 157339279392
10 17 2 22 10 22 46879702851629 157334509306
16 0 0 19 20 15 46878220193178 154653520159
16 0 11 19 20 22 46878220193178 154653479510
17 11 0 10 19 9 46900103908845 129930212154
17 10 0 10 2 4 46903260988390 141012120733
17 10 11 10 2 2 46903260988390 141012077141
17 14 14 10 22 10 46904662505681 70096204758
17 14 17 10 22 0 46904662530768 70129345605
17 14 16 10 22 13 46904662530768 160786597203
10 17 11 22 10 19 46893895720239 277809769584
16 11 16 10 5 2 46897448353902 57378578159
16 10 11 19 22 15 46931471752292 62810574738
16 14 16 19 21 6 46934553717088 57880943888
16 14 17 19 21 5 46934553742697 57880892410
16 10 10 19 22 1 46936068770750 253147398153
17 14 2 10 22 10 46974758710439 70113240585
17 14 14 10 22 0 46974791876373 70113956487
16 11 16 10 5 4 46954826932061 120697933529
16 11 17 10 5 2 46954826932061 120697983164
16 14 14 19 21 17 46992434635107 72302043185
16 14 17 19 21 6 46992434660976 72340083431
16 14 16 19 21 18 46992434660976 165840260421
16 10 16 19 22 16 46994282327030 62810737362
17 11 10 10 19 11 47029371552034 400473873097
17 11 11 10 19 9 47030034120999 202596837696
17 11 0 10 19 18 47030034120999 202531316425
17 10 11 10 2 4 47044273109123 67035519784
10 16 10 22 19 0 47030188012115 307830405102
17 2 10 10 22 11 47044871951024 70132446160
17 14 2 10 22 0 47044905832860 70098561438
10 16 11 22 19 20 47037037098419 154131406231
10 17 10 22 10 5 47037037195809 336097347344
10 17 0 22 10 2 47037037360935 134668314109
10 16 0 22 19 22 47037037982214 154072986250
17 10 10 10 2 8 47057740406336 261615615993
16 0 11 19 20 15 47032873713337 73520671348
17 14 1 10 22 13 47065449127971 160786479026
16 10 16 19 22 22 47057093064392 132124048539
16 10 17 19 22 16 47057093064392 132124921725
16 0 10 19 20 1 47049226539538 285342147827
16 14 2 19 21 17 47064736678292 72317669622
16 14 14 19 21 6 47064774744407 72316156999
10 10 14 22 22 9 47069732200175 336726627525
10 10 17 22 22 22 47069732355238 336881858909
10 10 16 22 22 12 47069732355238 969054983702
17 10 16 10 2 7 47111308628907 67035610169
17 14 0 10 22 6 47115004394298 216402236476
17 2 10 10 22 4 47115004397184 59431953678
17 2 0 10 22 11 47115004397184 152833863871
16 11 16 10 5 20 47075524865590 95912576155
16 11 17 10 5 4 47075524915225 95912492294
16 0 16 19 20 16 47106394384685 73520480609
16 2 10 19 21 2 47137054347914 72336400662
16 14 2 19 21 6 47137090901406 72299844103
17 10 16 10 2 2 47178344239076 141012013103
17 10 17 10 2 7 47178344239076 141012059058
17 2 14 10 22 4 47174436350862 93401960675
17 2 10 10 22 20 47174436350862 186803811086
16 14 1 19 21 18 47158274921397 165840240096
10 17 0 22 10 4 47171705675044 182164070151
10 17 11 22 10 2 47171705675044 182164022978
16 0 16 19 20 22 47179914865294 154654045778
16 0 17 19 20 16 47179914865294 154654095493
10 16 0 22 19 15 47191110968464 154116539236
10 16 11 22 19 22 47191168504650 154059044040
16 10 10 19 0 20 47189216168903 272905964005
16 10 16 19 22 1 47189217112931 129558323914
16 10 17 19 22 22 47189217986117 129557445816
16 11 14 10 5 12 47171437407519 123094011254
16 11 17 10 5 20 47171437441745 123134364593
16 11 16 10 5 5 47171437441745 246227438121
17 14 17 10 22 13 47226235606997 160786395874
16 14 0 19 21 8 47209390745509 223202280637
16 2 0 19 21 2 47209390748576 157636474441
16 2 10 19 21 15 47209390748576 61299534538
17 11 0 10 19 21 47232565437424 202596724011
17 11 11 10 19 18 47232630958695 202531226551
17 2 2 10 22 4 47267838311537 93401920246
17 2 11 10 22 11 47267838261055 152833855175
16 2 14 19 21 15 47270690283114 96336920865
16 2 10 19 21 5 47270690283114 192673805401
17 10 16 10 2 8 47319356252179 108108056978
17 10 17 10 2 2 47319356298134 108107975661
17 14 11 10 22 6 47331406630774 216401707615
16 10 14 19 22 0 47318775431933 196361686746
16 10 17 19 22 1 47318775436845 196425421377
16 10 16 19 22 2 47318775436845 208126891021
16 14 17 19 21 18 47324115161493 165839999564
16 11 2 10 5 12 47294531418773 123133540440
16 11 14 10 5 20 47294571806338 123093129159
10 16 10 22 19 1 47338018417217 307830926537
17 2 0 10 22 20 47361240231783 59431979408
16 0 16 19 20 1 47334568911072 118422414475
16 0 17 19 20 22 47334568960787 118422324942
10 16 11 22 19 15 47345227548690 73258631025
10 17 11 22 10 4 47353869745195 86599327302
17 2 10 10 22 13 47387022002871 160786272723
16 2 2 19 21 15 47367027203979 96336954609
16 2 11 19 21 2 47367027223017 157636367271
10 17 10 22 10 8 47373134543153 336097787064
17 10 14 10 2 5 47427464273795 139362890999
17 10 17 10 2 8 47427464309157 139407673476
17 10 16 10 2 11 47427464309157 272931268242
17 2 0 10 22 0 47420672211191 86171311945
17 2 11 10 22 20 47420672211191 86171295526
10 10 2 22 22 9 47406458827700 336777704869
10 10 14 22 22 22 47406614214147 336622923488
17 11 10 10 19 4 47429845425131 400473945011
10 16 16 22 19 16 47418486179715 73259541792
17 11 11 10 19 21 47435162185246 96296697603
16 14 11 19 21 8 47432593026146 223202005685
10 17 16 22 10 7 47440469072497 86599317863
16 11 1 10 5 5 47417664935497 109734728361
16 11 2 10 5 20 47417664959213 118277360612
17 10 10 10 5 16 47417664959213 354831774780
16 0 14 19 20 0 47452991285729 151982878054
16 0 17 19 20 1 47452991325547 152033057056
16 0 16 19 20 2 47452991325547 304016118197
16 10 10 19 0 21 47462122132908 272905849117
16 2 0 19 21 5 47463364158588 61299525990
17 2 11 10 22 0 47506843523136 40965078565
10 16 16 22 19 22 47491745721507 154104114259
10 16 17 22 19 16 47491745721507 154104169075
16 2 10 19 21 18 47489955161057 165839808014
17 11 16 10 19 14 47531458882849 96296748814
16 10 2 19 22 0 47515137118679 196425703820
16 10 14 19 22 1 47515200858222 196361941903
10 17 16 22 10 2 47527068390360 182164178613
10 17 17 22 10 7 47527068390360 182164236423
17 2 10 10 22 6 47547808338389 114057465968
17 2 16 10 22 16 47547808601701 36750768027
16 2 0 19 21 6 47524663684578 88879331783
16 2 11 19 21 5 47524663684578 88879314989
16 10 17 19 22 2 47526902327866 208126368307
17 10 2 10 2 5 47566827164794 139407579883
17 10 14 10 2 8 47566871982633 139362748446
16 11 0 10 5 6 47535942319825 118277262662
16 11 17 10 5 5 47527399663858 230831515460
16 11 10 19 20 22 47527399663858 230831340962
17 2 16 10 22 20 47584559369728 77306725892
17 2 17 10 22 16 47584559369728 77306745547
17 11 16 10 19 18 47627755631663 202564132183
17 11 17 10 19 14 47627755631663 202564201859
16 0 2 19 20 0 47604974163783 152033343536
16 0 14 19 20 1 47605024382603 151983098197
16 2 11 19 21 6 47613543016361 42252279404
17 2 16 10 22 6 47661866095620 56117465571
17 2 17 10 22 20 47661866115275 56117432499
16 11 11 10 5 6 47654219582487 118277273823
10 16 16 22 19 1 47645849835766 120024550859
10 16 17 22 19 22 47645849890582 120024431517
16 2 10 19 21 8 47655795031831 117641754216
16 2 16 19 21 19 47655795295765 37905718252
17 10 2 10 2 8 47706234744677 66262117484
17 10 17 10 2 11 47700395577399 272931340187
17 2 14 10 22 13 47717983547774 74515590318
17 2 17 10 22 6 47717983561191 74540531619
17 2 16 10 22 22 47717983561191 127671746199
16 2 16 19 21 5 47693701014017 79736063039
16 2 17 19 21 19 47693701014017 79736083245
10 17 16 22 10 8 47709232568973 139487548456
10 17 17 22 10 2 47709232626783 139487436194
16 10 2 19 22 1 47711562822499 93363917150
17 10 10 10 5 19 47772496856310 124236732470
17 10 0 10 2 20 47772496862161 100415053814
17 10 13 10 5 22 47772496862161 124236748580
16 10 10 19 0 22 47735027982025 341167703320
16 10 14 19 0 21 47735028696173 179828199721
10 16 10 22 22 10 47743236532569 360229221151
10 10 2 22 22 22 47743237137635 316152259803
10 16 14 22 19 0 47765874322099 145437386931
10 16 17 22 19 1 47765874386625 145486164648
10 16 16 22 19 2 47765874386625 396779587853
16 0 1 19 20 2 47757007480800 168839725061
16 0 2 19 20 1 47757007507319 90754800357
17 2 2 10 22 13 47792499138092 74539844987
17 2 14 10 22 6 47792524092810 74514880242
16 2 16 19 21 8 47773437077056 57881156160
16 2 17 19 21 5 47773437097262 57881122146
16 11 10 19 20 12 47758231004820 271041000032
16 11 14 19 20 22 47758231179318 200742119102
16 10 0 19 22 5 47804926739649 93363833950
17 11 16 10 19 4 47830319763846 157428038014
17 11 17 10 19 18 47830319833522 157427962325
17 2 17 10 22 22 47845655307390 127672185636
16 2 14 19 21 18 47831318219408 76856954453
16 2 17 19 21 8 47831318233216 76882300561
16 2 16 19 21 21 47831318233216 131682620649
17 10 11 10 2 20 47872911915975 100415198918
17 2 2 10 22 6 47867038983079 35429529200
10 17 14 22 10 5 47848720062977 175496166392
10 17 17 22 10 8 47848720117429 175554950348
10 17 16 22 10 11 47848720117429 387688194003
16 0 0 19 20 5 47847762307676 90754830364
17 10 0 10 5 19 47896733588780 201359347814
17 10 10 10 5 22 47896733610741 89155580240
17 2 0 10 22 1 47902468512279 35429591688
16 10 11 19 22 5 47898290573599 196394567179
16 10 0 19 0 20 47898290573599 196394648227
10 16 2 22 19 0 47911311709030 145481820896
10 16 14 22 19 1 47911360551273 145433002438
17 2 11 10 22 1 47937898103967 35429590885
16 2 2 19 21 18 47908175173861 76881755703
16 2 14 19 21 8 47908200533777 76856385689
16 10 2 19 0 21 47914856895894 179828591885
16 0 17 19 20 2 47925847205861 168837715032
16 0 11 19 20 5 47938517138040 90754885305
17 0 0 10 2 19 47973327694852 38960164362
17 0 2 10 2 9 47973327694852 38960170263
17 10 14 10 5 22 47985889190981 187541731639
17 10 10 10 5 2 47985889190981 187541702859
16 2 17 19 21 21 47963000853865 131684837330
17 11 14 10 19 11 47987747795847 232018216184
17 11 17 10 19 4 47987747801860 232096526409
17 11 16 10 19 20 47987747801860 268985678952
16 11 2 19 20 22 47958973298420 200742288667
17 0 6 10 2 19 48012287859214 64000667087
17 0 0 10 2 9 48012287865115 27785017301
16 2 2 19 21 8 47985056929564 36542998965
17 0 9 10 2 9 48040072882416 58446935260
17 0 0 10 2 22 48040072882416 58446921319
10 17 2 22 10 5 48024216229369 175550790041
10 17 14 22 10 8 48024275067777 175491935765
16 2 0 19 21 14 48021599928529 36542934677
10 10 17 22 22 12 48038787338940 969058092935
16 11 10 19 20 7 48029272023345 65220615089
17 0 7 10 2 19 48076288526301 64000778477
10 17 10 22 19 16 48056793529926 228936997857
10 16 2 22 19 1 48056793553711 105860866387
10 10 0 22 22 5 48059389397438 316152330544
17 10 11 10 5 19 48098092936594 201359405649
16 2 11 19 21 14 48058142863206 36543030048
17 0 0 10 2 12 48098519803735 95576752225
17 0 6 10 2 22 48098519817676 41769512110
16 10 10 19 0 0 48076195685345 341168656129
10 16 10 22 22 19 48103465753720 360229624620
16 11 0 19 20 9 48094492638434 65223003257
16 11 10 19 20 2 48094684920893 228828074273
16 10 11 19 0 20 48094685221826 168059450039
16 10 0 19 0 22 48094685487779 167996396332
16 0 0 19 22 20 48094685893254 48944508252
16 0 2 19 22 9 48094685893254 48944516175
17 0 6 10 2 0 48140289329786 50625368808
17 0 7 10 2 22 48140289329786 50625338920
17 10 10 10 5 5 48173430893840 355154022169
17 10 0 10 5 2 48173430922620 126021393857
16 0 6 19 22 20 48143630401506 80402669438
16 0 0 19 22 9 48143630409429 34905376195
10 16 17 22 19 2 48162653974478 457008950372
10 16 0 22 19 5 48162654420098 165720737309
10 16 13 22 22 22 48162654420098 301043865319
17 0 7 10 2 0 48190914698594 24066783916
16 11 11 19 20 9 48159715641691 99392991770
16 11 0 19 20 12 48159715641691 99357193267
17 0 0 10 2 2 48194096555960 95576817898
16 0 9 19 22 9 48178535785624 73425369328
16 0 0 19 22 21 48178535785624 73425352199
17 0 4 10 2 13 48214981482510 24066828997
10 17 2 22 10 8 48199767019410 83443067175
17 11 2 10 19 11 48219766012031 232087675831
17 11 14 10 19 4 48219844328269 232009328534
17 0 4 10 2 22 48239048311507 50625278653
17 0 11 10 2 13 48239048311507 50625368359
16 0 7 19 22 20 48224033070944 80402062051
10 17 17 22 10 11 48236408311432 387688991652
17 11 17 10 19 20 48256733480812 268984975259
16 0 0 19 22 10 48251961137823 120070543641
16 0 6 19 22 21 48251961154952 52473995876
17 10 0 10 5 4 48299452316477 155303427777
17 10 11 10 5 2 48299452342243 155303356173
16 11 0 19 20 13 48259072834958 99397196050
16 11 11 19 20 12 48259108633461 99361411619
17 0 0 10 4 19 48289673373858 132475142431
17 0 4 10 2 2 48289673590160 46960948623
17 0 11 10 2 22 48289673679866 46960799730
16 10 0 19 0 15 48262681884111 168074406396
16 10 11 19 0 22 48262744671865 168011664612
10 17 13 22 19 19 48283210086585 231457074689
10 17 0 22 10 20 48283210086585 140903180617
10 17 10 22 19 1 48285730527783 228936576483
16 0 6 19 22 6 48304435150828 63599336903
16 0 7 19 22 21 48304435150828 63599301045
17 0 9 10 2 12 48336634479596 76374489095
17 11 10 10 2 22 48336634479596 189087696955
17 0 11 10 2 2 48336634538783 76400786555
17 0 4 10 2 15 48336634538783 108994764198
10 16 11 22 19 5 48328375157407 348600510105
10 16 0 22 22 10 48328375157407 348600510071
16 11 10 19 20 15 48323512995166 228826904247
16 11 11 19 20 13 48358470045080 47243738548
10 10 11 22 22 5 48375541727982 316151619342
16 0 7 19 22 6 48368034487731 30234356339
16 0 0 19 22 22 48372031681464 120070546179
17 0 1 10 2 12 48413008968691 76399579094
17 0 9 10 2 2 48413035325338 76373220232
17 0 0 10 4 22 48422148516289 132475128490
16 0 4 19 22 18 48398268844070 30234559497
16 11 16 19 20 3 48405713783628 47247637846
17 10 11 10 5 4 48454755744254 73829872591
10 17 11 22 10 20 48424113267202 296395518136
10 17 0 22 19 16 48424113267202 296395518100
16 10 10 19 0 1 48417364341474 341168414709
17 0 11 10 2 15 48445629302981 108994649544
17 11 2 10 19 4 48451853687862 110313365287
16 0 4 19 22 21 48428503403567 63599069539
16 0 11 19 22 18 48428503403567 63599225156
16 10 11 19 0 15 48430756336477 79878265905
16 11 16 19 20 12 48452961421474 99378872050
16 11 17 19 20 3 48452961421474 99378923954
10 16 10 22 22 22 48463698285417 155964815491
17 0 1 10 2 2 48489408547785 36313806087
17 10 16 10 5 7 48528585616845 72587552091
16 0 0 19 15 20 48492102227643 150070824054
16 0 4 19 22 22 48492102473106 60238944633
16 0 11 19 22 21 48492102628723 60238751309
17 11 14 10 2 22 48525722176551 131101752416
17 0 6 10 2 8 48525722353872 69207713049
17 11 10 10 2 2 48525722353872 73381347686
10 17 10 22 19 19 48514667161274 109430320871
16 10 16 19 0 16 48510634602382 79878222346
17 0 0 10 4 2 48554623644779 166522258272
17 0 9 10 4 22 48554623952525 92943864580
17 11 0 10 19 22 48562167053149 110313194972
16 11 16 19 20 15 48552340293524 81716998631
16 11 17 19 20 12 48552340345428 81716949843
16 0 9 19 22 10 48552341380032 100248805406
16 11 10 19 22 21 48552341380032 248200942751
16 0 11 19 22 22 48552341417739 100285175628
16 0 4 19 22 11 48552341417739 119951260699
17 10 16 10 5 2 48601173168936 152675111552
17 10 17 10 5 7 48601173168936 152720901870
17 0 7 10 2 8 48594930066921 145581283422
17 0 6 10 4 19 48594930066921 145581277490
17 11 10 10 2 15 48599103701558 73380712910
16 10 16 19 0 22 48590512824728 168023859086
16 10 17 19 0 16 48590512824728 168029401639
10 16 14 22 22 22 48619663100908 111517820407
10 17 14 22 19 19 48624097482145 118657507100
10 17 10 22 19 2 48624097482145 308774627224
17 0 1 10 4 22 48647567817105 92943534617
17 11 2 10 2 22 48656823928967 131101826829
16 11 16 19 20 5 48634057292155 126277161662
16 11 14 19 20 2 48634057295271 126218428109
16 11 17 19 20 15 48634057295271 126247641264
16 0 0 19 15 21 48642173051697 150070615338
17 11 11 10 19 22 48672480248121 115441864705
17 11 0 10 2 19 48672484414468 115441518851
17 11 10 10 2 5 48672484414468 211465207324
16 0 1 19 22 10 48652590185438 100285853979
16 0 9 19 22 22 48652626593367 100249441676
10 16 11 22 22 10 48676975667512 165721118531
16 0 11 19 22 11 48672292678438 119951332167
10 16 10 22 22 0 48691693347324 316152363054
17 0 0 10 4 5 48721145903051 166526066345
10 17 11 22 19 16 48720508785338 140903446933
17 0 7 10 4 19 48740511350343 79410769580
17 0 6 10 4 2 48740511351722 79383232613
10 16 0 22 22 11 48731180921315 111515845075
17 10 10 10 8 19 48528584916009 383420250522
17 10 16 10 5 8 48753848280488 152713946953
17 10 17 10 5 2 48753894070806 152668156626
10 17 0 22 19 22 48742754989245 118657109420
16 0 1 19 22 22 48752876039417 47666403662
16 10 10 19 1 20 48758532756183 345901521156
16 10 16 19 0 1 48758536683814 167437572340
16 10 17 19 0 22 48758542226367 167432027473
16 11 2 19 20 2 48760275723380 126276596927
16 11 14 19 20 15 48760304936535 126247365851
16 11 17 19 20 5 48760334453817 126218025494
17 11 0 10 2 2 48787925933319 77816944671
17 11 11 10 2 19 48787925933319 77842939163
16 0 0 19 15 22 48792243667035 178071795655
16 0 9 19 15 21 48792244010605 106257000404
17 0 6 10 4 4 48819894584335 79411073913
17 0 7 10 4 2 48819922119923 79383588863
16 0 6 19 22 1 48800542443079 65800755579
16 11 10 19 22 22 48800542443079 106089560466
10 16 0 22 22 19 48842696766390 133493787157
10 16 11 22 22 11 48842696786043 133493710872
17 11 0 10 2 4 48865742877990 77842895017
17 11 11 10 2 2 48865768872482 77816893509
10 17 0 22 19 1 48861412098665 128859193605
10 17 11 22 19 22 48861412232271 128859004714
17 11 10 10 2 8 48883949621792 211464748542
17 0 0 10 4 8 48887671969396 166518085759
16 0 7 19 22 1 48866343198658 138414482019
16 0 6 19 15 20 48866343198658 138414471957
17 0 7 10 4 4 48899305708786 37744270034
17 10 14 10 5 5 48906562227432 235845193416
17 10 17 10 5 8 48906562227441 235898251461
17 10 16 10 5 11 48906562227441 235950274585
16 11 2 19 20 15 48886552320307 63084181827
16 11 14 19 22 21 48886552479311 115011028488
16 0 1 19 15 21 48898501011009 106256640042
16 11 10 19 22 11 48906632003545 106089645397
17 0 4 10 4 7 48937049978820 37744198913
17 11 11 10 2 4 48943585773007 36999552623
10 17 10 22 19 5 48932872109369 308774604138
16 10 14 19 0 0 48925974253840 256919159441
16 10 17 19 0 1 48925974256154 257001622235
16 10 16 19 0 2 48925974256154 262182100358
16 11 0 19 20 21 48949636502134 63084245611
17 0 4 10 4 2 48974794177733 79396394755
17 0 11 10 4 7 48974794177733 79396424612
17 11 16 10 2 7 48980585325630 36999461704
10 16 11 22 22 19 48976190553547 63461506533
16 0 0 19 15 0 48970315462690 178071802028
10 17 11 22 19 1 48990271292270 61258273596
17 11 16 10 2 2 49017584787334 77829809411
17 11 17 10 2 7 49017584787334 77829852078
10 16 10 22 22 12 49007845710378 228758246069
16 11 2 19 22 21 49001563507799 115010404291
16 0 6 19 15 22 49004757670615 81412555106
16 0 7 19 15 20 49004757680677 81440769993
16 11 11 19 20 21 49012720747745 103853227020
16 11 10 19 22 0 49012721648942 189161103323
16 11 0 19 22 20 49012721648942 103853200964
17 0 4 10 4 8 49054190572488 63043407543
17 0 11 10 4 2 49054190602345 61880215024
10 16 16 22 22 8 49039652060080 63461462093
10 17 16 22 19 4 49051529565866 61258262984
17 10 10 10 8 22 48912005166531 383419923639
17 11 16 10 2 8 49095414596745 64178186132
17 11 17 10 2 2 49095414639412 64178117589
16 0 6 19 15 15 49086170225721 81443504403
16 0 7 19 15 22 49086198450670 81415310759
17 0 9 10 4 5 49116070817369 97250086074
17 11 10 10 4 2 49116070817369 194502135129
17 0 11 10 4 8 49117233980031 96670337450
17 0 4 10 4 11 49117233980031 208008769128
10 16 16 22 22 11 49103113522173 133493606265
10 16 17 22 22 8 49103113522173 133493701728
16 10 10 19 1 21 49104434277339 345901924794
10 17 16 22 19 22 49112787828850 128859116546
10 17 17 22 19 4 49112787828850 128859174542
16 11 0 19 22 22 49116574849906 69458919481
16 11 11 19 22 20 49116574849906 69483004524
17 10 2 10 5 5 49142407420848 235953258610
17 10 14 10 5 8 49142460478902 235900171126
17 10 17 10 5 11 49142512502026 235850091122
17 11 14 10 2 5 49159592757001 81901618216
17 11 17 10 2 8 49159592782877 81928943153
17 11 16 10 2 11 49159592782877 168406582383
16 0 0 19 15 1 49148387264718 178072090297
16 0 7 19 15 15 49167613761429 38709623758
16 10 2 19 0 0 49182893413281 257002629379
16 10 14 19 0 1 49182975878389 256920133971
16 11 0 19 22 15 49186033769387 69484176257
16 11 11 19 22 22 49186057854430 69460086059
16 10 17 19 0 2 49188156356512 262181200012
17 0 1 10 4 5 49213320903443 97252070324
17 0 9 10 4 8 49213904317481 96668656006
16 11 10 19 22 1 49201882752265 189161233251
16 0 4 19 15 16 49206323385187 38709516596
17 11 2 10 2 5 49241494375217 81928995474
17 11 14 10 2 8 49241521726030 81901638274
10 16 10 22 12 6 49236603956447 481248164671
10 16 16 22 22 12 49236607128438 114763140339
10 16 17 22 22 11 49236607223901 114763047928
10 17 16 22 19 5 49241646945396 103974679965
10 17 17 22 19 22 49241647003392 103974592626
16 0 4 19 15 22 49245032901783 81426966977
16 0 11 19 15 16 49245032901783 81427001147
16 11 11 19 22 15 49255517945644 33026790496
16 11 16 19 22 16 49288544736140 33026662626
17 0 1 10 4 8 49310572973767 51791776958
17 11 10 10 4 18 49310572973767 136194562345
17 11 2 10 2 8 49323423370691 38941425148
17 0 11 10 4 11 49325242749159 208008318918
17 11 17 10 2 11 49327999365260 168406617834
16 11 16 19 22 22 49321571398766 69472800968
16 11 17 19 22 16 49321571398766 69472850804
16 0 4 19 15 1 49326459868760 64584760843
16 0 11 19 15 22 49326459902930 64584408460
10 17 14 22 19 2 49345621596018 137518313375
10 17 17 22 19 5 49345621625361 137566243095
10 17 16 22 19 8 49345621625361 239672425358
17 0 6 10 4 20 49362364750725 85443282876
17 11 0 10 2 20 49362364795839 49500241912
17 11 13 10 4 8 49362364795839 84402877892
10 16 16 22 22 1 49351370268777 177303211034
10 16 14 22 22 0 49351370271829 177302692874
10 16 17 22 22 12 49351370271829 177303022209
17 10 2 10 5 8 49378360679458 113087871033
17 10 10 10 8 2 49295425090170 383420636294
17 10 14 10 8 22 49378362593148 232029714373
16 11 16 19 22 1 49391044199734 59299895540
16 11 17 19 22 22 49391044249570 59299820448
16 0 9 19 15 0 49391044311390 96892900456
16 11 10 19 15 22 49391044311390 193817262996
16 0 11 19 15 1 49391044629603 96924687970
16 0 4 19 15 2 49391044629603 204855594558
17 11 11 10 2 20 49411865037751 104125746214
17 11 0 10 4 2 49411865037751 104125746204
17 11 10 10 4 8 49446767673731 49638477322
17 0 7 10 4 20 49447808033601 85443270657
16 10 2 19 0 1 49439896042660 122156298615
16 10 10 19 1 22 49450336202133 379267387634
16 10 14 19 1 21 49450337556524 245415395855
16 11 14 19 22 0 49450344070018 75433156178
16 11 17 19 22 1 49450344095274 75457910741
16 11 16 19 22 2 49450344095274 157588880780
10 17 2 22 19 2 49483139909393 137557570223
10 17 14 22 19 5 49483187868456 137509599011
17 11 14 10 4 8 49496406151053 36845211544
17 10 0 10 5 20 49491448550491 113088063633
16 0 1 19 15 0 49487937211846 96924393656
16 0 9 19 15 1 49487969317573 96892287830
17 11 11 10 4 2 49515990783965 49500274428
17 11 10 10 4 20 49533251304258 73818399560
17 11 0 10 4 14 49533251362597 32239717750
10 16 2 22 22 0 49528672964703 189182498639
10 16 14 22 22 12 49528673294038 189182135393
10 16 17 22 22 1 49528673479811 157409922543
16 11 2 19 22 0 49525777226196 75457743687
16 11 14 19 22 1 49525802006015 75432958633
17 11 0 10 4 18 49565491080347 39107393933
17 11 11 10 4 14 49565491080347 39107369674
16 10 0 19 0 5 49562052341275 122156193607
10 17 17 22 19 8 49585294050719 239676412445
16 0 1 19 15 1 49584861605502 52239419928
16 11 10 19 15 12 49584861605502 132858225287
17 11 11 10 4 18 49604598474280 18591209677
17 11 10 10 4 3 49607069703818 73818256560
17 10 11 10 5 20 49604536614124 237884984632
17 10 0 10 8 19 49604536614124 237884956762
16 0 11 19 15 2 49595900224161 204855076701
16 11 2 19 22 1 49601234969883 35866080442
17 10 2 10 8 22 49610392307521 232029250526
17 11 16 10 4 1 49623189683957 18591221488
16 11 17 19 22 2 49607932976054 157588855703
10 17 2 22 19 5 49620697479616 65385914106
17 11 16 10 4 14 49641780905445 39107329246
17 11 17 10 4 1 49641780905445 39107347011
16 0 6 19 15 5 49637101025430 81827279646
16 11 0 19 22 5 49637101050325 47425378633
16 11 13 19 15 1 49637101050325 80618891489
17 11 16 10 4 3 49680888234691 30095062832
17 11 17 10 4 14 49680888252456 30095034959
10 17 0 22 19 17 49686083393722 69443280330
10 17 13 22 22 19 49686083402354 138887127186
16 10 11 19 0 5 49684208534882 256960086619
16 10 0 19 1 20 49684208534882 256960057715
16 11 11 19 22 5 49684526428958 99761105300
16 11 0 19 15 22 49684526428958 99761105251
17 11 14 10 4 20 49710983287415 39961354702
17 11 17 10 4 3 49710983297523 39974778867
17 11 16 10 4 9 49710983297523 68468644164
16 10 2 19 1 21 49695752952379 245415631501
10 16 10 22 12 19 49717852121118 759057685326
10 16 14 22 12 6 49717855429431 450218064835
10 16 2 22 22 12 49717855463342 107115066383
16 11 10 19 15 1 49717719941814 47802061992
16 0 7 19 15 5 49718928305076 81827230213
17 10 10 10 8 5 49678845726464 383419274626
17 11 2 10 4 20 49750944642117 39974783101
17 11 14 10 4 3 49750958076390 39961343261
10 17 11 22 19 17 49755526674052 69443993474
17 11 17 10 4 9 49779451941687 68468593531
16 11 14 19 15 1 49765522003806 35233568607
17 11 2 10 4 3 49790919425218 19000462639
16 11 11 19 15 22 49784287534258 47425320421
17 11 0 10 4 4 49809919887857 19000433488
16 11 10 19 15 5 49800755535289 70832251402
16 11 0 19 15 3 49800755572413 30957309839
17 11 11 10 4 4 49828920321345 19000412499
10 16 0 22 22 14 49824970529725 255618135269
10 17 13 22 22 12 49824970529725 100182452746
10 14 0 22 9 20 49824970667526 78912879961
10 14 9 22 9 14 49824970667526 221607203879
10 17 1 22 22 19 49824970667526 279851099866
16 10 10 19 1 0 49829603589767 379267643471
17 10 0 10 8 2 49842421570886 152673339242
17 10 11 10 8 19 49842421598756 152725900455
17 16 13 10 7 22 49847920733844 30095048252
17 16 10 10 7 19 49847920733844 30095037990
16 11 0 19 15 12 49831712882252 37518014002
16 11 11 19 15 3 49831712882252 37517990256
17 16 0 10 7 19 49878015771834 49437705468
17 16 10 10 7 22 49878015782096 21462673019
16 11 11 19 15 12 49869230896254 17835702103
16 11 10 19 15 7 49871587786691 70832338068
17 16 14 10 7 22 49899478455115 45147577440
17 16 10 10 7 2 49899478455115 45147566140
16 11 16 19 15 14 49887066598357 17835703665
10 14 4 22 9 20 49903883547487 124017942782
10 14 0 22 9 3 49903883547487 248035450722
16 11 16 19 15 3 49904902302022 37518075507
16 11 17 19 15 14 49904902302022 37518092599
17 16 11 10 7 19 49927453477302 49437621977
10 17 14 22 22 12 49925152982471 157443815323
10 17 13 22 22 5 49925152982471 314887593242
17 16 10 10 7 5 49944626021255 73828588265
17 16 0 10 7 2 49944626032555 32265103657
16 10 0 19 1 22 49941168592597 163732475604
16 10 11 19 1 20 49941168621501 163784722588
16 11 16 19 15 7 49942420377529 28873228030
16 11 17 19 15 3 49942420394621 28873200225
17 16 0 10 7 4 49976891136212 39105789966
17 16 11 10 7 2 49976891136212 39105765345
16 11 14 19 15 5 49971293594846 38339064405
16 11 17 19 15 7 49971293605559 38352012793
16 11 16 19 15 9 49971293605559 65688906768
17 10 0 10 8 4 49995094910128 152720964974
17 10 11 10 8 2 49995147499211 152668406464
17 16 11 10 7 4 50015996926178 18590273720
17 16 10 10 7 8 50018454609520 73828632397
16 11 2 19 15 5 50009632659251 38352045219
16 11 14 19 15 7 50009645618352 38339081326
17 16 16 10 7 7 50034587199898 18590474648
10 14 11 22 9 20 50027901490269 124017805916
17 16 16 10 7 2 50053177674546 39105772125
17 16 17 10 7 7 50053177674546 39105831122
16 11 17 19 15 9 50036982512327 65689038594
10 14 1 22 9 14 50046577871405 221607487828
16 11 2 19 15 7 50047984704470 18229017657
16 11 0 19 15 15 50066213722127 18228996768
10 16 11 22 22 14 50080588664994 537703064777
10 16 0 22 12 16 50080588664994 537703049570
17 16 10 10 2 4 50092283241917 112055855241
17 16 16 10 7 8 50092283446671 35684169868
17 16 17 10 7 2 50092283505668 35684033227
10 17 11 22 22 12 50082596797794 157444056563
17 10 10 10 8 8 50062265001090 383421891776
16 11 11 19 15 15 50084442718895 18229030571
10 17 18 22 22 19 50104821767392 279851208934
16 16 13 19 16 21 50102671749466 28873216896
16 16 10 19 16 20 50102671749466 28873207048
16 10 0 19 1 15 50104901068201 163784069059
16 10 11 19 1 22 50104953344089 163731827318
17 17 10 10 7 2 50127967538895 136218172445
17 16 14 10 7 5 50127967538895 56243638146
17 16 17 10 7 8 50127967616539 56263143402
17 16 16 10 7 11 50127967616539 94213884137
16 16 0 19 16 20 50131544956514 47430568220
16 16 10 19 16 21 50131544966362 20591314708
17 10 11 10 8 4 50147815905675 72590160209
10 14 0 22 9 9 50151918998209 283911042437
10 14 9 22 9 3 50151919296185 116266150954
16 16 14 19 16 21 50152136281070 43314656072
16 16 10 19 16 22 50152136281070 43314645022
10 16 2 22 12 6 50168073494266 450218265673
17 16 2 10 7 5 50184211177041 56260703411
17 16 14 10 7 8 50184230759941 56241119280
16 16 11 19 16 20 50178975524734 47430529089
17 16 10 10 2 6 50204339097158 112056005516
16 16 10 19 16 0 50195450926092 70831267155
16 16 0 19 16 22 50195450937142 30955154288
17 16 17 10 7 11 50222181500676 94213886874
16 10 10 19 1 1 50208871233238 379267865951
17 10 16 10 8 7 50220406065884 72588522412
17 16 2 10 7 8 50240471880452 26741197005
16 16 0 19 16 15 50226406091430 37518166781
16 16 11 19 16 22 50226406091430 37518142679
10 17 13 22 22 21 50240040575713 378251493690
10 17 1 22 22 5 50240040854357 144632054185
17 17 0 10 7 2 50264185711340 136220505618
17 16 0 10 7 20 50267213077457 65579461648
17 17 10 10 7 8 50267213077457 49186002530
10 14 9 22 9 7 50268185447139 153030169601
10 14 1 22 9 3 50268185447139 153030122669
16 16 11 19 16 15 50263924258211 17835746697
16 16 10 19 16 1 50266282193247 70831570012
16 10 11 19 1 15 50268685171407 77848644179
16 16 16 19 16 16 50281760004908 17835886285
17 10 16 10 8 2 50292994588296 152692850186
17 10 17 10 8 7 50292994588296 152692921889
16 16 16 19 16 22 50299595891193 37518076898
16 16 17 19 16 16 50299595891193 37518134489
17 16 10 10 2 8 50316395102674 151184283589
17 16 14 10 2 6 50316395387550 77173419748
17 17 14 10 7 8 50316399079987 77171324829
17 17 10 10 7 14 50316399079987 154342535280
17 16 11 10 7 20 50332792539105 137949023797
17 16 0 10 2 4 50332792539105 137949028319
16 16 10 19 22 15 50337113763259 107499200267
16 16 16 19 16 1 50337113968091 34235859869
16 16 17 19 16 22 50337114025682 34235727564
16 10 16 19 1 16 50346533815586 77848701027
16 17 10 19 16 22 50371349753246 130741073595
16 16 14 19 16 0 50371349753246 53955834517
16 16 17 19 16 1 50371349827960 53974678264
16 16 16 19 16 2 50371349827960 90381734028
10 17 1 22 22 8 50384672908542 191376860947
10 17 18 22 22 5 50384672976326 191376804894
17 16 2 10 2 6 50393568807298 77173228413
17 17 2 10 7 8 50393570404816 77171323834
17 17 11 10 7 2 50400406216958 136220566153
10 14 1 22 9 7 50421215616740 72748087802
16 10 16 19 1 22 50424382516613 163757731909
16 10 17 19 1 16 50424382516613 163757801405
16 16 2 19 16 0 50425305587763 53973716004
16 16 14 19 16 1 50425324506224 53954795871
10 14 0 22 9 15 50435830040646 283911421589
17 10 16 10 8 8 50445687438482 124237041560
17 10 17 10 8 2 50445687510185 124236894826
16 16 10 19 22 8 50444612963526 107499790999
17 16 10 10 2 10 50467579386263 151185353854
17 16 11 10 2 4 50470741567424 75746265479
17 17 10 10 7 20 50470741615267 164532776715
17 17 0 10 7 14 50470741728650 65885267620
17 16 0 10 2 8 50470742035711 75721391514
16 16 17 19 16 2 50461731561988 90381476737
10 16 10 22 12 9 50476909806444 759044206916
16 16 2 19 16 1 50479279303767 25654395134
10 14 6 22 9 13 50493963704542 72748580621
16 17 0 19 16 22 50502090826841 130742057428
16 16 0 19 16 5 50504933698901 62920411599
16 17 10 19 16 1 50504933698901 47183528083
17 17 0 10 7 18 50536626996270 89190221064
17 17 11 10 7 14 50536626996270 89190196621
17 16 0 10 2 17 50546463427225 75746332224
17 16 11 10 2 8 50546487832903 75721978007
16 16 10 19 22 1 50552112754525 144892538231
16 16 14 19 22 8 50552113038725 74048062513
16 17 14 19 16 1 50552117226984 74046406049
16 17 10 19 16 3 50552117226984 148092463653
10 14 6 22 9 3 50566712285163 153029403198
10 14 7 22 9 13 50566712285163 153029441212
17 10 14 10 8 5 50569924405011 148803321984
17 10 17 10 8 8 50569924480042 148852406679
17 10 16 10 8 11 50569924480042 436671312734
16 16 11 19 16 5 50567854110500 132355527245
16 16 0 19 22 15 50567854110500 132355531242
10 17 18 22 22 8 50576049781220 90978383241
16 10 16 19 1 1 50588140248522 131310477088
16 10 17 19 1 22 50588140318018 131310331044
17 16 10 10 2 12 50618764740117 151185177416
17 16 11 10 2 17 50622209810910 36003199305
17 17 11 10 7 18 50625817217334 42400136740
10 16 11 22 12 16 50618291729771 348523961260
10 16 0 22 12 19 50618291759939 348414179061
10 17 13 22 22 14 50618292069403 331090351437
17 17 10 10 7 3 50635274391982 164533187618
16 16 2 19 22 8 50626161101238 74048947150
16 17 2 19 16 1 50626163633033 74046170127
16 17 11 19 16 22 50632832884269 130742035738
17 16 16 10 2 19 50658213010215 36003287366
17 17 16 10 7 1 50668217354074 42400091938
10 17 5 22 22 1 50667028164461 90978221299
17 16 16 10 2 8 50694216297581 75734143261
17 16 17 10 2 19 50694216297581 75734172063
16 16 10 19 22 17 50697005292756 144891990291
17 17 16 10 7 14 50710617446012 89190373703
17 17 17 10 7 1 50710617446012 89190403824
16 16 11 19 22 15 50700209641742 72550198803
16 17 10 19 16 5 50700209690637 158151028113
16 17 0 19 16 3 50700209803160 63365331510
16 16 0 19 22 1 50700210048388 72525847038
17 10 2 10 8 5 50718727726995 148850510678
17 10 14 10 8 8 50718776886721 148801923735
10 14 6 22 9 15 50719741688361 123081512031
10 14 7 22 9 3 50719741726375 112060446600
16 10 14 19 1 0 50719450649062 157735201834
16 10 17 19 1 1 50719450725610 157785991076
16 10 16 19 1 2 50719450725610 454290838844
10 17 5 22 22 5 50758006385760 191376274412
10 17 10 22 22 1 50758006385760 191376330064
17 16 16 10 2 12 50769950440842 58977827666
17 16 17 10 2 8 50769950469644 58977765154
16 17 0 19 16 12 50763575134670 85718815672
16 17 11 19 16 3 50763575134670 85718791951
16 16 0 19 22 4 50772735895426 72550009492
16 16 11 19 22 1 50772759840545 72526116452
17 17 16 10 7 3 50799807819715 68293009752
17 17 17 10 7 14 50799807849836 68292951366
17 16 14 10 2 10 50828928234798 71448390476
17 16 17 10 2 12 50828928268508 71473789443
17 16 16 10 2 14 50828928268508 195163158279
10 14 4 22 9 9 50831802172975 198941375006
10 2 14 22 9 3 50831802172975 288375922085
10 14 7 22 9 15 50842823200392 193432050365
10 14 6 22 9 21 50842823200392 386862885959
16 16 10 19 22 10 50841897283047 144893905728
16 16 11 19 22 4 50845285956997 34484079825
16 17 11 19 16 12 50849293950342 40749795021
17 17 14 10 7 20 50868100801202 85888171126
17 17 17 10 7 3 50868100829467 85916803630
17 17 16 10 7 9 50868100829467 190131214860
16 17 10 19 16 7 50858360718750 158151316609
17 16 10 10 8 7 50867578237673 154063685766
17 10 2 10 8 8 50867578810456 143921794313
16 10 2 19 1 0 50877185850896 157784757555
16 10 14 19 1 1 50877236716686 157734198288
16 16 16 19 22 20 50879770036822 34483788991
17 16 2 10 2 10 50900376625274 71475588853
17 16 14 10 2 12 50900402057951 71450168930
16 17 16 19 16 14 50890043745363 40749783607
16 16 16 19 22 1 50914253825813 72537888446
16 16 17 19 22 20 50914253825813 72537916029
16 17 16 19 16 3 50930793528970 85718746515
16 17 17 19 16 14 50930793528970 85718775598
17 17 2 10 7 20 50953988972328 85916804694
17 17 14 10 7 3 50954017633097 85888135670
10 17 5 22 22 14 50949382660172 144430984719
10 17 10 22 22 5 50949382715824 144430904634
17 17 10 10 2 19 50971852214127 111460126031
17 16 2 10 2 12 50971852226881 52239490865
10 16 0 22 12 20 50966705939000 348515490736
10 16 11 22 12 19 50966815691031 348405812340
16 16 16 19 22 10 50986791714259 56496026339
16 16 17 19 22 1 50986791741842 56495966250
17 10 17 10 8 11 51006595792776 436670755246
17 10 0 10 8 20 51011500604769 143921791686
17 16 10 10 8 2 51021641923439 154064018642
17 16 17 10 2 14 51024091426787 224271605995
17 16 0 10 2 20 51024091717746 80899714183
17 16 13 10 8 8 51024091717746 151617143199
16 17 16 19 16 7 51016512275485 65636816092
16 17 17 19 16 3 51016512304568 65636759662
10 14 11 22 9 9 51030743547981 198942670883
17 17 2 10 7 3 51039905777022 40837187246
10 14 4 22 9 15 51036255250757 193430904119
16 16 10 19 1 16 51034970608451 168504148054
16 10 2 19 1 1 51034970914974 148265295740
16 16 14 19 22 17 51043287708092 68455730956
16 16 17 19 22 10 51043287740598 68479148791
16 16 16 19 22 3 51043287740598 186783585995
17 17 17 10 7 9 51058232044327 190131366340
17 17 13 10 2 2 51080742964268 114029806361
17 17 0 10 7 4 51080742964268 68672448207
17 17 10 10 2 12 51083312340158 111460372057
16 17 14 19 16 5 51082149064230 82570424034
16 17 17 19 16 7 51082149091577 82617542027
16 17 16 19 16 9 51082149091577 182444499558
10 17 14 22 22 21 51093813620458 198080406755
10 17 10 22 22 14 51093813644891 198168461899
10 17 5 22 22 7 51093813644891 297185334542
17 16 11 10 2 20 51104991431929 170175796953
17 16 0 10 8 7 51104991431929 170175796960
16 16 2 19 22 17 51111743439048 68479489250
16 16 14 19 22 10 51111766889389 68456051095
10 2 15 22 9 3 51120178095060 288374940664
17 17 11 10 7 4 51149415412475 144454878167
17 17 0 10 2 19 51149415412475 144454878058
17 10 11 10 8 20 51155422396455 143921549802
16 17 2 19 16 5 51164719488264 82653956479
16 17 14 19 16 7 51164766633604 82606803170
17 16 10 10 8 8 51175708860945 72654351675
16 10 17 19 1 2 51173741564454 454290712508
16 17 10 19 22 20 51180222928298 107668698889
16 16 2 19 22 10 51180222940484 49848667686
16 10 0 19 1 5 51183236210714 148265093476
17 17 10 10 2 2 51194772770629 53590819926
16 16 10 19 1 22 51203474756505 168504306705
10 14 10 22 9 21 51229686154876 155747367550
10 14 11 22 9 15 51229686218864 149123933272
16 16 17 19 22 3 51230071326593 215171584787
16 16 0 19 22 5 51230071608170 77981905190
16 16 13 19 1 1 51230071608170 141910551237
10 16 10 22 12 22 51235954013360 759049412041
17 16 14 10 8 8 51248363212620 53851944677
17 17 14 10 2 2 51248363590555 57089512650
17 17 10 10 2 14 51248363590555 149102716719
16 17 2 19 16 7 51247373444743 39263768812
16 17 17 19 16 9 51264593591135 182443912267
17 16 11 10 8 7 51275167228889 80899711063
17 17 11 10 2 19 51293870290642 68672353132
16 17 13 19 22 22 51286637213555 108924077170
16 17 0 19 16 15 51286637213555 66297028170
10 17 11 22 22 21 51291894027213 198123807555
10 17 14 22 22 14 51291982106790 198123301572
16 17 10 19 22 10 51287891627187 107669604393
17 16 10 10 8 10 51299343946257 143922859263
17 16 0 10 8 9 51302215157297 53851802497
17 17 0 10 2 8 51305453103205 57089508844
16 16 11 19 22 5 51308053513360 164037459768
16 16 0 19 1 16 51308053513360 164037459769
10 16 11 22 12 20 51315221503371 165657915480
16 10 11 19 1 5 51331501304190 148265682115
17 16 0 10 8 2 51356066959794 64750409911
17 16 11 10 8 9 51356066959794 64750371741
17 17 0 10 2 12 51362542612049 62365558362
17 17 11 10 2 8 51362542643774 62365468735
16 17 11 19 16 15 51352934241725 139458361292
16 17 0 19 22 20 51352934241725 139458361276
16 16 10 19 1 1 51371982159407 73260930324
10 14 9 22 9 16 51378810152136 309375434673
10 2 14 22 9 15 51378810152136 318118023950
10 14 7 22 9 21 51385433522426 155747241504
10 17 10 22 22 7 51390998979433 297186416179
17 17 10 10 2 20 51397466307274 149102819269
16 17 10 19 22 22 51395561290725 51476392494
10 2 12 22 9 3 51408553035724 288375303246
17 16 11 10 8 2 51420817369705 30781635734
17 17 11 10 2 12 51424908170411 29647887025
17 16 10 10 8 11 51443266805520 103860989176
17 16 16 10 8 3 51451599005439 30781619264
17 17 16 10 2 18 51454556057436 29647890985
16 16 14 19 1 1 51445243089731 52414888582
16 17 14 19 22 22 51447037683219 55825951274
16 17 10 19 22 3 51447037683219 145275302947
16 16 11 19 1 16 51472090973129 77981737712
17 16 16 10 8 9 51482380624703 64750339499
17 16 17 10 8 3 51482380624703 64750383203
17 17 16 10 2 8 51484203948421 62365416520
17 17 17 10 2 18 51484203948421 62365446871
10 16 16 22 12 10 51480879418851 165658114789
16 16 10 19 1 17 51479766986305 148265548353
10 14 0 22 22 6 51490017834768 198167215784
10 17 11 22 22 14 51490105408362 198080010539
16 17 11 19 22 20 51492392603017 66297094328
16 16 0 19 1 9 51497657978313 52414752931
16 17 0 19 22 1 51502863634493 55826026566
10 2 2 22 9 14 51541180763930 155747592191
17 17 16 10 2 20 51546569364941 50301175672
17 17 17 10 2 8 51546569395292 50301129807
17 16 10 10 11 22 51547127794696 229851275068
17 16 16 10 8 11 51547130964202 54794763478
17 16 17 10 8 9 51547131007906 54794721633
16 16 0 19 1 22 51550072731244 62774287481
16 16 11 19 1 9 51550072731244 62774249091
16 17 0 19 22 10 51558689661059 60627664340
16 17 11 19 22 1 51558689697345 60627569546
17 17 14 10 2 14 51596870525099 66548902284
17 17 17 10 2 20 51596870540613 66571310134
17 17 16 10 2 3 51596870540613 115833749188
16 17 10 19 22 5 51592312986166 145275424339
17 16 16 10 8 12 51601925727680 84655122021
17 16 14 10 8 10 51601925729539 84654865397
17 16 17 10 8 11 51601925729539 84655027947
16 16 11 19 1 22 51612847018725 29842333884
16 17 11 19 22 10 51619317325399 28821812600
16 16 10 19 1 2 51628032534658 107269981480
10 16 16 22 12 19 51646537533640 348469385488
10 16 17 22 12 10 51646537533640 348469515708
16 16 16 19 1 7 51642689352609 29842218849
16 17 16 19 22 12 51648139137999 28821793058
17 17 2 10 2 14 51663419427383 66571319490
17 17 14 10 2 20 51663441850747 66548890008
16 16 16 19 1 9 51672531571458 62774294251
16 16 17 19 1 7 51672531571458 62774342070
16 17 16 19 22 1 51676960931057 60627717386
16 17 17 19 22 12 51676960931057 60627747479
17 16 2 10 8 10 51686580594936 90401798659
17 16 14 10 8 11 51686580757486 90401618491
17 16 17 10 8 12 51686580849701 75051986825
10 14 4 22 22 6 51688185050552 210170915315
10 14 0 22 22 19 51688185395612 420341262768
10 17 1 22 22 9 51688185418901 251403887657
10 14 1 22 9 16 51688185586809 375544023154
10 14 9 22 22 16 51688185586809 375543841934
10 2 14 22 9 4 51696928176086 380202933765
10 2 0 22 9 14 51696928356121 192498208746
10 2 2 22 9 15 51696928356121 192436892299
17 17 17 10 2 3 51712704289801 115833635532
17 17 2 10 2 20 51729990746873 31642138491
16 16 10 19 2 21 51735302516138 226060422392
16 16 16 19 1 2 51735305865709 53934157997
16 16 17 19 1 9 51735305913528 53934111854
16 17 16 19 22 5 51737588648443 48919614511
16 17 17 19 22 1 51737588678536 48919569701
17 17 0 10 2 21 51761632885364 33452621051
17 17 13 10 8 2 51761632885364 66905115374
17 16 10 10 11 2 51776979069764 351320814059
17 16 14 10 11 22 51776982375977 213443067308
17 16 2 10 8 11 51776982393595 51555557789
17 17 11 10 2 21 51795085506415 33452613639
16 17 14 19 22 3 51786508248237 64699434772
16 17 17 19 22 5 51786508262954 64722628857
16 17 16 19 22 7 51786508262954 112773446428
16 16 16 19 1 10 51789240023706 83325500236
16 16 14 19 1 17 51789240025382 83325238134
16 16 17 19 1 2 51789240025382 83325404411
17 16 0 10 8 15 51828537951384 120936693203
17 17 13 10 8 11 51828538000738 48035111212
17 14 0 10 5 4 51828538120054 38314654677
17 14 9 10 5 15 51828538120054 107597281388
17 17 1 10 8 2 51828538120054 134591571522
16 17 2 19 22 3 51851207683009 64721874776
16 17 14 19 22 5 51851230891811 64698659288
17 14 4 10 5 4 51866852774731 60214404402
17 14 0 10 5 16 51866852774731 120428728681
17 17 14 10 8 11 51876573111950 75490876694
17 17 13 10 8 20 51876573111950 150981671565
16 16 2 19 1 17 51872565263516 88801176288
16 16 14 19 1 2 51872565429793 88800992732
16 16 17 19 1 10 51872565523942 74127070398
10 2 2 22 9 0 51889365248420 192501727936
10 2 0 22 9 15 51889426564867 192440496867
10 14 11 22 22 6 51898355965867 210170846375
16 17 17 19 22 7 51899281709382 112773496582
16 17 2 19 22 5 51915929557785 30763094595
17 14 11 10 5 4 51927067179133 60214506653
17 14 1 10 5 15 51936135401442 107597232058
10 17 18 22 22 9 51939589306558 251404053165
17 16 11 10 8 15 51949474644587 254394762098
17 16 0 10 11 19 51949474644587 254394745810
17 17 11 10 8 11 51952063988644 75490985739
16 17 0 19 22 13 51946692652380 32681406290
16 17 13 19 1 22 51946692652380 65362636697
17 17 18 10 8 2 51963129691576 134591828670
16 16 10 19 2 22 51961362938530 344996756227
16 16 14 19 2 21 51961366422525 209231313500
16 16 2 19 1 2 51961366439804 50688790336
17 14 0 10 5 5 51987281503412 137847885183
17 14 9 10 5 16 51987281685786 56451052012
16 17 11 19 22 13 51979374058670 32681342644
17 16 2 10 11 22 51990425443285 213443925896
10 16 16 22 12 22 51995006919128 276176878820
10 16 17 22 12 19 51995007049348 276176657433
16 16 0 19 1 11 52012055230140 118500918056
16 17 13 19 1 2 52012055289077 47012966030
16 14 0 19 0 15 52012055401314 37448097440
16 14 9 19 0 11 52012055401314 105163458734
16 17 1 19 1 22 52012055401314 131691858187
17 17 13 10 8 6 52027554783515 176315125210
17 17 1 10 8 20 52027554974383 70166522704
17 14 9 10 5 1 52043732737798 74300695433
17 14 1 10 5 16 52043732737798 74300671210
16 14 4 19 0 15 52049503498754 58852498611
16 14 0 19 0 19 52049503498754 117704762535
16 17 14 19 1 2 52059068255107 73884802674
16 17 13 19 1 5 52059068255107 147768991676
10 14 1 22 22 16 52063729609963 178530116597
10 2 14 22 9 16 52077131109851 380202065724
10 2 0 22 9 0 52081867061734 91498598467
17 17 1 10 8 3 52097721497087 92560737997
17 17 18 10 8 20 52097721520246 92560708780
10 14 9 22 22 19 52108526812242 133732615193
16 14 11 19 0 15 52108355997365 58852443841
17 14 1 10 5 1 52118033433231 35321631366
16 14 1 19 0 11 52117218860048 105163472565
17 14 0 10 5 17 52125129388595 137847794700
17 16 10 10 11 5 52128299883823 351320894071
16 16 11 19 1 11 52130556148196 249271645514
16 16 0 19 2 20 52130556148196 249271630254
16 17 11 19 1 2 52132953057781 73884375067
16 17 18 19 1 22 52143747259501 131691956122
17 14 6 10 5 13 52153355064597 35321723173
16 14 0 19 0 0 52167208261289 134729681909
16 14 9 19 0 19 52167208441206 55173996158
10 2 6 22 9 12 52173365660201 91498020557
16 16 2 19 2 21 52170597736025 209230021670
17 14 6 10 5 16 52188676787770 74300629668
17 14 7 10 5 13 52188676787770 74300649463
17 17 18 10 8 3 52190282235084 44002314720
10 14 0 22 22 9 52190993359723 251404407681
17 16 0 10 11 2 52203869390397 158695565875
17 16 11 10 11 19 52203869406685 158748432947
17 17 13 10 8 15 52203869908725 166977350718
16 17 13 19 1 8 52206837246783 172991002535
16 17 1 19 1 5 52206837432848 68601767517
16 14 9 19 0 14 52222382437364 72620058349
16 14 1 19 0 19 52222382437364 72620034473
17 17 5 10 8 12 52234284549804 44002365201
10 14 9 22 22 20 52242259427435 153025193816
10 14 1 22 22 19 52242259726560 153025068958
17 14 6 10 5 17 52262977417438 59746766374
17 14 7 10 5 16 52262977437233 54419737894
10 2 6 22 9 15 52264863680758 192469707643
10 2 11 22 9 12 52264863680758 192469773843
10 16 14 22 12 9 52271183706781 354450394215
10 16 17 22 12 22 52271183797948 354560164043
10 16 16 22 12 12 52271183797948 709011886118
17 17 5 10 8 20 52278286915005 92560578197
17 17 10 10 8 12 52278286915005 92560608510
16 17 1 19 1 7 52275439200365 90521064583
16 17 18 19 1 5 52275439215623 90521035896
16 14 1 19 0 14 52295002495713 34522708848
16 14 0 19 0 4 52301937943198 134729843570
16 16 10 19 2 0 52306359694757 344997287122
17 14 4 10 5 5 52317397175127 96559488216
17 2 14 10 5 16 52317397175127 140151495342
17 14 7 10 5 17 52322724183812 93896795858
17 14 6 10 5 6 52322724183812 187792804036
16 14 6 19 0 18 52329525204561 34522789633
17 16 0 10 11 4 52362564956272 158748960022
17 16 11 10 11 2 52362617839632 158696125867
17 17 5 10 8 15 52370847493202 70522655219
17 17 10 10 8 20 52370847523515 70522611981
16 14 6 19 0 19 52364047994194 72620027121
16 14 7 19 0 18 52364047994194 72620046664
16 17 18 19 1 7 52365960264948 43032769332
16 16 0 19 2 22 52379827778450 156027607764
16 16 11 19 2 20 52379827793710 156077321678
16 17 13 19 1 11 52379828249318 162718357029
10 14 1 22 22 20 52395284795518 72746432077
17 14 11 10 5 5 52413956663343 96560421494
16 17 5 19 1 10 52408993034280 43032719237
17 14 4 10 5 17 52416620979670 93896072595
17 17 14 10 8 6 52441370135496 96718547732
17 17 10 10 8 15 52441370148421 96762492611
17 17 5 10 8 1 52441370148421 145111274863
16 14 6 19 0 4 52436668021315 58398301890
16 14 7 19 0 19 52436668040858 53186204930
10 14 0 22 22 22 52442397767404 251404380417
17 2 15 10 5 16 52457548670469 140151647311
16 17 5 19 1 5 52452025753517 90521086774
16 17 10 19 1 10 52452025753517 90521116242
10 2 6 22 9 16 52457333388401 149557140444
10 2 11 22 9 15 52457333454601 149557023854
10 14 6 22 22 10 52468031227595 72746271422
17 16 10 10 11 8 52479620777894 351321551632
16 14 4 19 0 0 52489854245788 94383421282
16 2 14 19 0 19 52489854245788 136949838983
16 14 7 19 0 4 52495066323205 91777728917
16 14 6 19 0 8 52495066323205 183554970558
17 14 10 10 5 6 52510517052265 75778245421
17 14 11 10 5 17 52510517084837 72221774846
17 16 11 10 11 4 52521313965499 75454632535
17 17 11 10 8 6 52538088683228 96739718383
17 17 14 10 8 15 52538132641032 96738099213
16 16 0 19 2 15 52535855386214 156078009809
16 16 11 19 2 22 52535905115388 156028329554
10 14 6 22 22 19 52540777499017 153025003685
10 14 7 22 22 10 52540777499017 153025045789
16 17 5 19 1 11 52542546840291 68913802936
16 17 10 19 1 5 52542546869759 68913760836
17 14 9 10 5 19 52582738859683 148853846715
17 2 14 10 5 17 52582738859683 155113176605
17 14 7 10 5 6 52586295297686 75778390628
17 17 10 10 8 1 52586481423284 145111069950
16 14 11 19 0 0 52584237667070 94383723064
16 14 4 19 0 4 52586844052122 91777305982
17 16 16 10 11 7 52596768598034 75454939467
17 2 12 10 5 16 52597700317780 140151774112
10 2 15 22 9 4 52606890478455 191943769280
10 2 11 22 9 16 52606890528845 192005248995
10 2 6 22 9 5 52606890528845 383948420946
16 17 14 19 1 8 52611460630595 94511805699
16 17 10 19 1 11 52611460643227 94555019150
16 17 5 19 1 14 52611460643227 141798644306
10 16 2 22 12 9 52625634100996 354561774254
10 16 14 22 12 22 52625743961991 354451783178
16 2 15 19 0 19 52626804084771 136948359211
17 14 0 10 8 22 52634828401611 96763931182
17 17 11 10 8 15 52634870740245 96721794046
16 16 10 19 2 1 52651356981879 344997105057
17 2 2 10 5 15 52662073688314 75778470799
17 16 16 10 11 2 52672223537501 158722338246
17 16 17 10 11 7 52672223537501 158722402239
16 14 10 19 0 8 52678621358104 74026761915
16 14 11 19 0 4 52678621390134 70631244613
10 14 6 22 22 22 52693802502702 114092806747
10 14 7 22 22 19 52693802544806 114092727608
16 16 11 19 2 15 52691933444942 74186005177
16 17 11 19 1 8 52705972436294 94532712277
16 17 14 19 1 11 52706015662377 94533127259
17 14 4 10 8 22 52731592332793 102322714353
17 14 0 10 8 2 52731592493234 204645394537
17 17 1 10 8 5 52731592534291 122397428204
17 14 1 10 5 19 52731592706398 182835807449
17 14 9 10 8 19 52731592706398 182835722043
17 2 14 10 5 18 52737852036288 185027864549
17 2 0 10 5 15 52737852159113 93683326373
17 2 2 10 5 17 52737852159113 93652228469
16 14 9 19 0 20 52749252634747 145805554744
16 2 14 19 0 4 52749252634747 151449028519
16 14 7 19 0 8 52752648120019 74026824565
16 17 10 19 1 14 52753259287533 141798697444
16 2 12 19 0 19 52763752443982 136949271989
16 16 16 19 2 16 52766119450119 74185542191
10 2 12 22 9 4 52798834247735 192004749602
10 2 15 22 9 16 52798895777840 191943191216
16 14 0 19 1 21 52800505148571 94552682521
16 17 11 19 1 11 52800548789636 94509237016
10 14 4 22 22 9 52807895272414 146427375958
10 14 7 22 22 22 52807895309449 146480628071
10 14 6 22 22 12 52807895309449 292907849102
17 16 16 10 11 8 52830945875747 126186086189
17 16 17 10 11 2 52830945939740 126185978050
17 2 2 10 5 10 52831504387582 93682063640
17 2 0 10 5 17 52831535485486 93651009714
16 2 2 19 0 11 52826674944584 74026839759
17 14 11 10 8 22 52833915047146 102322977541
16 16 16 19 2 22 52840304992310 156052818605
16 16 17 19 2 16 52840304992310 156052881511
17 17 18 10 8 5 52853989962495 122397602711
16 14 4 19 1 21 52895057831092 100036138060
16 14 0 19 1 22 52895057984977 200071964701
16 17 1 19 1 0 52895058026652 119661830719
16 14 1 19 0 20 52895058189491 178749524314
16 14 9 19 1 20 52895058189491 178749439614
16 2 14 19 0 12 52900701663266 180740211104
16 2 0 19 0 11 52900701784343 91515196023
16 2 2 19 0 4 52900701784343 91480702720
17 14 1 10 8 19 52914428513847 86918083034
17 2 14 10 5 19 52922879900837 185029634580
17 2 0 10 5 10 52925186495200 44527888008
17 14 9 10 8 2 52936238024687 65108370326
17 16 14 10 11 5 52957131917790 161939108361
17 16 17 10 11 8 52957131961936 161995527857
17 16 16 10 11 11 52957131961936 323942014682
10 14 11 22 22 9 52954322648372 146480511033
10 14 4 22 22 22 52954375937520 146427245383
17 2 6 10 5 11 52969714383208 44528364637
17 14 0 10 8 5 52976387565206 122397425383
10 16 1 22 12 12 52980195745169 283589829253
10 16 2 22 12 22 52980195875250 269129960915
10 2 7 22 9 5 52990838969056 230547707078
10 2 12 22 9 16 52990838997337 109964201483
16 2 2 19 0 17 52992182487063 91508089064
16 2 0 19 0 4 52992216980366 91473638653
16 14 11 19 1 21 52995093969152 100036117107
17 14 9 10 8 4 53001346395013 74501223785
17 14 1 10 8 2 53001346596881 74501159357
16 16 16 19 2 1 52996357810915 124034789796
16 16 17 19 2 22 52996357873821 124034683440
17 2 6 10 5 17 53014242747845 93667013907
17 2 11 10 5 11 53014242747845 93667048224
16 17 18 19 1 0 53014719857371 119662367393
17 14 1 10 8 4 53075847756238 35417048539
16 14 1 19 1 20 53073807713805 84975860149
16 2 14 19 0 20 53081441874370 180739481943
16 2 0 19 0 17 53083690619019 43496898818
17 14 0 10 8 8 53098784990589 122397662949
16 14 9 19 1 22 53095130086259 63653295526
10 14 11 22 22 22 53100803182903 148857788418
10 14 10 22 22 12 53100803182903 180405289312
10 2 2 22 9 18 53100803198820 180405127951
10 2 10 22 22 10 53100803198820 120583643219
17 2 6 10 5 19 53107909761752 72783258223
17 2 11 10 5 17 53107909796069 72783197925
17 14 6 10 8 7 53111264804777 35417087852
17 16 2 10 11 5 53119071026151 162003033055
17 16 14 10 11 8 53119127489793 161946535255
16 16 14 19 2 0 53120392557261 159184846125
16 16 17 19 2 1 53120392600711 159239171315
16 16 16 19 2 2 53120392600711 318425915079
16 2 6 19 0 2 53127187517837 43496920365
16 14 0 19 1 0 53134382224764 119661983895
17 14 6 10 8 2 53146681892629 74501079408
17 14 7 10 8 7 53146681892629 74501101585
16 14 9 19 1 15 53158783381785 72836162493
16 14 1 19 1 22 53158783573954 72836099386
16 2 6 19 0 4 53170684438202 91497144692
16 2 11 19 0 2 53170684438202 91497178353
17 2 15 10 5 18 53180692993994 93409511147
17 2 11 10 5 19 53180693019975 93440548286
17 2 6 10 5 20 53180693019975 186850405095
17 14 6 10 8 8 53221182972037 55546709841
17 14 7 10 8 2 53221182994214 55546668455
10 2 11 22 9 5 53221386676134 325989822737
10 2 14 22 22 10 53221386842039 162995081305
10 2 10 22 22 19 53221386842039 325989626760
16 14 1 19 1 15 53231619673340 34625568413
10 16 0 22 12 5 53249325836165 269130315471
10 14 9 22 22 5 53249660971321 148857734433
16 14 0 19 1 1 53254044208659 119662304280
10 16 17 22 12 12 53263785574422 283589937524
16 2 6 19 0 20 53262181582894 71097070398
16 2 11 19 0 4 53262181616555 71097011482
16 14 6 19 1 16 53266245241753 34625537584
17 2 12 10 5 18 53274102505141 93440964969
17 2 15 10 5 19 53274133568261 93409888395
17 14 4 10 8 5 53276729662669 71288877786
17 14 7 10 8 8 53276729681878 71312492373
17 14 6 10 8 11 53276729681878 142601276000
17 16 1 10 11 11 53281074025048 157516868650
17 16 2 10 11 8 53281074059206 105011433429
10 14 7 22 22 12 53281208472215 180405239627
10 2 0 22 9 18 53281208326771 180405492040
16 16 2 19 2 0 53279577403386 159241194747
16 16 14 19 2 1 53279631772026 159186792448
16 14 6 19 1 22 53300870779337 72836043782
16 14 7 19 1 16 53300870779337 72836065245
16 2 15 19 0 12 53333278628037 91246575517
16 2 11 19 0 20 53333278653292 91277731722
16 2 6 19 0 5 53333278653292 182522895988
17 14 11 10 8 5 53348018540455 71312460695
17 14 4 10 8 8 53348042174251 71288824918
17 2 7 10 5 20 53367543456656 120161960705
17 2 12 10 5 19 53367543470110 51787587275
16 14 6 19 1 1 53373706823119 54305323632
16 14 7 19 1 22 53373706844582 54305283104
17 16 0 10 11 20 53386085492635 105011226413
10 2 2 22 22 10 53384381923344 162994751818
10 14 1 22 22 5 53398518705754 148857778705
17 14 10 10 8 11 53419330999169 88388831646
17 14 11 10 8 8 53419331001150 58925934948
17 2 2 10 5 0 53419331057385 88388748790
17 2 10 10 8 7 53419331057385 68374471691
16 2 12 19 0 12 53424525203554 91276396596
16 2 15 19 0 20 53424556385014 91245201289
16 14 4 19 1 0 53428012127686 69693124708
16 14 7 19 1 1 53428012146751 69717008210
16 14 6 19 1 2 53428012146751 139412232623
17 16 17 10 11 11 53438590893698 157516802856
16 16 1 19 2 2 53438818564474 154830806330
16 16 2 19 2 1 53438818598133 103220520296
10 2 0 22 22 1 53461613818811 85762860393
17 14 9 10 8 20 53478256936098 58925900626
17 2 11 10 5 20 53487705417361 189673212246
17 2 14 10 8 7 53487705529076 94836652508
17 2 10 10 8 2 53487705529076 154511263267
17 16 11 10 11 20 53491096719048 105011226682
16 14 11 19 1 0 53497705252394 69719161646
16 14 4 19 1 1 53497729154961 69695261876
17 14 7 10 8 11 53507719830815 88388769957
17 2 0 10 5 0 53507719806175 88389010171
16 2 7 19 0 5 53515801586303 112427517727
16 2 12 19 0 20 53515801600150 51622867960
10 16 11 22 12 5 53518456151636 269130460732
17 14 1 10 8 20 53537182836724 58925842621
16 16 0 19 2 5 53542039118429 103221061967
10 2 10 22 22 5 53547376484459 178785853515
10 1 10 22 12 15 53547376484459 137172317898
10 2 11 22 22 1 53547376679204 90521970487
10 2 0 22 22 19 53547376679204 90491513030
16 14 11 19 1 1 53567424416837 60352305397
16 14 10 19 1 2 53567424416837 90528392484
16 2 2 19 0 6 53567424468110 90528377711
16 2 10 19 1 16 53567424468110 60804741847
17 2 2 10 8 7 53582542181584 94836618632
17 1 10 10 11 17 53596108679345 29752213478
17 1 0 10 11 15 53596108679345 83551246879
17 2 0 10 8 12 53596108816346 81269972526
16 16 17 19 2 2 53593649370804 154830930270
17 1 14 10 11 17 53625860892823 46757768079
17 1 10 10 11 19 53625860892823 93515363384
16 14 9 19 1 5 53627776722234 60352133583
16 2 11 19 0 5 53628229104030 176067073518
16 2 14 19 1 16 53628229209957 88033671884
16 2 10 19 1 22 53628229209957 132325343340
10 2 0 22 22 2 53637868192234 90521618215
10 2 11 22 22 19 53637898649691 90491177243
17 2 10 10 8 20 53642216792343 154502733396
16 16 11 19 2 5 53645260180396 103220907365
16 2 0 19 0 6 53657952845821 90528438050
16 14 7 19 1 2 53657952809321 90528377807
17 1 2 10 11 17 53672618660902 46757752934
17 2 11 10 8 12 53677378788872 69326941622
17 2 0 10 8 2 53677378800216 69301782077
17 1 11 10 11 15 53679659926224 83551516222
10 1 14 22 12 15 53684548802357 215577241099
10 1 10 22 12 16 53684548802357 431153452397
16 14 1 19 1 5 53688128855817 60352439574
16 2 2 19 1 16 53716262881841 88033450403
17 1 10 10 11 21 53719376256207 107041352084
17 1 0 10 11 19 53719376413836 43835282355
10 2 10 22 22 14 53726162337974 178786203218
10 2 11 22 22 2 53728389826934 43026011210
17 2 0 10 8 14 53746680582293 69327576450
17 2 11 10 8 2 53746705730494 69302438396
16 1 10 19 2 4 53748481295391 34668890202
16 1 0 19 2 11 53748481295391 97358359240
16 2 0 19 1 10 53748481283871 55815046971
16 2 10 19 1 5 53760554553297 132325094008
17 1 0 10 11 5 53763211696191 57695980710
17 1 11 10 11 19 53763211696191 57695961147
10 2 16 22 22 11 53771415838144 43025994748
16 1 14 19 2 4 53783150185593 54484973940
16 1 10 19 2 20 53783150185593 108969528720
10 1 0 22 12 14 53787586612368 269131469608
17 2 10 10 8 15 53796719525739 154502639312
16 2 11 19 1 10 53804296330842 55924415555
16 2 0 19 1 22 53804296332244 55905607443
17 2 11 10 8 14 53816008168890 32950669375
10 2 16 22 22 19 53814441832892 90506960744
10 2 17 22 22 11 53814441832892 90506993851
17 1 11 10 11 5 53820907676901 27428038059
17 1 10 10 11 0 53826417608291 107041835355
16 1 2 19 2 4 53837635159533 54484726574
17 1 16 10 11 7 53848335714960 27428001599
16 1 11 19 2 11 53845839654631 97358829273
17 2 16 10 8 9 53848958838265 32950670189
16 2 0 19 1 3 53860201939687 55924505134
16 2 11 19 1 22 53860220746397 55905707636
17 1 16 10 11 19 53875763716559 57695965245
17 1 17 10 11 7 53875763716559 57695985977
17 2 16 10 8 2 53881909508454 69312897403
17 2 17 10 8 9 53881909508454 69312927793
16 1 10 19 2 13 53892119714313 124730952263
16 1 0 19 2 20 53892119886107 51079382653
16 2 10 19 1 11 53892879647305 132324969507
10 1 2 22 12 15 53900126043456 215577340758
10 2 16 22 22 14 53904948793636 70327571881
10 2 17 22 22 19 53904948826743 70327513636
16 2 11 19 1 3 53916126454033 26581558877
17 1 16 10 11 0 53933459681804 44243351874
17 1 17 10 11 19 53933459702536 44221932396
16 2 16 19 1 9 53942708012910 26581509868
16 1 0 19 2 0 53943199268760 67230596768
16 1 11 19 2 20 53943199268760 67230574496
17 2 16 10 8 15 53951222405857 55179248589
17 2 17 10 8 2 53951222436247 55179197244
16 2 16 19 1 22 53969289522778 55915335562
16 2 17 19 1 9 53969289522778 55915362882
10 2 14 22 22 5 53975276340379 90257704893
10 2 17 22 22 14 53975276365517 90289566110
10 2 16 22 22 0 53975276365517 180547003809
17 17 10 10 11 19 53977681634932 139042479515
17 1 14 10 11 21 53977681634932 69511306464
17 1 17 10 11 0 53977703033678 69519613396
17 1 16 10 11 2 53977703033678 139021170261
17 2 14 10 8 20 54006401633491 70816366999
17 2 17 10 8 15 54006401654446 70840050884
17 2 16 10 8 10 54006401654446 141656377354
16 1 11 19 2 0 54010429865528 31960602959
16 1 10 19 2 6 54016850666576 124730935712
16 2 16 19 1 11 54025204858340 45014955437
16 2 17 19 1 22 54025204885660 45014910163
16 1 16 19 2 16 54042390468487 31960780981
17 1 2 10 11 21 54047192941396 69531294832
17 1 14 10 11 0 54047222647074 69501597246
10 1 11 22 12 14 54056718081976 269130618031
10 2 2 22 22 5 54065534045272 90289397656
10 2 14 22 22 14 54065565931627 90257490836
16 2 14 19 1 5 54070219795823 57776070344
16 2 17 19 1 11 54070219813777 57798640696
16 2 16 19 1 17 54070219813777 115568134193
17 2 2 10 8 20 54077218000490 70840101805
17 2 14 10 8 15 54077241705330 70816381159
16 1 16 19 2 20 54074351249468 67230589113
16 1 17 19 2 16 54074351249468 67230612767
10 1 10 22 12 17 54115702254754 453457009310
10 1 0 22 12 16 54115703384214 210146064907
17 17 0 10 11 19 54116724114447 183372345574
17 17 10 10 11 22 54116724236228 98224642395
17 1 2 10 11 0 54116724244320 60482502257
17 1 1 10 11 2 54116724244320 90723715086
16 2 2 19 1 5 54127995866167 57792150864
16 2 14 19 1 11 54128018454473 57769549498
16 1 16 19 2 6 54141581838581 51555415985
16 1 17 19 2 20 54141581862235 51529675654
17 2 1 10 8 10 54148058086489 68879556345
17 2 2 10 8 15 54148058102295 45919656169
10 2 1 22 22 0 54155823422463 87789376171
10 2 2 22 22 14 54155823442928 58526155769
17 1 0 10 11 8 54177206746577 60482516081
16 2 1 19 1 17 54185788003971 56191425102
16 2 2 19 1 11 54185788017031 37461247099
17 2 0 10 8 18 54193977758464 45919666016
16 17 10 19 2 20 54193111537889 162020344298
16 1 14 19 2 13 54193111537889 80999563853
16 1 17 19 2 6 54193137254566 81007617057
16 1 16 19 2 22 54193137254566 161994687142
17 1 17 10 11 2 54207447959406 90723641938
17 17 14 10 11 22 54214948878623 98224586008
10 2 0 22 22 4 54214349598697 58526462242
17 2 17 10 8 10 54216937642834 68879446179
16 2 0 19 1 12 54223249264130 37461293116
17 1 11 10 11 8 54237689262658 60482529254
17 2 11 10 8 18 54239897424480 45919741980
16 2 17 19 1 17 54241979429073 56192235662
10 2 17 22 22 0 54243612798634 87789641492
16 2 11 19 1 12 54260710557246 37461185429
10 2 11 22 22 4 54272876060939 58526460822
16 1 2 19 2 13 54274111101742 81020881910
16 1 14 19 2 6 54274144871623 80987113920
17 0 10 10 20 22 54285817166460 37114649932
17 0 0 10 20 19 54285817166460 104227780516
17 17 10 10 11 2 54298171601344 113226265718
16 0 10 19 5 21 54298171742675 44728737724
16 0 0 19 5 20 54298171742675 125609734246
17 10 13 19 19 19 54298171791912 62805463084
17 10 10 19 19 16 54298171791912 62805448314
17 17 11 10 11 19 54300096460021 183372503633
17 17 2 10 11 22 54313173464631 98224453290
17 0 14 10 20 22 54322931816392 58328626113
17 0 10 10 20 2 54322931816392 116657024474
10 1 0 22 12 9 54325849449121 236130462053
10 1 11 22 12 16 54325849449121 236130239251
10 0 10 22 5 6 54331402521761 47303982848
10 0 0 22 5 16 54331402521761 132841558519
16 0 14 19 5 21 54342900480399 70294990150
16 0 10 19 5 22 54342900480399 140589551158
16 17 0 19 2 20 54355131882187 243678965579
16 17 10 19 2 21 54355131983652 127720436393
16 1 2 19 2 6 54355131985543 66139161868
16 1 1 19 2 22 54355131985543 99208806846
17 10 0 19 19 16 54360977240226 103171738399
17 10 10 19 19 19 54360977254996 44790598115
10 0 14 22 5 6 54378706504609 74341731616
10 0 10 22 5 19 54378706504609 148683508629
17 0 2 10 20 22 54381260442505 58328577200
17 0 11 10 20 19 54390044946976 104226845379
17 10 14 19 19 19 54405767853111 94218868429
17 10 10 19 19 22 54405767853111 94218847074
17 17 10 10 11 5 54411397867062 189726846074
17 17 0 10 11 2 54411397917921 72071205762
16 0 2 19 5 21 54413195470549 70294761780
16 1 0 19 2 1 54421271147411 66139449762
16 0 11 19 5 20 54423781476921 125609501172
17 0 10 10 20 5 54439588840866 133530453875
17 0 0 10 20 2 54439589019705 54682879679
10 0 2 22 5 6 54453048236225 74341984826
16 1 17 19 2 22 54454340792389 99208938547
17 10 11 19 19 16 54464148978625 103171941455
10 0 11 22 5 16 54464244080280 132841175023
17 17 0 10 11 4 54483469123683 104170512067
17 17 11 10 11 2 54483469123683 104170492243
16 0 10 19 5 0 54483490031557 160924335943
16 0 0 19 5 22 54483490232329 65900849319
16 17 14 19 2 21 54482852420045 127720032110
16 1 11 19 2 1 54487410597173 66139250100
17 0 0 10 20 4 54494271899384 71973601189
17 0 11 10 20 2 54494271899384 71973577632
17 10 10 19 19 2 54499986700185 154073589836
17 10 0 19 19 22 54499986721540 67334210393
10 0 10 22 5 9 54527390013238 170189335685
10 0 0 22 5 19 54527390221051 69695136880
16 0 0 19 5 15 54549391081648 86739030711
16 0 11 19 5 22 54549391081648 86739002866
16 17 10 19 2 22 54553549730936 184742128126
16 10 13 22 22 22 54553549847273 104873313131
16 10 10 22 22 10 54553549847273 104873289787
10 1 11 22 12 9 54561979911174 112253908755
17 0 11 10 20 4 54566245500573 34215528139
17 10 0 19 19 1 54567320931933 81610195977
17 10 11 19 19 22 54567320931933 81610151531
10 1 10 22 12 18 54569159264064 453457725295
17 0 10 10 20 8 54573119294741 133530553871
17 17 11 10 11 4 54587639635750 49521511720
10 0 0 22 5 20 54597085357931 91732684370
10 0 11 22 5 19 54597085357931 91732655116
17 0 16 10 20 7 54600461028712 34215458849
16 17 11 19 2 20 54598810847766 243678808104
17 17 10 10 11 8 54601124713136 189728113983
16 17 2 19 2 21 54610572452155 127719489442
17 0 16 10 20 2 54634676487561 71973596531
17 0 17 10 20 7 54634676487561 71973621523
16 0 11 19 5 15 54636130112359 41234756421
17 17 16 10 11 7 54637161147470 49521484979
16 0 10 19 5 1 54644414367500 160923835227
17 10 11 19 19 1 54648931127910 38796557931
17 10 10 19 19 5 54654060290021 154073610938
16 10 0 22 22 10 54658423137060 172277022531
16 10 10 22 22 22 54658423160404 74791931888
10 1 16 22 12 10 54674233819929 112253361479
16 0 16 19 5 16 54677364868780 41234648197
17 17 16 10 11 2 54686682632449 104170390919
17 17 17 10 11 7 54686682632449 104170424904
17 10 16 19 19 4 54687727685841 38796568843
10 0 11 22 5 20 54688818042301 43608730567
10 0 10 22 5 22 54697579348923 170188512389
17 0 16 10 20 8 54706650084092 55192269948
17 0 17 10 20 2 54706650109084 55164927526
16 0 16 19 5 22 54718599516977 86738919217
16 0 17 19 5 16 54718599516977 86738948462
17 10 16 19 19 22 54726524254684 81609956731
17 10 17 19 19 4 54726524254684 81610249857
10 0 16 22 5 10 54732426772868 43608721773
16 10 14 22 22 22 54733215092292 157327472773
16 10 10 22 22 11 54733215092292 157327438519
16 17 10 19 2 0 54738291859062 268689955737
16 17 0 19 2 22 54738291941597 104197861013
17 0 14 10 20 5 54761815036610 86711863480
17 11 10 10 20 2 54761815036610 173447842108
17 0 17 10 20 8 54761842354040 86722858069
17 0 16 10 20 11 54761842354040 173420768759
10 0 16 22 5 19 54776035494641 91732598016
10 0 17 22 5 10 54776035494641 91732623347
10 1 16 22 12 16 54786487181408 236130033755
10 1 17 22 12 10 54786487181408 236130108476
17 17 16 10 11 8 54790853023368 79537626689
17 17 17 10 11 2 54790853057353 79537572216
16 0 16 19 5 1 54805338436194 66514011004
16 0 17 19 5 22 54805338465439 66483590604
17 10 10 19 22 16 54808133900959 178241124724
17 10 16 19 19 5 54808134211415 78643651436
17 10 17 19 19 22 54808134504541 78643348536
16 10 11 22 22 10 54830700159591 172277617544
16 17 0 19 2 15 54842489802610 146802155150
16 17 11 19 2 22 54842489802610 146802124228
17 0 2 10 20 5 54848526900090 86736297589
17 0 14 10 20 8 54848565212109 86697970825
10 0 16 22 5 22 54867768092657 72877380668
10 0 17 22 5 19 54867768117988 67944675007
17 17 14 10 11 5 54870390629569 105614149246
17 17 17 10 11 8 54870390650057 105649542629
17 17 16 10 11 11 54870390650057 180954781510
16 0 14 19 5 0 54871822056043 104504633351
16 11 10 19 5 22 54871822056043 209034470990
16 0 17 19 5 1 54871852447198 104517895296
16 0 16 19 5 2 54871852447198 209004385202
17 10 14 19 19 2 54886777853077 114270299028
17 10 17 19 19 5 54886777862851 114307377656
17 10 16 19 19 8 54886777862851 138919421371
16 10 10 22 22 0 54890542530811 257273772263
16 10 0 22 22 11 54890542565065 112435194713
17 11 14 10 20 2 54935262878718 187886919083
17 0 1 10 20 11 54935263182934 79129430812
17 0 2 10 20 8 54935263197679 73240582825
17 11 10 10 20 18 54935263197679 313168271352
10 0 14 22 5 9 54935712792995 116998438730
10 11 10 22 5 19 54935712792995 182834568664
10 0 17 22 5 22 54940645473325 114532306677
10 0 16 22 5 12 54940645473325 229063976471
17 17 2 10 11 5 54976004778815 105646976711
17 17 14 10 11 8 54976040192686 105611551374
16 0 2 19 5 0 54976326689394 104530219959
16 0 14 19 5 1 54976370342494 104486549868
17 10 10 19 22 19 54986375025683 178241315867
16 17 11 19 2 15 54989291957760 69788151612
17 10 2 19 19 2 55001048152105 114306875386
17 10 14 19 19 5 55001085240507 114269775918
16 10 0 22 22 19 55002977759778 136273428312
16 10 11 22 22 11 55002977777135 136273357130
17 0 0 10 20 20 55008503780504 73240589886
16 17 10 19 2 1 55006981814799 268688322327
17 0 17 10 20 11 55014392613746 166451948292
17 0 10 19 16 19 55014392613746 166451902141
10 1 16 22 12 18 55022617215163 183305675710
10 1 17 22 12 16 55022617289884 181485098257
17 10 17 19 19 8 55025697284222 138919366075
17 17 17 10 11 11 55051345431567 180954630238
10 0 2 22 5 9 55052711231725 116998215371
10 0 14 22 5 22 55055177780002 114531669225
16 17 16 19 2 16 55059080109372 69788146888
17 0 11 10 20 20 55081744370390 114645801491
17 0 0 19 16 16 55081744370390 231971854463
16 11 14 19 5 22 55080856527033 225733844751
16 0 1 19 5 2 55080856892362 95706370564
16 0 2 19 5 1 55080856909353 88165613509
16 11 10 19 5 12 55080856909353 376078673482
17 17 2 10 11 8 55081651755526 50215949060
17 10 2 19 19 5 55115355027491 54331012965
10 11 14 22 5 19 55118547361659 182833668260
17 11 2 10 20 2 55123149797801 187886212866
16 17 16 19 2 22 55128868256260 146802070459
16 17 17 19 2 16 55128868256260 146802117378
17 17 0 10 11 20 55131867704586 50216126374
16 10 11 22 22 19 55139251188090 64782880583
16 10 10 22 22 12 55147816303074 257273931597
17 10 10 19 22 22 55164616341550 233433903912
17 10 14 19 22 19 55164616650297 116717312484
16 0 0 19 5 5 55169022522862 88165528503
17 10 0 19 19 17 55169686040456 54331301183
10 11 10 22 5 4 55169709447096 314507179285
10 0 2 22 5 22 55169709449227 78626951954
10 0 1 22 5 12 55169709449796 169355930945
16 0 17 19 5 2 55176563262926 201321895203
16 0 10 22 10 22 55176563262926 201321840113
17 0 10 19 16 22 55180844515887 248716257920
17 0 14 19 16 19 55180844562038 124358096526
17 17 11 10 11 20 55182083830960 50216436282
17 11 0 10 20 9 55196390171881 114645951945
10 17 10 22 12 16 55204102388141 556624165050
10 1 14 22 12 17 55204102388141 288973055491
16 10 16 22 22 8 55204034068673 64782920947
10 1 17 22 12 18 55205922890873 288072977227
10 1 16 22 12 19 55205922890873 576133696965
17 10 11 19 19 17 55224017341639 94512846987
17 10 0 19 22 16 55224017341639 143990660099
17 14 10 19 19 4 55232300267242 60247695126
17 14 0 19 19 14 55232300267242 115821500368
17 11 10 10 20 11 55248431469031 313165387227
10 0 0 22 5 5 55248336401181 78626785988
16 0 11 19 5 5 55257188051365 137567822995
16 0 0 22 10 10 55257188051365 280976540309
16 10 16 22 22 11 55268816989620 136273413208
16 10 17 22 22 8 55268816989620 136273458777
16 17 16 19 2 1 55275670326719 112210994408
16 17 17 19 2 22 55275670373638 112210919444
17 10 2 19 22 19 55281333962781 116717211880
17 14 14 19 19 4 55292547962368 60247531719
10 11 2 22 5 19 55301381029919 182835611009
17 0 2 19 16 19 55305202658564 124358394363
16 11 2 19 5 22 55306590371784 225734114053
17 11 11 10 20 9 55311036123826 142711126258
17 11 0 10 20 18 55311036123826 142664128623
17 0 11 19 16 16 55313716224853 231971581371
17 14 10 19 19 17 55318530188626 94512790652
10 0 11 22 5 5 55326963187169 78626857905
10 0 17 22 5 12 55339065380741 169355970758
17 14 11 19 19 14 55348121767610 115821396544
17 14 2 19 19 4 55352795494087 60247475654
17 10 11 19 22 16 55368008001738 143990736712
16 0 10 22 10 11 55377885103039 300819693071
16 0 14 22 10 22 55377885158129 150410082193
16 17 14 19 2 0 55387881293082 148999780365
16 17 17 19 2 1 55387881321127 149049333822
16 17 16 19 2 2 55387881321127 255290062980
16 11 0 19 5 9 55394755874360 137568712378
17 10 10 19 22 2 55398050245462 244758209091
17 10 0 19 22 22 55398051174661 113947377366
10 11 0 22 5 11 55405590045074 78626704451
16 10 16 22 22 12 55405090402828 104873271123
16 10 17 22 22 11 55405090448397 104873214853
17 14 10 19 19 7 55413042979278 130346592990
17 14 0 19 19 17 55413042979278 50900304278
17 0 10 19 16 2 55429560773807 287293950129
17 0 0 19 16 22 55429561052927 116126762475
17 11 0 10 20 21 55453700252449 142712237005
17 11 11 10 20 18 55453747250084 142665301086
16 11 10 19 5 2 55456935582835 376077629659
17 14 0 19 19 18 55463943283556 71097483049
17 14 11 19 19 17 55463943283556 71097466100
10 11 11 22 5 11 55484216749525 91874752075
10 11 0 22 5 4 55484216749525 91844737751
10 1 2 22 12 17 55493075443632 288980149068
10 1 14 22 12 18 55493995868100 288060763162
10 11 10 22 5 12 55508421351499 169355680749
16 10 14 22 22 0 55509963663250 149487314258
16 10 17 22 22 12 55509963673951 149536759399
16 10 16 22 22 1 55509963673951 194249329519
17 10 0 19 22 1 55511998552027 127278349176
17 10 11 19 22 22 55511998738450 127278215877
16 0 2 22 10 22 55528295240322 150409876765
16 11 11 19 5 9 55532324586738 171326716069
16 11 0 19 5 12 55532324586738 171271152021
17 14 11 19 19 18 55535040766605 33799035932
16 17 2 19 2 0 55536881073447 149048901649
16 17 14 19 2 1 55536930654949 148999304460
16 0 11 22 10 10 55538164591674 280976924100
17 14 10 19 19 20 55543389572268 130346570996
17 0 0 19 16 1 55545687815402 155369821700
17 0 11 19 16 22 55545687815402 155369778318
17 11 10 10 20 4 55561596856258 313167464204
17 14 16 19 19 8 55568839802537 33798992887
10 11 0 22 5 17 55576061487276 91875380898
10 11 11 22 5 4 55576091501600 91845431192
17 11 11 10 20 21 55596412551170 67832152548
17 14 16 19 19 17 55602638795424 71097483724
17 14 17 19 19 8 55602638795424 71097508363
17 10 11 19 22 1 55639276954327 60506670950
17 10 10 19 22 5 55642808454553 244758594176
16 17 17 19 2 2 55643171384107 255290759220
16 10 2 22 22 0 55659450977508 149540100521
16 10 14 22 22 12 55659500433350 149490625733
17 11 16 10 20 14 55664244703718 67832292120
10 11 11 22 5 17 55667936932792 43668952639
17 14 16 19 19 20 55673736279148 54364927647
17 14 17 19 19 17 55673736303787 54364878689
10 11 10 22 5 20 55677777032248 169357207965
16 0 10 22 10 0 55678704796110 347585726389
16 0 0 22 10 11 55678705117087 140436398538
16 17 2 19 2 1 55685929975096 70844143744
17 10 16 19 22 4 55699783625277 60506702879
17 0 11 19 16 1 55701057637102 73861279097
16 11 0 19 5 13 55703595738759 171327675912
16 11 11 19 5 12 55703651302807 171272184830
16 10 17 22 22 1 55704213003470 194249383183
10 11 16 22 5 2 55711605885431 43669090888
17 0 10 19 16 5 55716854723936 287294943572
17 14 14 19 19 7 55728101182476 67883155518
17 14 17 19 19 20 55728101206795 67933479346
17 14 16 19 19 10 55728101206795 155765458089
17 11 16 10 20 18 55732076995838 142687677409
17 11 17 10 20 14 55732076995838 142687734790
10 11 16 22 5 4 55755274976319 91859612325
10 11 17 22 5 2 55755274976319 91859643065
16 17 0 19 2 5 55756774118840 70844133443
17 10 16 19 22 22 55760290328156 127277685426
17 10 17 19 22 4 55760290328156 127278612921
10 17 0 22 12 16 55760726553191 556626126008
17 0 16 19 16 4 55774918916199 73861157387
10 17 10 22 12 6 55782055592700 299196586467
10 1 2 22 12 18 55782056631262 506833243576
10 1 1 22 12 19 55782056631262 299196197904
17 14 2 19 19 7 55795984337994 67923402142
17 14 14 19 19 20 55796034686141 67924913135
16 10 2 22 22 12 55808991078029 71076828608
16 0 0 22 10 19 55819141515625 187996028023
16 0 11 22 10 11 55819141515774 187995976394
16 17 11 19 2 5 55827618252283 70844095817
16 11 10 19 5 15 55833013212494 376077512257
10 11 16 22 5 20 55847134588644 70327605956
10 11 17 22 5 4 55847134619384 70327550558
17 0 16 19 16 22 55848780073586 155369817660
17 0 17 19 16 4 55848780073586 155369867684
17 2 10 19 19 8 55863907740136 67966968006
17 14 2 19 19 20 55863959599276 67915106236
17 11 16 10 20 4 55874764673247 113253149335
17 11 17 10 20 18 55874764730628 113253057096
16 11 11 19 5 13 55874923487637 81433887311
16 10 0 22 22 14 55880067906637 71076726776
17 14 1 19 19 10 55883866664884 155765207140
17 10 10 19 2 16 55887567048729 262169777291
17 10 16 19 22 5 55887568013582 125015335766
17 10 17 19 22 22 55887568941077 125014404198
16 14 10 22 22 8 55898462348100 64945452620
16 14 0 22 22 2 55898462386653 120633222900
10 11 14 22 5 12 55917462169942 90258586335
10 11 17 22 5 20 55917462194600 90288717692
10 11 16 22 5 5 55917462194600 180547379507
17 14 0 19 19 3 55931874705512 209643881864
17 2 0 19 19 8 55931874708142 148060815353
17 2 10 19 19 1 55931874708142 57575913727
16 10 11 22 22 14 55951144633413 71077050427
16 11 16 19 5 3 55956357374948 81434093275
16 14 14 22 22 8 55963407800720 64945362711
17 11 14 10 20 11 55988017787724 147715998567
17 11 17 10 20 4 55988017822582 147716051663
17 11 16 10 20 20 55988017822582 274112965190
17 2 14 19 19 1 55989450621869 90485006134
17 2 10 19 19 17 55989450621869 180969900164
17 0 16 19 16 5 56004149891246 119028413621
17 0 17 19 16 22 56004149941270 119028323503
16 0 11 22 10 19 56007137543648 89371421004
10 11 2 22 5 12 56007720756277 90288891881
10 11 14 22 5 20 56007750912292 90258714926
17 10 14 19 22 2 56012583345275 190000962673
17 10 17 19 22 5 56012583349348 190062939304
17 10 16 19 22 8 56012583349348 199662488427
16 14 11 22 22 2 56019095609553 120633243720
16 14 10 22 22 14 56022221683840 71076855611
16 0 10 22 10 12 56026290522499 347585344534
16 14 2 22 22 8 56028353163431 64945343199
16 11 16 19 5 12 56037791468223 171299607701
16 11 17 19 5 3 56037791468223 171299675699
17 14 17 19 19 10 56039631872024 155765281482
17 2 2 19 19 1 56079935628003 90484963614
17 2 11 19 19 8 56079935523495 148060844531
10 1 17 22 12 19 56081252829166 299196480889
10 17 14 22 12 6 56081252179167 299198155986
16 14 10 22 22 20 56093298539451 122837639741
16 14 0 22 22 14 56093298539451 46430472300
16 0 16 22 10 8 56096508964652 89371419747
10 11 1 22 5 5 56098009627218 87789229250
10 11 2 22 5 20 56098009648158 58526158807
17 0 14 19 16 2 56123178264773 152762332874
17 0 17 19 16 5 56123178304867 152812091062
17 0 16 19 16 8 56123178304867 305573983860
17 11 2 10 20 11 56135733786291 177276617628
17 11 14 10 20 4 56135733874245 126396978653
16 14 0 22 22 18 56139729011751 67522820547
16 14 11 22 22 14 56139729011751 67522807587
17 14 11 19 19 3 56141518587376 209643738996
17 10 10 19 2 19 56149736826020 262169889119
10 11 0 22 5 6 56156535806965 58526330966
17 2 0 19 19 17 56170420591617 57575872063
16 0 16 22 10 11 56185880384399 187995703477
16 0 17 22 10 8 56185880384399 187995763262
10 11 17 22 5 5 56185798856468 87789242558
17 2 10 19 19 10 56195397153506 155765110124
17 10 2 19 22 2 56202584307948 190064599977
17 10 14 19 22 5 56202646288652 190002597322
16 14 11 22 22 18 56207251832298 32099639152
16 11 16 19 5 15 56209091075924 135970396638
16 11 17 19 5 12 56209091143922 135970287041
17 10 17 19 22 8 56212245837775 199661607132
10 11 11 22 5 6 56215062137931 58526040942
16 14 10 22 22 3 56216136179192 122837522613
17 2 0 19 19 20 56227996463680 83480461655
17 2 11 19 19 17 56227996463680 83480445802
16 14 16 22 22 1 56239351471450 32099602950
17 11 1 10 20 20 56262130852898 82640916822
16 14 16 22 22 14 56271451074400 67522786821
16 14 17 22 22 1 56271451074400 67522810230
16 10 10 22 11 10 56273588178873 33432986197
17 0 2 19 16 2 56275940597647 152811756984
17 0 14 19 16 5 56275990395929 152761931413
10 1 0 22 12 22 56288889874838 506837339086
16 10 10 22 11 22 56307021165070 47303809432
16 10 0 22 11 10 56307021165070 132841361497
17 2 11 19 19 20 56311476925335 39685663404
17 11 2 10 20 4 56313010403919 177277090113
10 17 11 22 12 16 56317352679199 556626853313
16 14 16 22 22 3 56338973861221 51542846844
16 14 17 22 22 14 56338973884630 51542800122
17 11 17 10 20 20 56344771769720 173838627793
17 11 10 19 16 22 56344771769720 173838294854
16 11 14 19 5 2 56345061430963 177202936219
16 11 17 19 5 15 56345061472562 177203007007
16 11 16 19 5 5 56345061472562 330046391258
17 2 10 19 19 3 56351162326372 110495641248
17 2 16 19 19 13 56351162588739 35603091742
16 10 14 22 11 22 56354324974502 74341809191
16 10 10 22 11 11 56354324974502 148683320160
16 0 16 22 10 12 56373876087876 144019963273
16 0 17 22 10 11 56373876147661 144019855663
10 17 2 22 12 6 56380450335153 299196975723
10 17 10 22 12 19 56380449310055 299197910089
17 2 16 19 19 17 56386765680481 74892578492
17 2 17 19 19 13 56386765680481 74892597578
16 14 14 22 22 20 56390516684752 64382416189
16 14 17 22 22 3 56390516708065 64415109486
16 14 16 22 22 9 56390516708065 147680672864
17 10 2 19 22 5 56392648907925 90339944104
17 10 10 19 2 22 56411906715139 317279183419
17 10 14 19 2 19 56411907444907 175727740968
17 0 1 19 16 8 56428752327342 167305156030
17 0 2 19 16 5 56428752354631 91956523841
16 10 2 22 11 22 56428666783693 74341718843
16 10 11 22 11 10 56439862526567 132841078727
16 14 2 22 22 20 56454899100941 64398127116
16 14 14 22 22 3 56454931817551 64398224762
17 2 16 19 19 3 56461658258973 54365105574
17 2 17 19 19 17 56461658278059 54365073270
17 10 0 19 22 17 56482988852029 90339837481
17 11 0 10 20 22 56490287494032 177276633652
16 10 10 22 11 0 56503008294662 170188922385
16 10 0 22 11 11 56503008502536 69695195401
17 2 14 19 19 10 56516023351329 72179682482
17 2 17 19 19 3 56516023364547 72226423267
17 2 16 19 19 19 56516023364547 123669780419
16 0 14 22 10 0 56517896003324 184836490876
16 0 17 22 10 12 56517896051149 184896603849
16 0 16 22 10 1 56517896051149 369733709686
17 11 10 19 16 15 56518610064574 186012373391
17 11 14 19 16 22 56518610397513 163115968648
16 2 10 22 22 1 56519297228057 64414092029
16 14 2 22 22 3 56519330042313 64381275296
17 0 0 19 16 17 56520708878472 91956831729
16 11 2 19 5 2 56522264367182 210370209584
16 11 14 19 5 15 56522264479569 152843450494
16 14 1 22 22 9 56538197380929 147679466037
16 10 0 22 11 19 56572703697937 91732645397
16 10 11 22 11 11 56572703697937 91732616128
17 10 11 19 22 17 56573328689510 190033687177
17 10 0 19 2 16 56573328689510 190033720268
16 14 0 22 22 4 56583711317609 198761465102
16 2 10 22 22 19 56583711320086 54587216638
16 2 0 22 22 1 56583711320086 140375307911
17 10 2 19 2 19 56587635185875 175727303231
17 2 2 19 19 10 56588203033811 72187118855
17 2 14 19 19 3 56588249787814 72140355406
17 0 17 19 16 8 56596057483372 167304761581
17 0 11 19 16 17 56612665710201 91956736999
16 2 14 22 22 19 56638298536724 85788030704
16 2 10 22 22 14 56638298536724 171576037803
17 2 17 19 19 19 56639693144966 123669771967
17 2 2 19 19 3 56660390152666 34324303653
16 10 11 22 11 19 56664436343334 43608776814
17 11 11 10 20 22 56667564127684 177277390040
16 10 10 22 11 12 56673197217047 170188857590
16 11 1 19 5 5 56675107930063 99791821340
10 17 10 22 12 9 56679647220144 622917704402
10 17 0 22 12 19 56679647310876 194332365257
17 11 2 19 16 22 56681726366161 163115190919
16 14 17 22 22 9 56685876846966 147679075315
17 2 0 19 19 21 56694714456319 34324354173
16 0 2 22 10 0 56702732494200 184897332219
16 0 14 22 10 12 56702792654998 184837139306
17 11 10 19 16 0 56704622447200 58740060179
16 10 16 22 11 8 56708045120148 43608696166
16 2 2 22 22 19 56724086567428 85788076348
16 2 11 22 22 1 56724086627997 140375279278
17 2 11 19 19 21 56729038810492 34324307299
17 10 10 19 2 2 56729185898558 317279598048
16 11 2 19 5 15 56732634576766 210370303923
16 10 16 22 11 11 56751653816314 91732584703
16 10 17 22 11 8 56751653816314 91732794143
17 10 11 19 2 16 56763362409778 151991245655
17 10 0 19 2 22 56763362489106 151942337164
17 11 0 19 16 6 56763362507379 81479101660
17 11 10 19 16 8 56763362507379 200993554900
17 0 0 19 22 16 56763363117791 42967594871
17 0 2 19 22 6 56763363117791 42967599751
16 11 17 19 5 5 56774899751403 209916219847
16 11 10 22 10 11 56774899751403 209915987759
16 14 11 22 22 4 56782472782711 198761629246
10 1 11 22 12 22 56795727213924 506837809184
17 0 6 19 22 16 56806330712662 70583699423
17 0 0 19 22 6 56806330717542 30643041891
16 2 0 22 22 14 56809874643776 54587360449
16 2 10 22 22 9 56833555922281 147678426866
17 0 9 19 22 6 56836973759433 64458573254
17 0 0 19 22 19 56836973759433 64458558001
16 10 10 22 0 10 56843386074637 213951897095
16 10 16 22 11 12 56843386401017 86701405504
16 10 17 22 11 11 56843386610457 86701178107
17 11 0 19 16 15 56844841609039 81112159763
17 11 11 19 16 6 56844841609039 81139192824
16 2 0 22 22 3 56864462004225 79147003896
16 2 11 22 22 14 56864462004225 79146988740
10 17 0 22 12 20 56873979676133 290489780234
10 17 11 22 12 19 56873979676133 290489738105
17 0 7 19 22 16 56876914412085 70583723410
16 0 1 22 10 1 56887629794304 204038718635
16 0 2 22 10 12 56887629826419 110765017940
17 0 0 19 22 9 56901432317434 105407461095
17 0 6 19 22 19 56901432332687 46065822993
17 10 0 19 2 1 56915304826270 151989507545
17 10 11 19 2 22 56915353655433 151940721889
17 11 0 19 16 18 56925953768802 81139226235
17 11 11 19 16 15 56925980801863 81112194711
16 10 14 22 11 0 56930087788564 120801548988
16 10 17 22 11 12 56930087806521 120841016166
16 10 16 22 11 1 56930087806521 170601012362
16 11 0 19 5 21 56943004880689 210370455877
16 2 11 22 22 3 56943609008121 37625665258
17 0 6 19 22 20 56947498155680 55832665469
17 0 7 19 22 19 56947498155680 55832633597
17 11 10 19 16 1 56964356062279 200993778373
16 2 10 22 22 4 56981234411957 104759683515
16 2 16 22 22 21 56981234673379 33754920750
16 11 10 22 10 6 56984815739162 235109228900
16 11 14 22 10 11 56984815971250 189464870346
16 0 0 22 10 14 56998394844359 110764987340
17 0 7 19 22 20 57003330821149 26542202524
17 0 0 19 22 22 57006839778529 105407679073
17 11 11 19 16 18 57007092996574 38566009738
16 2 16 22 22 14 57014989594129 71004793334
16 2 17 22 22 21 57014989594129 71004811728
17 0 4 19 22 10 57029873023673 26542199658
17 11 16 19 16 11 57045659006312 38565982998
17 10 10 19 2 5 57046465496606 317279630478
16 10 2 22 11 0 57050889337552 120841013083
16 10 14 22 11 12 57050928822687 120801518388
17 0 4 19 22 19 57056415223331 55832479441
17 0 11 19 22 10 57056415223331 55832630572
16 10 10 22 0 22 57057337971732 213951640597
17 10 11 19 2 1 57067294377322 72242969388
17 11 16 19 16 15 57084224989310 81125099490
17 11 17 19 16 11 57084224989310 81125162134
16 2 16 22 22 4 57085994387463 51542829186
16 2 17 22 22 14 57085994405857 51542797959
16 0 17 22 10 1 57091668512939 204038778919
16 10 17 22 11 1 57100688818883 170601170844
16 0 11 22 10 14 57109159831699 110765148370
17 0 0 19 1 16 57112247457602 129226991223
17 0 4 19 22 22 57112247702772 53103319669
17 0 11 19 22 19 57112247853903 53103143907
16 2 14 22 22 9 57137537203816 68441145027
16 2 17 22 22 4 57137537216649 68464434125
16 2 16 22 22 22 57137537216649 117264126422
17 10 16 19 2 4 57139537346710 72242990634
16 11 11 19 5 21 57153375336566 210370311595
10 17 11 22 12 20 57164469456367 138095709443
17 11 16 19 16 1 57165350088800 70059090485
17 11 17 19 16 15 57165350151444 70059029726
17 0 9 19 22 9 57165350997810 85935708683
17 11 10 19 22 19 57165350997810 212762751816
17 0 11 19 22 22 57165351022441 85964167181
17 0 4 19 22 12 57165351022441 102675520034
16 10 2 22 11 12 57171730350635 57437027664
16 11 2 22 10 11 57174280841596 189464851605
16 2 2 22 22 9 57205978348843 68463258163
16 2 14 22 22 4 57206001650774 68439947463
17 10 16 19 2 22 57211780337344 151965738164
17 10 17 19 2 4 57211780337344 151966021132
16 11 10 22 10 15 57219924980069 71910326952
16 10 0 22 11 14 57229167378299 57436965812
17 11 16 19 16 17 57235409179285 108261399002
17 11 14 19 16 8 57235409181170 108211596438
17 11 17 19 16 1 57235409181170 108236816197
17 0 0 19 1 19 57241474448825 129226838032
17 0 1 19 22 9 57251286706493 85966548330
17 0 9 19 22 22 57251315189622 85938060119
16 2 17 22 22 22 57254801343071 117264410704
17 0 11 19 22 12 57268026542475 102675077460
16 10 10 22 0 11 57271289612329 283775555232
16 10 14 22 0 22 57271289989727 141888303874
16 2 2 22 22 4 57274441607006 32541436887
16 10 11 22 11 14 57286604344111 85421960447
16 10 0 22 0 10 57286604344111 202302145244
16 11 0 22 10 16 57291835307021 71910441919
16 11 10 22 10 1 57295707291858 204037106331
10 17 10 22 12 22 57302565023108 370701827184
10 17 16 22 12 10 57302565165810 119444904583
16 2 0 22 22 7 57306983043893 32541444493
17 0 1 19 22 22 57337253254823 40860624094
16 2 11 22 22 7 57339524488386 32541464891
17 11 2 19 16 8 57343620777608 108263433682
17 11 14 19 16 1 57343645997367 108238198341
17 11 17 19 16 17 57343670578287 108213771725
17 10 10 19 5 16 57363745648161 293946661179
16 11 0 22 10 6 57363745748940 86053094196
16 11 11 22 10 16 57363745748940 86081522260
17 10 16 19 2 5 57363746075508 142287221163
17 10 17 19 2 22 57363746358476 142286937223
17 0 0 19 1 22 57370701286857 152776009761
17 0 9 19 1 19 57370701619935 91218065182
16 0 0 22 11 10 57372065953277 38509555413
16 0 2 22 11 16 57372065953277 38509557661
17 0 6 19 22 5 57378113878917 56395117843
17 11 10 19 22 22 57378113878917 90969700389
16 0 6 22 11 10 57410575508690 63260414837
16 0 0 22 11 16 57410575510938 27463627837
16 10 2 22 0 22 57413178293601 141887651253
10 17 16 22 12 19 57422010070393 251257001180
10 17 17 22 12 10 57422010070393 251257058590
17 0 7 19 22 5 57434508996760 118628901919
17 0 6 19 1 16 57434508996760 118628893255
16 0 9 22 11 16 57438039138775 57770833894
16 0 0 22 11 22 57438039138775 57770820035
16 11 0 22 10 18 57449798843136 86082246017
16 11 11 22 10 6 57449827271200 86053822255
17 11 2 19 16 1 57451884211290 54083911119
17 11 14 19 22 19 57451884350012 98605132339
17 0 1 19 1 19 57461919685117 91218179642
17 11 10 19 22 12 57469083579306 90969626858
16 0 7 22 11 10 57473835923527 63260509652
16 10 11 22 0 10 57488906489355 202301969506
16 0 0 22 11 5 57495809958810 94471113270
16 0 6 22 11 22 57495809972669 41286482315
16 11 10 22 10 19 57499744398189 204037666629
17 11 0 19 16 19 57505968122409 54084206331
17 10 14 19 2 2 57506033295699 218330270519
17 10 17 19 2 5 57506033296671 218399217729
17 10 16 19 2 8 57506033296671 222804158344
17 0 0 19 1 2 57523477296618 152775827665
16 11 11 22 10 18 57535881093455 40916029358
16 0 6 22 11 3 57537096454984 50039668616
16 0 7 22 11 22 57537096454984 50039639557
17 11 2 19 22 19 57550489482351 98605002735
17 0 6 19 1 22 57553137890015 69821349989
17 0 7 19 1 16 57553137898679 69844282185
16 10 10 22 0 0 57555065167561 308513452561
16 10 0 22 0 11 57555065944854 136142370835
17 11 11 19 16 19 57560052328740 89042217599
17 11 10 19 22 2 57560053206164 162184295445
17 11 0 19 22 16 57560053206164 89042194946
16 11 16 22 10 13 57576797122813 40916902269
16 0 7 22 11 3 57587136123600 23788339679
16 0 0 22 11 11 57590281072080 94471179724
16 0 4 22 11 9 57610924463279 23788345941
16 11 16 22 10 6 57617714025082 86068428605
16 11 17 22 10 13 57617714025082 86068468364
17 0 6 19 1 1 57622959240004 69843109706
17 0 7 19 1 22 57622982180864 69820195857
16 0 4 22 11 22 57634712809220 50039672068
16 0 11 22 11 9 57634712809220 50039789231
17 11 0 19 22 22 57649095401110 59554798358
17 11 11 19 22 16 57649095401110 59574634315
17 10 10 19 5 19 57657692309340 293946933934
10 17 16 22 12 22 57673267071573 182389006282
10 17 17 22 12 19 57673267128983 182388833259
17 0 0 19 1 5 57676253124283 152775991619
16 0 0 22 19 10 57684752251804 120180583754
16 0 4 22 11 11 57684752481288 47219058527
16 0 11 22 11 22 57684752598451 47218902936
16 10 0 22 0 19 57691208315689 162968589071
16 10 11 22 0 11 57691208458861 162968497370
17 0 7 19 1 1 57692802376721 33197467941
16 11 16 22 10 19 57703782453687 69311916663
16 11 17 22 10 6 57703782493446 69311880159
17 11 0 19 22 1 57708650199468 59574749369
17 11 11 19 22 22 57708670035425 59554908864
17 11 10 19 22 5 57722237501609 162184125169
17 10 2 19 2 2 57724363566218 218399807670
17 10 14 19 2 5 57724432514400 218330832355
17 0 4 19 1 4 57725999844662 33197601352
17 10 17 19 2 8 57728837455015 222802560417
16 0 9 22 11 5 57731971501387 79940455176
16 11 10 22 11 22 57731971501387 197954984343
16 0 11 22 11 11 57731971539815 79975446606
16 0 4 22 11 17 57731971539815 96571252177
17 0 4 19 1 22 57759197446014 69832188408
17 0 11 19 1 4 57759197446014 69832218403
17 11 11 19 22 1 57768224948837 28316256326
16 11 16 22 10 14 57773094370350 107110401456
16 11 14 22 10 1 57773094373605 107060149187
16 11 17 22 10 19 57773094373605 107084453650
17 11 16 19 22 4 57796541205163 28316270992
16 0 0 22 19 22 57804932835558 120180212134
16 0 1 22 11 5 57811911956563 79994162097
16 0 9 22 11 11 57811946986421 79959128767
17 11 16 19 22 22 57824857476155 59564368529
17 11 17 19 22 4 57824857476155 59564412071
17 0 4 19 1 5 57829029634422 55392582080
17 0 11 19 1 22 57829029664417 55392276404
16 0 11 22 11 17 57828542791992 96570578077
16 10 11 22 0 19 57854176956231 77473660220
10 17 14 22 12 9 57855655962242 214338952118
10 17 17 22 12 22 57855656077855 214413135903
10 17 16 22 12 12 57855656077855 715611811766
16 10 10 22 0 12 57863578620122 308513439746
16 11 2 22 10 1 57880154522792 107104990961
16 11 14 22 10 19 57880178827255 107080671076
16 11 17 22 10 14 57880204771806 107054861895
17 11 16 19 22 5 57884421844684 50850685522
17 11 17 19 22 22 57884421888226 50850620176
17 0 9 19 1 2 57884421940821 83085852902
17 11 10 19 1 22 57884421940821 166202383461
17 0 11 19 1 5 57884422216502 83114402216
17 0 4 19 1 8 57884422216502 175667794683
16 0 1 22 11 11 57891906118660 38020484361
16 0 0 22 19 11 57925113047692 143385913210
16 0 9 22 19 22 57925113370069 85209597021
16 0 6 22 11 12 57929926603021 53360242014
16 11 10 22 11 11 57929926603021 82502495055
16 10 16 22 0 8 57931650616451 77473546613
17 11 14 19 22 2 57935272508402 64685814737
17 11 17 19 22 5 57935272530206 64707373405
17 11 16 19 22 8 57935272530206 135135707894
17 10 2 19 2 5 57942763373888 103809261849
17 10 10 19 5 22 57951639243274 322301279821
17 10 14 19 5 19 57951640015432 208554503752
17 0 1 19 1 2 57967507793723 83116565514
17 0 9 19 1 5 57967536618718 83087740376
16 0 7 22 11 12 57983286845035 112245371745
16 0 6 22 19 10 57983286845035 112245363741
16 11 2 22 10 19 57987259513753 53835538251
16 11 14 22 11 22 57987259633701 96521848810
17 11 2 19 22 2 57999958323139 64706436619
17 11 14 19 22 5 57999979903611 64684851682
16 10 16 22 0 11 58009124163064 162968457860
16 10 17 22 0 8 58009124163064 162968511721
16 0 1 22 19 22 58010322967090 85209215223
16 11 10 22 11 17 58012429098076 82502389193
16 11 0 22 10 22 58041095052004 53835526935
17 10 0 19 2 17 58046572635737 103809412949
17 0 1 19 1 5 58050624359237 44796071346
17 11 10 19 1 15 58050624359237 113928517987
17 0 11 19 1 8 58060090011185 175667522331
17 11 2 19 22 5 58064664759758 30755700086
16 0 0 22 19 0 58068498960902 143385997630
17 11 17 19 22 8 58070408238100 135135899780
10 17 2 22 12 9 58069994914360 214427278554
10 17 14 22 12 22 58070069213758 214353117261
16 11 2 22 11 22 58083781482511 96521893972
16 11 11 22 10 22 58094930578939 85372861485
16 11 0 22 11 10 58094931487269 85372837049
16 11 10 22 11 0 58094931487269 156228666043
17 0 6 19 1 17 58095420430583 70168870390
17 11 0 19 22 17 58095420459844 40667528357
17 11 13 19 1 5 58095420459844 69132529636
16 0 6 22 19 11 58095532208776 65732639450
16 0 7 22 19 10 58095532216780 65755829916
17 11 11 19 22 17 58136087988201 85548670351
17 11 0 19 1 22 58136087988201 85548670276
17 10 11 19 2 17 58150382048686 218367005965
17 10 0 19 5 16 58150382048686 218366981202
17 10 2 19 5 19 58160194519184 208554493745
16 0 6 22 19 19 58161264848226 65755482911
16 0 7 22 19 11 58161288046696 65732310982
17 11 10 19 1 5 58164552989480 40991321930
17 0 7 19 1 17 58165589300973 70168459838
16 10 16 22 0 12 58172092620924 125491423809
16 10 17 22 0 11 58172092674785 125491351745
16 11 0 22 11 11 58180304324318 57468995326
16 11 11 22 11 10 58180304324318 57488022034
17 11 14 19 1 5 58205544311410 30213497543
16 0 0 22 19 12 58211884958532 143386118540
17 11 11 19 1 22 58221636658552 40667523377
16 0 7 22 19 19 58227020357678 31253802143
17 11 10 19 1 17 58235757760811 60739730956
17 11 0 19 1 11 58235757808953 26546404755
16 11 0 22 11 19 58237773319644 57487686919
16 11 11 22 11 11 58237792346352 57468654893
16 11 10 22 11 12 58251160153312 156228678068
16 0 4 22 19 8 58258274159821 31253877447
17 11 0 19 1 15 58262304213708 32172299020
17 11 11 19 1 11 58262304213708 32172277097
17 10 10 19 5 2 58273940523095 322302847851
16 10 10 22 12 10 58284422192914 252906423077
10 17 2 22 12 22 58284422331019 185775635438
16 0 4 22 19 11 58289528037268 65743560633
16 0 11 22 19 8 58289528037268 65743588872
17 11 11 19 1 15 58294476512728 15294404717
16 11 11 22 11 19 58295261006563 27324905329
17 11 10 19 1 0 58296497491767 60739850021
16 10 14 22 0 0 58297584026530 175003856195
16 10 17 22 0 12 58297584044733 175059991819
16 10 16 22 0 1 58297584044733 246325932562
17 11 16 19 1 21 58309770917445 15294373826
16 11 16 22 11 8 58322585911892 27324654130
17 11 16 19 1 11 58325065291271 32172312884
17 11 17 19 1 21 58325065291271 32172329542
16 11 16 22 11 11 58349910566022 57478486228
16 11 17 22 11 8 58349910566022 57478524788
16 0 4 22 19 12 58355271597901 52118102781
16 0 11 22 19 11 58355271626140 52117571664
17 11 16 19 1 0 58357237604155 24759244370
17 11 17 19 1 11 58357237620813 24759216967
17 10 0 19 5 22 58368749029888 139134207707
17 10 11 19 5 16 58368749054651 139182325088
17 11 14 19 1 17 58381996837780 32876353040
17 11 17 19 1 0 58381996848525 32887318412
17 11 16 19 1 6 58381996848525 56329188101
16 11 16 22 11 12 58407389052250 48476532814
16 11 17 22 11 11 58407389090810 48476473219
16 0 9 22 19 0 58407389197804 79207636539
16 11 10 22 19 11 58407389197804 158441506361
16 0 11 22 19 12 58407389700682 79234212841
16 0 4 22 19 1 58407389700682 167465335858
17 11 2 19 1 17 58414873190820 32887567104
17 11 14 19 1 0 58414884166937 32876586571
17 11 17 19 1 6 58438326036626 56329441339
17 11 2 19 1 0 58447760757924 15631719458
16 11 14 22 11 0 58455865564029 61664712672
16 11 17 22 11 12 58455865585064 61685728526
16 11 16 22 11 1 58455865585064 128826080077
17 11 0 19 1 1 58463392477382 15631565548
10 17 0 22 12 5 58470197966457 185775493900
16 10 2 22 0 0 58472587882725 175055884044
16 10 14 22 0 12 58472644036552 174999709902
17 11 11 19 1 1 58479024042930 15631636152
16 0 1 22 19 0 58486596834343 79233903909
16 0 9 22 19 12 58486623913523 79206825019
17 16 13 19 4 19 58494655679082 24759211544
17 16 10 19 4 16 58494655679082 24759201833
17 10 0 19 5 1 58507883237595 139186505859
17 10 11 19 5 22 58507931379739 139138393016
16 11 2 22 11 0 58517530276701 61685843005
16 11 14 22 11 12 58517551313590 61664801482
17 16 0 19 4 16 58519414880915 40672644928
17 16 10 19 4 19 58519414890626 17657424984
17 16 14 19 4 19 58537072315610 37143021535
17 16 10 19 4 22 58537072315610 37143012049
16 10 10 22 12 22 58537328615991 252906081293
16 10 17 22 0 1 58543909977295 246326861632
17 16 11 19 4 16 58560087525843 40672318556
16 0 1 22 19 12 58565830738542 42705161984
16 11 10 22 19 6 58565830738252 108609667771
10 17 17 22 12 12 58571267889621 715612031372
17 16 10 19 4 2 58574215327659 60739086890
17 16 0 19 4 22 58574215337145 26544548849
16 0 11 22 19 1 58574855036540 167465494290
16 11 2 22 11 12 58579216119706 29319815811
16 11 17 22 11 1 58584691665141 128826115418
17 10 10 19 5 5 58596243370946 322300668475
17 16 0 19 4 1 58600759885994 32172502953
17 16 11 19 4 22 58600759885994 32172481459
16 0 6 22 19 14 58608535900526 66892439456
16 11 0 22 11 14 58608535935517 38769426541
16 11 13 22 19 12 58608535935517 65904587734
17 16 11 19 4 1 58632932388947 15294439742
17 16 10 19 4 5 58634954414549 60739115412
17 10 11 19 5 1 58647069772755 66155977191
16 11 11 22 11 14 58647305362058 81553011952
16 11 0 22 19 11 58647305362058 81553011893
16 10 2 22 0 12 58647643766769 83207977166
17 16 16 19 4 4 58648226828689 15294430046
10 17 11 22 12 5 58655973460357 185775666734
17 16 16 19 4 22 58663521258735 32172477358
17 16 17 19 4 4 58663521258735 32172530161
16 11 10 22 19 12 58674440523251 39077431568
16 0 7 22 19 14 58675428339982 66892416438
17 16 10 19 22 1 58695693529961 92183897674
17 16 16 19 4 5 58695693736093 29357741957
17 16 17 19 4 22 58695693788896 29357623164
17 10 16 19 5 4 58713225749946 66156546263
16 11 14 22 19 12 58713517954819 28802856985
17 17 10 19 4 22 58725051412060 112103148165
17 16 14 19 4 2 58725051412060 46268282950
17 16 17 19 4 5 58725051478050 46283582028
17 16 16 19 4 8 58725051478050 77505444627
16 11 11 22 19 11 58728858374010 38769451463
16 10 0 22 0 14 58730851743935 83208283078
16 11 10 22 19 14 58742320756420 57904174532
16 11 0 22 19 13 58742320811804 25307046340
16 11 0 22 19 6 58767627858144 30670383043
16 11 11 22 19 13 58767627858144 30670361539
17 16 2 19 4 2 58771319695010 46284194906
17 16 14 19 4 5 58771335060078 46268828295
17 10 16 19 5 22 58779382296209 139162383525
17 10 17 19 5 4 58779382296209 139162443220
17 16 10 19 22 3 58787877427635 92183935228
16 10 14 22 12 22 58790236838927 118645059387
16 11 11 22 19 6 58798298241187 14580344059
16 11 10 22 19 15 58800224930952 57904058827
17 16 17 19 4 8 58802556922677 77504722632
16 11 16 22 19 7 58812878585246 14580372872
16 10 11 22 0 14 58814060027013 175031222004
16 10 0 22 12 10 58814060027013 175031288788
17 16 2 19 4 5 58817603889916 21999291556
16 11 16 22 19 13 58827458958118 30670301398
16 11 17 22 19 7 58827458958118 30670318280
17 17 0 19 4 22 58837154560225 112103789811
17 16 0 19 4 17 58839603181472 53954685120
17 17 10 19 4 5 58839603181472 40461925823
16 10 10 22 12 11 58841749127091 185775584006
16 11 16 22 19 15 58858129259516 23603371870
16 11 17 22 19 13 58858129276398 23603344003
17 16 10 19 22 5 58880061362863 124274652130
17 16 14 19 22 3 58880061645309 63496001434
17 17 14 19 4 5 58880065107295 63494445510
17 17 10 19 4 11 58880065107295 126988461098
16 11 14 22 19 14 58881732620401 31341624997
16 11 17 22 19 15 58881732631386 31352489022
16 11 16 22 19 16 58881732631386 53699845901
17 16 11 19 4 17 58893557866592 113495655901
17 16 0 19 22 1 58893557866592 113495659391
16 10 2 22 12 22 58908881898314 118645035432
16 11 2 22 19 14 58913074245398 31352606948
16 11 14 22 19 15 58913085120408 31341727358
17 10 16 19 5 5 58918544679734 111588318511
17 10 17 19 5 22 58918544739429 111588192927
16 11 17 22 19 16 58935432477287 53699839564
17 16 2 19 22 3 58943557646743 63496230235
17 17 2 19 4 5 58943559552805 63494121241
16 11 2 22 19 15 58944426852346 14901874517
17 17 11 19 4 22 58949258350036 112103814216
16 11 0 22 19 19 58959328726863 14901893689
16 11 11 22 19 19 58974230620552 14901897898
16 10 11 22 12 10 58989091315801 138141950124
16 16 13 22 8 22 58989132518450 22213965303
16 16 10 22 8 10 58989132518450 22213954990
17 16 10 19 22 7 59004336014993 124277054406
17 16 11 19 22 1 59007053525983 62236104805
17 17 10 19 4 17 59007053568393 135562567516
17 17 0 19 4 11 59007053674046 54308709254
17 16 0 19 22 5 59007053876978 62214007721
16 16 0 22 8 10 59011346473440 36491418677
16 16 10 22 8 22 59011346483753 15842216276
16 16 14 22 8 22 59027188700029 33324695377
16 16 10 22 8 11 59027188700029 33324686374
16 10 10 22 12 0 59027524711097 259355532812
16 10 0 22 12 11 59027526933746 99706183469
17 10 14 19 5 2 59030132932356 134009933531
17 10 17 19 5 5 59030132998245 134053210428
17 10 16 19 5 8 59030132998245 386574549138
16 16 11 22 8 10 59047837892117 36491302457
16 16 10 22 8 0 59060513386403 54495006321
16 16 0 22 8 11 59060513395406 23815841969
17 17 0 19 4 15 59061362383300 73477976356
17 17 11 19 4 11 59061362383300 73477955751
17 16 0 19 22 14 59069267884699 62236772257
17 16 11 19 22 5 59069289630788 62215080580
16 16 0 22 8 19 59084329237375 28865074204
16 16 11 22 8 11 59084329237375 28865052677
16 16 11 22 8 19 59113194311579 13722160268
16 16 10 22 8 12 59115008392724 54495039590
16 16 16 22 8 8 59126916471847 13722143807
16 10 0 22 12 19 59127233117215 115921644617
16 10 11 22 12 11 59127233265925 115921560601
17 16 10 19 22 9 59128613069399 124277616080
17 16 11 19 22 14 59131504711368 29580934097
17 17 11 19 4 15 59134840359656 34930538169
16 16 16 22 8 11 59140638615654 28865024548
16 16 17 22 8 8 59140638615654 28865074331
17 17 10 19 4 0 59142616135909 135562749508
17 16 16 19 22 16 59161085645465 29580926885
17 10 2 19 5 2 59164142865887 134052858613
17 10 14 19 5 5 59164186208673 134009791412
17 17 16 19 4 21 59169770897825 34930400860
16 16 10 22 11 19 59169503432314 82717572213
16 16 16 22 8 12 59169503640202 26339156253
16 16 17 22 8 11 59169503689985 26339045621
17 16 16 19 22 5 59190666572350 62224646258
17 16 17 19 22 16 59190666572350 62224670817
16 17 10 22 8 11 59195842735606 100509236460
16 16 14 22 8 0 59195842735606 41513755168
16 16 17 22 8 12 59195842796455 41531470582
16 16 16 22 8 1 59195842796455 69548237509
17 17 16 19 4 11 59204701298685 73477827070
17 17 17 19 4 21 59204701298685 73477852489
16 16 2 22 8 0 59237356490774 41536612938
16 16 14 22 8 12 59237374267037 41518835542
16 10 11 22 12 19 59243154826526 55107830546
16 16 10 22 11 4 59252221004527 82717747969
17 16 16 19 22 9 59252891218608 48462237065
17 16 17 19 22 5 59252891243167 48462184288
16 16 17 22 8 1 59265391033964 69548000699
17 17 16 19 4 0 59278179125755 56263350448
17 17 17 19 4 11 59278179151174 56263301347
16 16 2 22 8 12 59278893103712 19739135555
16 10 10 22 12 12 59286880243909 182409385806
16 17 0 22 8 11 59296351972066 100510579953
17 16 10 19 5 4 59298195724500 142768784645
17 10 2 19 5 5 59298196000085 126271458326
16 10 16 22 12 8 59298262657072 55107903423
16 16 0 22 8 14 59298632239267 48403470054
16 17 10 22 8 12 59298632239267 36309382753
17 16 14 19 22 7 59301353427455 58719156009
17 16 17 19 22 9 59301353455673 58739678589
17 16 16 19 22 11 59301353455673 160264588388
17 17 14 19 4 17 59334442452521 70786805289
17 17 17 19 4 0 59334442476203 70810666664
17 17 16 19 4 6 59334442476203 156378161192
16 16 10 22 11 12 59334938752496 111708299433
16 16 14 22 11 4 59334939034663 56957818292
16 17 14 22 8 12 59334941622020 56956352380
16 17 10 22 8 13 59334941622020 113912474030
16 16 11 22 8 14 59347035709321 101818348015
16 16 0 22 11 19 59347035709321 101818351819
16 10 16 22 12 11 59353370560495 115921459124
16 10 17 22 12 8 59353370560495 115921489801
17 16 2 19 22 7 59360072583464 58740044213
17 16 14 19 22 9 59360093134262 58719504384
16 16 2 22 11 4 59391896852955 56957591164
16 17 2 22 8 12 59391897974400 56956221207
16 17 11 22 8 11 59396862552019 100510159984
17 17 2 19 4 17 59405229257810 70811380990
17 17 14 19 4 0 59405253142867 70787488843
17 10 17 19 5 8 59416707547383 386574370897
17 17 10 19 22 16 59418812627677 92143153126
17 16 2 19 22 9 59418812638646 42805665487
17 10 0 19 5 17 59424467458411 126271531048
17 16 10 19 5 22 59440964509145 142770108479
16 16 10 22 11 20 59446647051929 111709121002
16 16 11 22 11 19 59448854061140 56001396456
16 17 10 22 8 14 59448854096050 121226393486
16 17 0 22 8 13 59448854195607 48518738320
16 16 0 22 11 12 59448854444119 55981708404
17 16 17 19 22 11 59461618044061 184712541044
17 16 0 19 22 17 59461618304133 66867007573
17 16 13 19 5 5 59461618304133 122119421039
16 10 16 22 12 12 59469292019619 85527819571
16 10 17 22 12 11 59469292050296 85527738231
17 17 2 19 4 0 59476040638800 33657352930
17 17 17 19 4 6 59490820637395 156379246279
16 17 0 22 8 6 59497372933927 65723053299
16 17 11 22 8 13 59497372933927 65723034714
16 16 0 22 11 2 59504836152523 56001603265
16 16 11 22 11 12 59504855457596 55982353544
17 17 13 19 22 22 59509697991730 93401098108
17 17 0 19 4 1 59509697991730 56818788993
17 17 10 19 22 9 59510955780803 92143249673
17 16 11 19 22 17 59528485311706 140657386834
17 16 0 19 5 4 59528485311706 140657386822
17 10 11 19 5 17 59550738989459 126271499661
16 10 14 22 12 0 59554819788527 102141955388
16 10 17 22 12 12 59554819839190 102177436208
16 10 16 22 12 1 59554819839190 305457137766
16 16 10 22 11 5 59558356172931 111708966190
16 16 11 22 11 2 59560837811140 26618001386
16 17 11 22 8 6 59563095987226 31244068921
17 17 11 19 4 1 59566516780723 119519861750
17 17 0 19 22 16 59566516780723 119519861839
16 17 10 22 8 15 59570080489536 121226658020
17 16 10 19 5 5 59583737725172 62593038800
16 16 16 22 11 10 59587455812526 26617976564
16 17 16 22 8 7 59594340056147 31244151958
17 17 10 19 22 22 59603099089838 44100973973
16 16 16 22 11 12 59614073789090 55991889098
16 16 17 22 11 10 59614073789090 55991911780
16 17 16 22 8 13 59625584208105 65723180276
16 17 17 22 8 7 59625584208105 65723203536
17 16 14 19 5 5 59646330763972 44839557904
17 17 14 19 22 22 59647200063811 47827443272
17 17 10 19 22 11 59647200063811 124473734928
16 10 2 22 12 0 59656961743915 102178837200
16 10 14 22 12 12 59656997275398 102143717048
17 16 11 19 5 4 59669142698540 66867105310
16 16 16 22 11 5 59670065678188 43598322119
16 16 17 22 11 12 59670065700870 43598273480
17 16 10 19 5 7 59677010489120 126271683715
17 17 11 19 22 16 59686036642562 56818530975
17 16 0 19 5 6 59691170321876 44839507693
16 17 16 22 8 15 59691307388381 50322684922
16 17 17 22 8 13 59691307411641 50322639824
17 17 0 19 22 5 59695027507083 47827643140
16 16 14 22 11 20 59713663974350 52807340436
16 16 17 22 11 5 59713664000307 52826611192
16 16 16 22 11 13 59713664000307 144396389143
17 16 0 19 5 22 59736009829569 53752930428
17 16 11 19 5 6 59736009829569 53752897114
16 17 14 22 8 14 59741630051465 63263920573
16 17 17 22 8 15 59741630073303 63285372540
16 17 16 22 8 16 59741630073303 140328436434
17 17 0 19 22 9 59742855150223 51949935010
17 17 11 19 22 5 59742855173537 51949852997
16 16 10 22 12 8 59759140581115 105656768845
16 10 2 22 12 12 59759140992446 98877140460
16 16 2 22 11 20 59766471314786 52827960817
16 16 14 22 11 5 59766490611499 52808674551
17 17 10 19 22 17 59771673798739 124473809161
17 16 11 19 5 22 59789762759997 25553566291
17 17 11 19 22 9 59794805085233 24696335134
17 16 10 19 5 8 59803282172835 91337441829
16 17 2 22 8 14 59804893972038 63284788294
16 17 14 22 8 15 59804915445843 63263308184
17 16 16 19 5 0 59815316326288 25553769678
17 17 16 19 22 15 59819501420367 24696424952
16 17 10 22 11 10 59819299275603 81739678999
16 16 2 22 11 5 59819299286050 38761363998
17 16 16 19 5 6 59840870095966 53752877948
17 16 17 19 5 0 59840870095966 53752919425
17 17 16 19 22 5 59844197845319 51950001625
17 17 17 19 22 15 59844197845319 51950028171
16 10 0 22 12 14 59858018132906 101856300821
16 16 17 22 11 13 59858060389450 164226504252
16 16 0 22 11 14 59858060650048 59184231704
16 16 13 22 12 12 59858060650048 112435461238
16 10 17 22 12 1 59860276976956 305457333858
16 16 10 22 12 11 59864797349960 105656708570
16 17 2 22 8 15 59868178760332 30079822165
16 17 17 22 8 16 59881958509737 140328552352
17 16 10 19 8 19 59894619614664 193355441399
17 16 16 19 5 8 59894622973914 46121315640
17 16 17 19 5 6 59894623015391 46121275764
17 17 16 19 22 17 59896147846944 41917073536
17 17 17 19 22 5 59896147873490 41917033659
16 17 13 22 11 11 59898258582497 84520153770
16 17 0 22 8 19 59898258582497 50386413933
16 17 10 22 11 5 59901038954602 81739722934
16 16 11 22 11 14 59917244881752 124496359979
16 16 0 22 12 8 59917244881752 124496359931
17 17 14 19 22 11 59938064907149 55441406680
17 17 17 19 22 17 59938064920480 55460682599
17 17 16 19 22 0 59938064920480 96611831606
17 16 16 19 5 9 59940744289554 71255118019
17 16 14 19 5 7 59940744291155 71254893925
17 16 17 19 5 8 59940744291155 71255035780
16 17 11 22 8 19 59948644996430 105989616233
16 17 0 22 11 10 59948644996430 105989616255
16 10 11 22 12 14 59959874433727 101856335689
16 16 10 22 12 12 59970496111286 51790964495
16 17 10 22 11 11 59982778736267 39508506431
17 17 2 19 22 11 59993506313829 55462188992
17 17 14 19 22 17 59993525603079 55442894299
17 16 2 19 5 7 60011999185080 75979376800
17 16 14 19 5 8 60011999326935 75979219999
17 16 17 19 5 9 60011999407573 63330225141
16 16 14 22 12 12 60022287075781 39486478401
16 17 14 22 11 11 60022287242698 41366779871
16 17 10 22 11 13 60022287242698 108420461577
17 17 17 19 22 0 60034676752086 96611285602
16 16 11 22 12 8 60041741241731 59184266322
17 17 2 19 22 17 60048968502821 26361194788
16 17 11 22 11 10 60054634612685 50386226998
16 16 10 22 12 20 60061730769416 104003792481
16 16 0 22 12 16 60061773554182 39151983682
16 17 0 22 11 12 60063654022569 41366813598
17 17 0 19 22 18 60075329697609 27979252082
17 17 13 19 5 22 60075329697609 55958427262
17 16 10 19 8 22 60087975056063 296595914497
17 16 14 19 8 19 60087978546934 179364133701
17 16 2 19 5 8 60087978561880 43309496978
16 16 0 22 12 11 60100925537864 47194574803
16 16 11 22 12 16 60100925537864 47194545784
17 17 11 19 22 18 60103308949691 27979282554
16 17 0 22 11 5 60105020836167 45448218562
16 17 11 22 11 12 60105020839683 45448155258
16 17 10 22 11 14 60130707704275 108420439081
17 16 0 19 5 12 60131288058858 101631981619
17 17 13 19 5 8 60131288124871 40255651118
17 14 0 19 2 1 60131288232245 32015046894
17 14 9 19 2 12 60131288232245 89906342831
17 17 1 19 5 22 60131288232245 112720958740
16 16 11 22 12 11 60148120112667 22435818770
16 17 11 22 11 5 60150469054729 21605602323
17 14 4 19 2 1 60163303279139 50314224198
17 14 0 19 2 13 60163303279139 100628337685
16 16 10 22 12 1 60165734561897 74409460652
16 16 16 22 12 15 60170555931437 22435814166
17 17 14 19 5 8 60171543775989 63264825534
17 17 13 19 5 17 60171543775989 126529543633
16 17 16 22 11 6 60172074657052 21605588903
16 16 16 22 12 16 60192991745603 47194582549
16 16 17 22 12 15 60192991745603 47194615693
16 17 16 22 11 12 60193680245955 45448139480
16 17 17 22 11 6 60193680245955 45448163299
17 14 11 19 2 1 60213617503337 50314277640
17 14 1 19 2 12 60221194575076 89906327726
17 16 11 19 5 12 60232920040477 213786685359
17 16 0 19 8 16 60232920040477 213786672943
17 17 11 19 5 8 60234808601523 63264885217
16 17 16 22 11 14 60239128385435 36641895058
16 17 17 22 11 12 60239128409254 36641858935
16 16 10 22 1 22 60240144022549 166867417413
16 16 16 22 12 1 60240186328152 39768886426
16 16 17 22 12 16 60240186361296 39768855317
17 17 18 19 5 22 60244009190985 112721052600
17 14 0 19 2 2 60263931616824 115183069880
17 14 9 19 2 13 60263931780977 47169228899
17 16 2 19 8 19 60267342680635 179364008083
16 17 14 22 11 13 60275770268189 48481995654
16 17 17 22 11 14 60275770280493 48498418891
16 17 16 22 11 15 60275770280493 84350080601
16 16 16 22 12 5 60279955214578 61440974977
16 16 14 22 12 20 60279955216613 61440785814
16 16 17 22 12 1 60279955216613 61440905288
17 17 13 19 5 3 60298073319622 148633781596
17 17 1 19 5 17 60298073486740 58656749913
17 14 9 19 2 21 60311101009876 62084285568
17 14 1 19 2 13 60311101009876 62084264617
16 17 2 22 11 13 60324252263843 48499026624
16 17 14 22 11 14 60324268699384 48482586403
16 16 2 22 12 20 60341396002427 65657889090
16 16 14 22 12 1 60341396121901 65657756343
16 16 17 22 12 5 60341396189555 54407158971
17 17 1 19 5 0 60356730236653 77427566657
17 17 18 19 5 17 60356730243585 77427541862
16 17 17 22 11 15 60360120361094 84350188859
16 17 2 22 11 14 60372751290467 23052123890
17 14 1 19 2 21 60373185295444 29514224480
17 14 0 19 2 14 60379114686704 115183280648
17 16 10 19 8 2 60384570970560 296596370347
16 17 0 22 11 18 60395803414357 24333726621
16 17 13 22 12 11 60395803414357 48667220141
17 14 6 19 2 10 60402699519924 29514288619
16 16 10 22 1 11 60407011439962 255625741064
16 16 14 22 1 22 60407053878244 155212861071
16 16 2 22 12 1 60407053891517 37416676884
16 17 11 22 11 18 60420137140978 24333603711
17 14 6 19 2 13 60432213808543 62084394923
17 14 7 19 2 10 60432213808543 62084412046
17 17 18 19 5 0 60434157803310 36808237086
16 16 0 22 12 17 60444470568401 87967154233
16 17 13 22 12 1 60444470634498 34929576840
16 14 0 22 0 19 60444470744689 27851561087
16 14 9 22 0 17 60444470744689 78214112278
16 17 1 22 12 11 60444470744689 97863991174
17 16 0 19 8 22 60446706713420 134397773473
17 16 11 19 8 16 60446706725836 134442310409
17 17 13 19 5 12 60446707101218 138494481392
17 17 5 19 5 9 60470966040396 36808241234
16 14 4 22 0 19 60472322305776 43770818502
16 14 0 22 0 21 60472322305776 87541443447
16 17 14 22 12 1 60479400211338 54894455981
16 17 13 22 12 14 60479400211338 109788886120
17 14 6 19 2 14 60494298203466 49927644227
17 14 7 19 2 13 60494298220589 45468481271
17 17 5 19 5 17 60507774281630 77427536102
17 17 10 19 5 9 60507774281630 77427561607
16 14 11 22 0 19 60516093124278 43770777160
16 14 1 22 0 17 60522684856967 78214323305
16 16 11 22 12 17 60532437722634 185041994248
16 16 0 22 1 10 60532437722634 185041982239
16 17 11 22 12 1 60534294667319 54894587740
17 14 4 19 2 2 60539766701860 80694452466
17 2 14 19 2 13 60539766701860 117063177153
16 17 18 22 12 11 60542334735863 97863879161
17 14 7 19 2 14 60544225847693 78465261186
17 14 6 19 2 3 60544225847693 156929990086
16 14 0 22 0 0 60559863749223 100202433934
16 14 9 22 0 21 60559863901438 41035388221
16 16 2 22 1 22 60562266739315 155212934658
17 16 0 19 8 1 60581104486893 134440751152
17 16 11 19 8 22 60581149036245 134396245144
17 17 5 19 5 12 60585201817732 58880276083
17 17 10 19 5 17 60585201843237 58880239502
16 17 13 22 12 4 60589189097458 128291026231
16 17 1 22 12 14 60589189255059 51009353198
16 14 9 22 0 7 60600899289659 54010573413
16 14 1 22 0 21 60600899289659 54010554909
17 14 11 19 2 2 60620461154326 80694775333
17 14 4 19 2 14 60622691108879 78464792620
16 17 1 22 12 15 60640198608257 67293898073
16 17 18 22 12 14 60640198615024 67293876198
17 17 14 19 5 3 60644082082739 80749427515
17 17 10 19 5 12 60644082093815 80788153105
17 17 5 19 5 21 60644082093815 121154404143
16 14 1 22 0 7 60654909863072 25676017236
17 2 15 19 2 13 60656829879013 117062853069
16 14 0 22 0 2 60660066183157 100206058629
16 16 10 22 1 0 60662637181026 255625799374
16 14 6 22 0 9 60680585880308 25676083758
17 16 10 19 8 5 60681167340907 296596572016
17 14 10 19 2 3 60701155901499 63266730048
17 14 11 19 2 14 60701155929659 60407572534
16 14 6 22 0 21 60706261964066 54010515327
16 14 7 22 0 9 60706261964066 54010530578
16 17 18 22 12 15 60707492506330 31990741658
17 16 11 19 8 1 60715545281389 63901547507
16 16 0 22 1 11 60717479704873 115516703780
16 16 11 22 1 10 60717479716882 115554849789
16 17 13 22 12 17 60717480123689 121287607373
17 17 11 19 5 3 60724831510254 80768432666
17 17 14 19 5 12 60724870246920 80769714518
16 17 5 22 12 5 60739483247988 31990815629
16 14 6 22 0 2 60760272479393 43431445350
16 14 7 22 0 21 60760272494644 39558170731
17 14 9 19 2 16 60761563502193 124826043507
17 2 14 19 2 14 60761563502193 129392408497
17 14 7 19 2 3 60764422631547 63266747929
17 17 10 19 5 21 60765236497958 121152844036
16 17 5 22 12 14 60771474063617 67293903702
16 17 10 22 12 5 60771474063617 67293926650
17 2 12 19 2 13 60773892732082 117063215662
17 16 16 19 8 4 60779446828896 63901290113
16 14 4 22 0 0 60799830665375 70192252359
16 2 14 22 0 21 60799830665375 101872660260
16 14 7 22 0 2 60803703924743 68255764675
16 14 6 22 0 4 60803703924743 136511392872
17 14 0 19 5 19 60805599942920 80789276307
17 17 11 19 5 12 60805639961438 80749424857
17 2 2 19 2 12 60827689379476 63266643465
16 16 0 22 1 19 60832996408653 115554071213
16 16 11 22 1 11 60833034566671 115515949984
16 17 5 22 12 17 60838767967319 51261557025
16 17 10 22 12 14 60838767990267 51261524379
17 16 16 19 8 22 60843348119009 134419532883
17 16 17 19 8 4 60843348119009 134419587444
16 14 11 22 0 0 60870022917734 70192488106
16 14 4 22 0 2 60871959689418 68255691688
17 14 4 19 5 19 60886389219227 85505040921
17 14 0 19 5 22 60886389341994 171009706867
17 17 1 19 5 2 60886389386295 102280311698
17 14 1 19 2 16 60886389545700 152784856385
17 14 9 19 5 16 60886389545700 152784782312
16 17 14 22 12 4 60890029514646 70301698281
16 17 10 22 12 17 60890029524344 70336652286
16 17 5 22 12 7 60890029524344 105477743806
17 2 14 19 2 15 60890955910690 154464484009
17 2 0 19 2 12 60890956022941 78207722391
17 2 2 19 2 14 60890956022941 78179478711
16 2 15 22 0 21 60901703325635 101872673160
16 16 10 22 1 12 60918262980400 255625466264
16 14 10 22 0 4 60940215381106 55077701597
16 14 11 22 0 2 60940215405840 52507128786
16 16 11 22 1 19 60948550516655 54923518678
16 17 11 22 12 4 60960331212927 70318151193
16 17 14 22 12 17 60960366176630 70317614454
17 2 2 19 2 7 60969135501652 78207743238
17 2 0 19 2 14 60969163745332 78179536678
17 14 11 19 5 19 60971894260148 85504923169
17 16 16 19 8 5 60977767651892 106800417225
17 16 17 19 8 22 60977767706453 106800324912
17 17 18 19 5 2 60988669697993 102280332922
16 14 9 22 0 10 60992722534626 108262576059
16 2 14 22 0 2 60992722534626 112725895725
16 14 7 22 0 4 60995293082703 55077728665
16 17 10 22 12 7 60995507268150 105477631571
16 16 16 22 1 8 61003474035333 54923504750
16 2 12 22 0 21 61003575998795 101872457222
16 14 0 22 12 22 61030649364120 70335432121
16 17 11 22 12 17 61030683791084 70301154850
17 14 1 19 5 16 61039174402085 72632441414
17 2 14 19 2 16 61045420394699 154463764736
17 2 0 19 2 7 61047343282010 37173119325
16 2 2 22 0 17 61050370811368 55077725463
17 14 9 19 5 22 61057399183317 54407482374
16 16 16 22 1 11 61058397540083 115533599852
16 16 17 22 1 8 61058397540083 115533647536
17 2 6 19 2 8 61084516401335 37173059512
17 16 14 19 8 2 61084568031365 137064763864
17 16 17 19 8 5 61084568069117 137111171614
17 16 16 19 8 8 61084568069117 274178573315
17 14 0 19 5 2 61090950030915 102280173112
16 14 4 22 12 22 61100984796241 74384988564
16 14 0 22 12 11 61100984899721 148770056413
16 17 1 22 12 0 61100984945934 88975541744
16 14 1 22 0 10 61100985110685 132915066652
16 14 9 22 12 10 61100985110685 132915002904
16 2 14 22 0 6 61105448430351 134482724986
16 2 0 22 0 17 61105448536831 68090036900
16 2 2 22 0 2 61105448536831 68067055117
17 14 9 19 5 1 61111806665691 62256183921
17 14 1 19 5 22 61111806843499 62256129152
17 2 6 19 2 14 61121689460847 78194926838
17 2 11 19 2 8 61121689460847 78194955981
16 2 2 22 0 20 61173515591948 68091583762
16 2 0 22 0 2 61173538573731 68068634567
17 14 1 19 5 1 61174062972651 29595911571
16 16 16 22 1 12 61173931139935 91843678351
16 16 17 22 1 11 61173931187619 91843597715
16 14 11 22 12 22 61175369784805 74385304161
16 17 18 22 12 0 61189960487678 88978589147
17 14 0 19 5 5 61193230204027 102280412919
17 2 6 19 2 16 61199884387685 60760663770
17 2 11 19 2 14 61199884416828 60760612561
17 14 6 19 5 4 61203658884222 29595882242
17 16 2 19 8 2 61221632795229 137113929874
17 16 14 19 8 5 61221679240731 137067453343
17 14 6 19 5 22 61233254766464 62256154547
17 14 7 19 5 4 61233254766464 62256173642
16 14 1 22 12 10 61233900177337 63186503446
16 2 14 22 0 10 61239931155337 134482438851
16 2 0 22 0 20 61241607208298 32363932342
16 14 9 22 12 11 61249755088966 47331419918
17 2 15 19 2 15 61260645029389 77979411327
17 2 11 19 2 16 61260645051455 78006000334
17 2 6 19 2 17 61260645051455 155987290763
16 16 14 22 1 0 61265774785334 117871884882
16 16 17 22 1 12 61265774818286 117910719050
16 16 16 22 1 1 61265774818286 235781243052
16 2 6 22 0 1 61273971140640 32363947032
16 14 0 22 12 0 61278939076825 88981617548
17 14 6 19 5 5 61295510921011 46417050109
17 14 7 19 5 22 61295510940106 46417014712
16 14 9 22 12 19 61297086508884 54159715034
16 14 1 22 12 11 61297086680783 54159666633
16 2 6 22 0 2 61306335087672 68078736641
16 2 11 22 0 1 61306335087672 68078762621
17 2 12 19 2 15 61338624440716 78007955600
17 2 15 19 2 16 61338651051789 77981331925
17 14 4 19 5 2 61341927954818 59571905798
17 14 7 19 5 5 61341927971120 59591504208
17 14 6 19 5 8 61341927971120 119163550378
16 14 1 22 12 19 61351246347416 25746940768
17 16 1 19 8 8 61358746694074 130058417446
17 16 2 19 8 5 61358746725103 90429336800
16 14 0 22 12 12 61367920694373 88978888044
16 2 6 22 0 10 61374413824313 52900093487
16 2 11 22 0 2 61374413850293 52900047979
16 14 6 22 12 8 61376993288184 25746912988
16 16 2 22 1 0 61383646670216 117909467780
16 16 14 22 1 12 61383685537336 117870575288
17 14 11 19 5 2 61401499860616 59591695091
17 14 4 19 5 5 61401519475328 59572084831
16 14 6 22 12 11 61402740201172 54159686750
16 14 7 22 12 8 61402740201172 54159703883
17 2 7 19 2 17 61416632383714 94580146776
17 2 12 19 2 16 61416632396316 44459213619
16 2 15 22 0 6 61427313898272 67892540345
16 2 11 22 0 10 61427313917800 67915475770
16 2 6 22 0 14 61427313917800 135806938958
17 16 0 19 8 17 61449176061903 90429328196
16 14 6 22 12 12 61456899887922 40380483715
16 14 7 22 12 11 61456899905055 40380451818
17 14 11 19 5 5 61461091560159 52591347313
17 14 10 19 5 8 61461091560159 78886920277
17 2 2 19 2 20 61461091609935 78886829647
17 2 10 19 5 4 61461091609935 50121019361
17 16 17 19 8 8 61488805111520 130059174889
16 2 12 22 0 6 61495206438617 67914468278
16 2 15 22 0 10 61495229393570 67891503066
16 14 4 22 12 0 61497280356873 51824543793
16 14 7 22 12 12 61497280371637 51841945491
16 14 6 22 12 1 61497280371637 103666097624
16 16 1 22 1 1 61501556112624 114647326950
16 16 2 22 1 12 61501556137996 76431577305
17 2 11 19 2 17 61511212530490 147558823089
17 2 14 19 5 4 61511212629296 73779482010
17 2 10 19 5 22 61511212629296 107653822571
17 14 9 19 5 17 61513682907472 52591266816
17 16 11 19 8 17 61539605390099 90429090450
17 14 7 19 5 8 61539978480436 78886610821
17 2 0 19 2 20 61539978439582 78886738064
16 14 11 22 12 0 61549104900666 51841614984
16 14 4 22 12 12 61549122317128 51824197811
16 2 7 22 0 14 61563120896636 86406329889
16 2 12 22 0 10 61563120906895 37825665616
17 14 1 19 5 17 61566274174288 52591106208
16 16 0 22 1 14 61577987715301 76431736804
17 2 2 19 5 4 61584992111306 73779389091
16 14 10 22 12 1 61600946514939 64952669981
16 14 11 22 12 12 61600946515650 43301841498
16 2 2 22 0 3 61600946572511 64952750263
16 2 10 22 12 8 61600946572511 48580752003
16 16 17 22 1 1 61616203439574 114647551069
17 2 0 19 5 9 61618865177646 39906323903
17 1 10 19 8 14 61618865280496 34139692921
17 2 10 19 5 17 61618866451867 105191506492
17 1 0 19 8 12 61630034480549 90428928339
16 14 9 22 12 14 61644248357148 43301828900
16 2 11 22 0 14 61649527226525 136019497395
16 2 14 22 12 8 61649527324514 68009777811
16 2 10 22 12 11 61649527324514 109001715622
17 1 14 19 8 14 61653004973417 53653213078
17 1 10 19 8 16 61653004973417 107306268704
16 16 11 22 1 14 61654419452105 76431760857
17 2 11 19 5 9 61658771501549 43157816107
17 2 0 19 5 22 61658771501549 43142920275
16 14 7 22 12 1 61665899184920 64952713133
16 2 0 22 0 3 61665899322774 64952695945
16 14 1 22 12 14 61687550186048 43301785911
17 2 0 19 5 11 61701914421824 43158200517
17 2 11 19 5 22 61701929317656 43143311383
17 1 2 19 8 14 61706658186495 53653236734
16 2 2 22 12 8 61717537102325 68009776825
17 1 11 19 8 12 61720463408888 90428982133
17 2 10 19 5 12 61724057958359 105191696909
16 1 10 22 1 2 61730851971959 22363119427
16 1 0 22 1 17 61730851971959 62801202572
16 2 0 22 12 5 61730852018719 54694853818
17 2 11 19 5 11 61745072629039 20513326576
16 1 14 22 1 2 61753215091386 35145413885
16 1 10 22 1 10 61753215091386 70290636386
16 2 10 22 12 14 61758529040136 109002772576
17 1 10 19 8 18 61760311242121 121271438093
17 1 0 19 8 16 61760311423229 50581965330
17 2 16 19 5 6 61765585955615 20513311897
16 2 11 22 12 5 61785546872537 48350546184
16 2 0 22 12 11 61785546879150 48333692442
17 2 16 19 5 22 61786099267512 43150631686
17 2 17 19 5 6 61786099267512 43150655474
16 1 2 22 1 2 61788360505271 35145359441
16 1 11 22 1 17 61793653174531 62801099636
17 1 0 19 8 2 61810893388559 65054412426
17 1 11 19 8 16 61810893388559 65054387647
16 1 10 22 1 18 61823505727772 80457216537
16 1 0 22 1 10 61823505864712 32948653009
17 2 16 19 5 12 61829249899198 34925543468
17 2 17 19 5 22 61829249922986 34925504633
16 2 0 22 12 13 61833880571592 48349948094
16 2 11 22 12 11 61833897418721 48333108157
16 1 0 22 1 0 61856454517721 43366970824
16 1 11 22 1 10 61856454517721 43366955272
17 2 14 19 5 17 61864175427619 44823551635
17 2 17 19 5 12 61864175442666 44838703900
17 2 16 19 5 7 61864175442666 89661784028
16 2 10 22 12 17 61867531812712 109002248192
17 1 11 19 8 2 61875947800985 30926161425
17 1 10 19 8 20 61881582680214 121271549201
16 2 11 22 12 13 61882230526878 22981084630
16 1 11 22 1 0 61899821488545 20616210848
16 1 10 22 1 3 61903962944309 80457520246
16 2 16 22 12 16 61905211611508 22981080001
17 1 16 19 8 4 61906873962410 30926149098
17 2 2 19 5 17 61908998979254 44838315917
17 2 14 19 5 12 61909014146566 44823137640
16 1 16 22 1 8 61920437699393 20616004900
16 2 16 22 12 11 61928192691509 48341611138
16 2 17 22 12 16 61928192691509 48341634398
17 1 16 19 8 16 61937800111508 65054353056
17 1 17 19 8 4 61937800111508 65054375331
16 1 16 22 1 10 61941053704293 43367002329
16 1 17 22 1 8 61941053704293 43367020022
17 2 1 19 5 7 61953837284206 43597317476
17 2 2 19 5 12 61953837295171 29064783275
16 2 16 22 12 17 61976534302647 38568572129
16 2 17 22 12 11 61976534325907 38568533256
17 2 0 19 5 15 61982902078446 29064768307
16 1 16 22 1 3 61984420706622 33256635328
16 1 17 22 1 10 61984420724315 33239088904
17 2 17 19 5 7 61997434601682 43597204880
17 1 16 19 8 20 62002854464564 50176941758
17 1 17 19 8 16 62002854486839 49678636879
17 2 11 19 5 15 62011966846753 29065033815
16 2 14 22 12 14 62015102859163 49498332829
16 2 17 22 12 17 62015102874776 49515703430
16 2 16 22 12 20 62015102874776 99015813843
16 17 10 22 1 10 62017659813219 104511073397
16 1 14 22 1 18 62017659813219 52248740771
16 1 17 22 1 3 62017677341950 52254008266
16 1 16 22 1 11 62017677341950 104493602974
17 0 10 19 17 19 62041031880568 23491724351
17 0 0 19 17 16 62041031880568 65970514320
17 17 10 19 8 16 62052533123718 152368637302
17 1 14 19 8 18 62052533123718 79102661568
17 1 17 19 8 20 62053031406322 78856450109
17 1 16 19 8 22 62053031406322 157710115612
17 0 14 19 17 19 62064523604919 36919068036
17 0 10 19 17 22 62064523604919 73837949559
16 2 2 22 12 14 62064601191992 49517565037
16 2 14 22 12 17 62064618578206 49500167041
16 1 2 22 1 18 62069908553990 52262433278
16 1 14 22 1 3 62069931350216 52239641369
17 0 2 19 17 19 62101442672955 36919021812
17 0 11 19 17 16 62107002394888 65970645892
16 2 1 22 12 20 62114118745247 48730147586
16 2 2 22 12 17 62114118757029 31834490364
16 17 0 22 1 10 62122170886616 143187582784
16 17 10 22 1 22 62122170987268 76142309897
16 1 2 22 1 3 62122170991585 44596612303
16 1 1 22 1 11 62122170991585 66894597274
17 1 2 19 8 18 62131635785286 79105480689
17 1 14 19 8 20 62131887856431 78853720247
17 0 10 19 17 2 62138361554478 84517919664
17 0 0 19 17 22 62138361694767 34611460141
16 2 0 22 12 6 62145953247393 31834455351
16 2 17 22 12 20 62162848892833 48729460387
16 1 0 22 1 12 62166767603888 44596621736
17 0 0 19 17 1 62172973154908 45555552128
17 0 11 19 17 22 62172973154908 45555536139
16 2 11 22 12 6 62177787702744 31834559593
16 1 17 22 1 11 62189065588859 66895101021
16 17 14 22 1 22 62198313297165 76142255738
17 17 0 19 8 16 62204901761020 152371032413
17 13 9 22 12 12 62209622262337 66965484733
17 13 13 22 12 19 62209622262337 66965469081
17 17 10 19 8 19 62210741265975 81901581547
17 1 2 19 8 20 62210741576678 138740106904
17 1 1 19 8 22 62210741576678 81901466601
16 1 11 22 1 12 62211364225624 44596591039
16 0 10 22 14 22 62211578353220 68946096831
16 0 0 22 14 10 62211578353220 193618030300
17 0 11 19 17 1 62218528707036 21656735086
17 0 10 19 17 5 62222879474142 84517922893
17 0 16 19 17 4 62240185442122 21656628886
16 17 10 22 1 11 62255960689880 94637037488
16 10 13 12 6 6 62255960816663 77886544207
16 10 10 12 6 16 62255960816663 77886526493
17 0 16 19 17 22 62261842071008 45555567224
17 0 17 19 17 4 62261842071008 45555581736
16 17 11 22 1 10 62265358469400 143187393622
16 17 2 22 1 22 62274455552903 76142217702
17 13 1 22 12 19 62276587731418 110005901445
17 13 13 22 12 12 62276587747070 47757327005
16 0 14 22 14 22 62280524450051 108354144746
16 0 10 22 14 11 62280524450051 216708159748
17 17 14 19 8 19 62292642847522 81901577395
17 1 17 19 8 22 62292643043279 81901450048
17 0 16 19 17 5 62307397638232 36191878177
17 0 17 19 17 22 62307397652744 33742050574
17 13 14 22 12 12 62324345074075 100459241640
17 13 13 22 12 5 62324345074075 100459218919
16 10 0 12 6 16 62333847343156 127945685640
16 10 10 12 6 6 62333847360870 55545946099
17 0 14 19 17 2 62341139703318 58102712854
17 11 10 19 17 22 62341139703318 90797883852
17 0 17 19 17 5 62343589516409 56878288175
17 0 16 19 17 8 62343589516409 113756217143
17 1 0 19 8 5 62349481683582 138739886585
16 17 10 22 1 0 62350597727368 151476659835
16 17 0 22 1 11 62350597770605 57948255419
17 17 11 19 8 16 62357272793433 152369131660
17 17 2 19 8 19 62374544424917 81901512755
17 17 10 19 8 22 62374544493327 81901416610
17 13 18 22 12 19 62386593632863 110004711243
16 0 2 22 14 22 62388878594797 108354285124
16 10 14 12 6 6 62389393306969 116842820741
16 10 10 12 6 19 62389393306969 116842794780
17 0 2 19 17 2 62399242416172 58103344658
17 0 14 19 17 5 62400467804584 56877957580
16 0 11 22 14 10 62405196383520 193618052177
16 17 0 22 1 19 62408546026024 83030147315
16 17 11 22 1 11 62408546026024 83030130463
17 13 13 22 12 21 62424804292994 164278883005
17 13 1 22 12 5 62424804315715 71794037476
17 11 14 19 17 22 62431937587170 90798070261
17 17 10 19 8 2 62456445909937 170515923555
17 17 0 19 8 22 62456445937672 53196155664
17 11 10 19 17 15 62457345760830 156187966756
17 0 2 19 17 5 62457345762164 39047120106
17 0 1 19 17 8 62457345762164 84104194809
16 10 11 12 6 16 62461793028796 127945685542
17 1 11 19 8 5 62488221570167 138740251182
16 17 11 22 1 19 62491576173339 39471673507
17 0 0 19 17 17 62496392882270 39046978624
17 13 1 22 12 8 62496598353191 87015684044
17 13 18 22 12 5 62496598353191 87015636938
16 0 10 22 14 0 62497232609799 248052844626
16 0 0 22 14 11 62497232879921 101581637191
16 17 10 22 1 12 62502074387203 151474889305
16 10 10 12 6 9 62506236101749 191070298879
16 10 0 12 6 19 62506236127710 83502587731
17 17 0 19 8 1 62509642093336 79517926356
17 17 11 19 8 22 62509642093336 79517913593
17 11 2 19 17 22 62522735657431 90798077542
16 17 16 22 1 8 62531047846846 39471753578
17 0 11 19 17 17 62535439860894 39047014899
17 0 17 19 17 8 62541449956973 84104347063
16 17 16 22 1 11 62570519600424 83029867765
16 17 17 22 1 8 62570519600424 83029895557
17 11 0 19 17 6 62574486875793 39047003684
17 13 18 22 12 8 62583614037235 41366337104
17 13 13 22 12 14 62589083175999 164279014450
17 17 11 19 8 1 62589160019692 37801970342
16 10 0 12 6 20 62589738715441 101206615531
16 10 11 12 6 19 62589738715441 101206561575
16 0 0 22 14 19 62598814517112 133701738322
16 0 11 22 14 11 62598814517112 133701696886
17 11 11 19 17 6 62613533879477 45626499691
17 11 0 19 17 15 62613533879477 45610874635
17 13 5 22 12 1 62624980374339 41366319016
17 11 10 19 17 8 62625554304036 84104114324
17 17 10 19 8 5 62626961833492 101474920630
17 17 16 19 8 4 62626961990034 32696568850
16 17 16 22 1 12 62653549468189 63420001129
16 17 17 22 1 11 62653549495981 63419956578
17 11 0 19 17 18 62659144754112 45626306012
17 11 11 19 17 15 62659160379168 45610715706
17 17 16 19 8 22 62659658558884 68778417170
17 17 17 19 8 4 62659658558884 68778434929
17 13 5 22 12 5 62666346693355 87015669464
17 13 10 22 12 1 62666346693355 87015699739
16 10 11 12 6 20 62690945330972 48112552041
16 10 10 12 6 22 62697306400628 191070185580
17 11 11 19 17 18 62704771094874 21686630270
17 11 10 19 17 1 62709658418360 84104213099
16 17 14 22 1 0 62716969452559 84211543746
16 17 17 22 1 12 62716969469318 84240594624
16 17 16 22 1 1 62716969469318 144286724240
17 11 16 19 17 11 62726457725144 21686613398
17 17 16 19 8 5 62728436976054 49926832739
17 17 17 19 8 22 62728436993813 49926802808
16 0 11 22 14 19 62732516255434 63560339310
16 10 16 12 6 10 62739057883013 48112548833
16 0 10 22 14 12 62745285454425 248052872349
17 11 16 19 17 15 62748144338542 45618624380
17 11 17 19 17 11 62748144338542 45618642180
17 13 5 22 12 14 62753362362819 66965345250
17 13 10 22 12 5 62753362393094 66965303471
17 17 14 19 8 2 62778363796621 66294524394
17 17 17 19 8 5 62778363808793 66318165343
17 17 16 19 8 8 62778363808793 113589165570
16 10 16 12 6 19 62787170431846 101206438754
16 10 17 12 6 10 62787170431846 101206690653
17 11 16 19 17 1 62793762962922 34925522979
17 11 17 19 17 15 62793762980722 34925491132
16 0 16 22 14 8 62796076594744 63560389920
16 17 2 22 1 0 62801180996305 84242161846
16 17 14 22 1 12 62801210063942 84213085000
17 13 14 22 12 21 62820327696565 92594374434
17 13 10 22 12 14 62820327708069 92628864457
17 13 5 22 12 7 62820327708069 134632239680
17 11 14 19 17 8 62828688471854 44820262370
17 11 17 19 17 1 62828688485901 44837178248
17 11 16 19 17 17 62828688485901 89659893071
17 17 2 19 8 2 62844658321015 66321080394
17 17 14 19 8 5 62844681974136 66297418576
16 0 16 22 14 11 62859636984664 133701571884
16 0 17 22 14 8 62859636984664 133701615203
16 17 17 22 1 1 62861256193558 144286863347
17 11 2 19 17 8 62873508734224 44839713902
17 11 14 19 17 1 62873525664149 44822772410
16 17 2 22 1 12 62885423158151 40040019440
16 10 10 12 19 16 62888376586208 235836806918
16 10 16 12 6 22 62888376870600 96117826182
16 10 17 12 6 19 62888377122499 96117554993
17 17 17 19 8 8 62891952974363 113588945864
17 17 2 19 8 5 62910979401409 31520778882
17 13 11 22 12 21 62912922070999 92620087754
17 13 14 22 12 14 62912956572526 92585585895
17 11 1 19 17 17 62918348436559 43597267358
17 11 2 19 17 1 62918348448126 29064822659
16 17 0 22 1 14 62925463177591 40040030904
17 17 0 19 8 17 62942500180291 31521051993
17 11 0 19 17 19 62947413270785 29064817012
17 13 10 22 12 7 62954959947749 134632419273
17 11 17 19 17 17 62961945703917 43597145079
16 17 11 22 1 14 62965503208495 40040059883
17 17 11 19 8 17 62974021232284 31520910516
17 11 11 19 17 19 62976478087797 29064840116
16 10 14 12 6 9 62984494677492 134272164446
16 10 17 12 6 22 62984494696782 134316744268
16 10 16 12 6 12 62984494696782 187777675027
16 0 16 22 14 12 62993338556548 102529156644
16 0 17 22 14 11 62993338599867 102480308927
17 13 11 22 12 14 63005542158753 58512248589
17 14 13 22 12 1 63005542158753 96649333896
14 0 3 9 20 20 63005542927913 28891775007
14 0 0 9 20 14 63005542927913 28891765161
14 9 0 9 14 20 63005542927913 60477441758
14 9 9 9 14 14 63005542927913 169837019972
17 13 13 22 5 19 63005543268378 80753531337
17 1 13 22 19 12 63005543268378 71580864435
17 1 1 22 19 19 63005543268378 201017607897
14 0 9 9 20 14 63034434693074 47461068870
14 0 0 9 20 20 63034434702920 20604575579
14 0 4 9 20 20 63055039278499 43342486313
14 0 0 9 20 3 63055039278499 43342475464
17 13 1 22 12 9 63064054407342 58512357680
14 9 4 9 14 20 63066020369671 95045022759
14 9 0 9 14 3 63066020369671 190089994512
17 1 14 22 19 12 63077124132813 112494834759
17 1 13 22 19 5 63077124132813 224990386220
14 0 1 9 20 14 63081895761944 47461043553
17 13 13 22 5 12 63086296799715 80753611696
17 14 1 22 12 16 63089592367022 134632233667
16 0 14 22 14 0 63095818908794 161084785715
16 11 10 22 14 11 63095818908794 322209712830
16 0 17 22 14 12 63095867713192 161101354655
16 0 16 22 14 1 63095867713192 322161826934
14 0 0 9 20 9 63098381753963 70876846261
14 0 9 9 20 3 63098381764812 30975077977
17 14 14 22 12 1 63102191492649 96649244403
16 10 2 12 6 9 63118766841938 134317355513
16 10 14 12 6 22 63118811441050 134272798850
17 13 18 22 12 9 63122566765022 86461688358
17 13 1 22 5 19 63122566765022 209109289561
16 10 10 12 19 6 63124213393126 235836458170
14 0 9 9 20 7 63129356842789 37542340140
14 0 1 9 20 3 63129356842789 37542316533
14 9 11 9 14 20 63161065392430 95045217782
14 0 1 9 20 7 63166899182929 17847050265
17 13 14 22 5 12 63167050411411 126910601887
17 13 13 22 5 5 63167050411411 253820916620
14 0 0 9 20 15 63169258600224 70876746341
16 10 17 12 6 12 63172272371809 187777680240
14 9 1 9 14 14 63175379947885 169835113231
14 0 6 9 20 13 63184746233194 17847126256
17 1 11 22 19 12 63189618967572 112495829192
17 14 11 22 12 1 63198840737052 96649356067
14 0 6 9 20 3 63202593359450 37542215131
14 0 7 9 20 13 63202593359450 37542317981
17 1 18 22 19 19 63206560876275 201017604276
17 14 13 22 12 9 63209028453380 86461683718
17 14 18 22 12 16 63224224600689 134632700290
14 0 0 9 3 14 63240135346565 87571632025
14 0 6 9 20 15 63240135574581 35646864909
14 0 7 9 20 3 63240135677431 35646753264
16 14 10 12 6 10 63253084197451 181484792200
16 10 2 12 6 22 63253084239900 106181637880
14 9 0 9 14 9 63256110364183 217584758262
14 9 9 9 14 3 63256110610212 89104572763
16 0 2 22 14 0 63256903694509 161125922687
16 0 14 22 14 12 63256969067847 161060529252
14 0 4 9 20 9 63275782430695 49767067793
14 0 7 9 20 15 63275782439490 49786041358
14 0 6 9 20 21 63275782439490 69748301219
17 13 11 22 5 12 63293961013298 126910655575
17 14 13 22 12 17 63295490137098 159401006450
17 14 1 22 12 9 63295490137098 63367295311
17 1 13 22 19 21 63302114519033 257532290561
17 1 1 22 19 5 63302114796764 105463780610
14 0 11 9 20 9 63325549498488 49789946229
14 0 4 9 20 15 63325568480848 49770981203
14 0 0 9 3 20 63327706978590 87571655981
17 13 18 22 5 19 63331676054583 209109719182
14 9 9 9 14 7 63345215182975 117279368335
14 9 1 9 14 3 63345215182975 117279331594
14 0 7 9 20 21 63345530740709 69748123516
17 14 1 22 12 22 63358857432409 86565197350
17 14 18 22 12 9 63358857432409 86565174661
16 10 0 12 6 5 63359265877780 106183353750
16 10 10 12 19 19 63360049851296 524567895138
16 14 0 12 6 15 63360050052049 278520388477
16 10 14 12 19 6 63360050052049 262284714763
14 4 0 9 20 13 63375339444717 67189503710
14 0 11 9 20 15 63375339462051 39384724234
17 1 1 22 19 8 63407578577374 138811184978
17 1 18 22 19 5 63407578577374 138811142043
14 0 9 9 20 16 63414724186285 39385257022
14 0 0 9 3 3 63415278634571 195414342839
14 4 9 9 20 10 63415278864225 102933488677
14 0 4 9 3 20 63415278864225 97707617543
16 11 14 22 14 11 63418028621624 336095319166
16 0 1 22 14 1 63418029597099 153918326196
16 0 2 22 14 12 63418029617196 134105548074
16 11 10 22 14 6 63418029617196 557071792533
17 13 13 22 5 21 63420871328031 285408708143
17 13 1 22 5 5 63420871668873 119914236612
16 14 14 12 6 10 63434568989651 181484269140
14 4 4 9 20 13 63442528948427 67189858046
17 14 18 22 12 22 63445422629759 41152181207
14 0 1 9 20 16 63454109443307 61399433733
14 0 9 9 3 14 63454109443307 125736032636
17 14 13 22 12 2 63454891143548 159400858369
14 9 1 9 14 7 63462494551310 55753223011
16 10 11 12 6 5 63465449231530 166044354800
16 10 0 12 19 16 63465449231530 336969468559
14 9 0 9 14 15 63473695122445 217584717256
17 14 5 22 12 7 63486574810966 41152165679
14 4 11 9 20 13 63509718806473 67189665366
14 0 11 9 3 20 63512986481768 97707218778
14 4 0 9 20 16 63515508877040 61399639193
14 4 1 9 20 10 63518212352902 102933698649
14 9 6 9 14 13 63518247774321 55753251899
17 14 5 22 12 9 63527726976645 86565182862
17 14 10 22 12 7 63527726976645 86565212092
17 13 1 22 5 8 63540785905485 152808328472
17 13 18 22 5 5 63540785905485 152808271590
17 1 18 22 19 8 63546389762352 65989380750
16 0 0 22 14 14 63552135165270 134105665874
17 1 13 22 19 14 63559646809594 257532496300
16 0 17 22 14 1 63571947923295 323774364779
16 0 10 12 16 6 63571947923295 323774279124
14 9 6 9 14 3 63574001026220 117279043740
14 9 7 9 14 13 63574001026220 117279077871
14 4 0 9 20 19 63576908516233 113928124287
14 4 9 9 20 16 63576908516233 44237687337
14 0 1 9 3 14 63579845475943 125736357797
14 0 0 9 3 9 63610692977410 207122953255
14 0 9 9 3 3 63610693700546 94887967934
17 1 5 22 19 1 63612379143102 65989367607
17 14 5 22 12 2 63614292159507 66256540677
17 14 10 22 12 9 63614292188737 66256482455
16 14 2 12 6 10 63616053258791 181484306047
14 4 9 9 20 18 63621146203570 62227244138
14 4 1 9 20 16 63621146203570 62227229596
16 10 2 12 19 6 63622334766812 262284337001
16 14 10 12 6 5 63631493586330 166043997635
16 14 11 12 6 15 63638570440526 278520377138
17 1 5 22 19 5 63678368510709 138811023983
17 1 10 22 19 1 63678368510709 138811063869
17 14 14 22 12 17 63680548671192 82761762756
17 14 10 22 12 2 63680548700184 82802053786
17 14 5 22 12 10 63680548700184 189836912087
14 4 1 9 20 18 63683373447708 29582199225
16 0 11 22 14 14 63686240831144 201989556407
16 0 0 12 16 16 63686240831144 459397845153
14 4 0 9 20 22 63690836640520 113928219438
14 9 6 9 14 15 63691280069960 91899503489
14 9 7 9 14 3 63691280104091 88007711980
17 13 18 22 5 8 63693594233957 72643734669
14 0 9 9 3 7 63705581668480 108229757641
14 0 1 9 3 3 63705581833740 108229664322
17 13 13 22 5 14 63706280036174 285408923391
14 4 6 9 20 21 63712955646933 29582137537
14 4 6 9 20 16 63742537784470 62227240650
14 4 7 9 20 21 63742537784470 62227262552
16 11 2 22 14 11 63754123940790 336096028737
17 14 11 22 12 17 63763310433948 82782325076
17 14 14 22 12 2 63763350753970 82780470318
17 13 5 22 5 1 63766237968626 72643420752
14 9 4 9 14 9 63779287816071 146371780755
14 1 0 9 14 3 63779287816071 250192214598
14 9 7 9 14 15 63783179573449 144427410884
14 9 6 9 14 21 63783179573449 288853503238
16 14 10 12 6 0 63797537583965 307987790568
16 14 0 12 6 5 63797537583965 119553339040
16 10 11 12 19 16 63802418700089 336968565899
14 4 6 9 20 22 63804765025120 47567857239
14 4 7 9 20 16 63804765047022 47567813363
14 0 1 9 3 7 63813811498062 51450302749
17 1 5 22 19 14 63817179534692 108772313128
17 1 10 22 19 5 63817179574578 104164619561
14 0 0 9 3 15 63817815930665 207122905923
17 13 5 22 5 5 63838881389378 152808026616
17 13 10 22 5 1 63838881389378 152808514191
17 11 13 22 12 7 63846092759024 82800314394
17 14 11 22 12 2 63846131224288 82761845720
14 4 4 9 20 19 63852332860385 59415871257
14 4 7 9 20 22 63852332882359 59444002721
14 4 6 9 20 2 63852332882359 136289860894
14 0 6 9 3 13 63865261800811 51450338918
17 14 6 22 12 10 63870385612271 189836508515
16 10 10 12 19 9 63884617746434 555762494329
16 10 0 12 19 19 63884619103813 254767842102
16 11 0 22 14 16 63888230387551 201989650663
16 0 10 12 16 19 63895722202419 483790898267
16 0 14 12 16 6 63895722288074 241895513682
14 4 11 9 20 19 63911748731642 59432041353
14 4 4 9 20 22 63911776885080 59431548025
14 0 6 9 3 3 63916712139729 108227524693
14 0 7 9 3 13 63916712139729 108228149770
16 14 0 12 6 17 63917090923005 168234492067
16 14 11 12 6 5 63917090923005 168234456717
17 1 14 22 19 21 63921344194139 173245836294
17 18 13 22 19 5 63921344194139 296125758354
14 9 11 9 14 9 63925659596826 146373418824
17 1 10 22 19 14 63925951847820 170943423107
17 1 5 22 19 7 63925951847820 341885765482
14 9 4 9 14 15 63927606984333 144426041043
17 14 1 22 12 11 63928893070008 255499761161
17 11 13 22 12 8 63928893073418 70169754406
17 11 1 22 12 7 63928893073418 180446617839
14 11 0 9 20 21 63971180772995 59445766072
14 4 11 9 20 22 63971208433105 59418103399
16 11 10 22 14 1 63975101409729 557071607706
14 4 10 9 20 2 63988622743253 136289804958
17 13 13 22 21 19 63991688959565 333705323516
17 13 5 22 5 14 63991689415994 146834422327
17 13 10 22 5 5 63991689903569 146833916910
17 11 14 22 12 8 63999062827824 110277387232
17 11 13 22 12 9 63999062827824 220554534781
14 0 0 9 9 14 64024938836588 226284598782
14 0 6 9 3 15 64024939664422 105773591177
14 0 7 9 3 3 64024940289499 105772959940
14 1 4 9 14 3 64029480030669 250191781640
14 4 9 9 20 11 64030626536504 183432496587
14 11 0 9 20 7 64030626539067 50377012960
14 11 9 9 20 21 64030626539067 129547224461
17 14 10 22 12 10 64060222120786 189834965384
14 1 0 9 14 12 64072033015650 309414210134
14 9 11 9 14 15 64072033025376 103138108479
14 9 10 9 14 21 64072033076687 228725858141
14 11 4 9 20 7 64081003552027 79172032228
14 11 0 9 20 16 64081003552027 158343734372
16 14 11 12 6 17 64085325415072 79977008323
16 11 11 22 14 16 64090220038214 252902240327
16 11 0 22 14 6 64090220038214 252816460851
17 1 11 22 19 21 64094590030433 173247501377
17 1 14 22 19 14 64096895270927 170942272294
16 14 10 12 6 18 64105525374533 307988107899
17 11 18 22 12 7 64109339691257 180446832140
17 11 11 22 12 8 64109340215056 110277218891
14 4 7 9 20 2 64124912548211 136289403722
14 0 4 9 3 9 64130713249439 158804201270
14 0 7 9 3 15 64130713255599 158856457997
14 0 6 9 3 21 64130713255599 173398050474
16 0 2 12 16 6 64137617801756 241895755320
17 13 14 22 5 21 64138523820479 213043587294
17 13 10 22 5 14 64138523838321 213112907585
17 13 5 22 5 7 64138523838321 260278503560
16 10 0 12 19 20 64139386945915 290349772042
16 10 11 12 19 19 64139387265988 290349537055
16 0 11 12 16 16 64145638676297 459397859041
14 11 11 9 20 7 64160175584255 79171770857
14 11 1 9 20 21 64160173763528 129550861273
16 14 16 12 6 12 64165302423395 79976765233
14 9 9 9 14 16 64175171133855 103138125495
17 14 18 22 12 11 64184392831169 255500300778
14 4 1 9 20 11 64214059033091 183432581704
17 18 14 22 19 5 64217469952493 296126611190
17 11 1 22 12 9 64219617433947 70169180124
14 11 9 9 20 16 64239347355112 50377368486
16 14 16 12 6 5 64245279188628 168234431964
16 14 17 12 6 12 64245279188628 168234485116
17 11 13 22 12 10 64250057086170 189835982815
14 0 0 9 9 20 64251223435370 226284693107
14 11 0 9 20 2 64261201951933 136289600113
17 18 13 22 19 6 64267837531810 366221208152
17 1 11 22 19 14 64267837543221 122073712888
17 1 6 22 19 7 64267837613302 270719703477
14 9 1 9 14 16 64278309259350 103138092469
14 1 11 9 14 3 64279671812309 250191147300
14 0 11 9 3 9 64289517450709 158852050054
14 0 4 9 3 15 64289569713596 158799769688
14 11 9 9 20 22 64289724723598 73043194449
14 11 1 9 20 16 64289724723598 73043180492
17 11 1 22 12 2 64289786614071 101740483534
17 11 18 22 12 9 64289786614071 101740464581
14 9 7 9 14 21 64300758934828 228725594018
14 0 7 9 3 21 64304111306073 173397507068
17 13 13 22 21 12 64325394283081 333704445666
16 11 0 22 14 18 64343036499065 252913219803
16 11 11 22 14 6 64343122278541 252827541627
17 13 11 22 5 21 64351567407773 213111957941
17 13 14 22 5 14 64351636745906 213042600351
14 11 1 9 20 22 64362767918047 34723957222
16 0 10 12 16 9 64379513100686 560926048351
16 0 0 12 16 19 64379513557076 225522947600
14 1 0 9 14 5 64381447351819 74207890098
17 1 1 22 19 9 64389911256109 122073807588
17 11 18 22 12 2 64391527097605 48366300960
14 11 0 9 20 11 64397491614795 96680368189
14 11 6 9 20 8 64397491875269 31151499192
17 13 10 22 5 7 64398802341881 260296812446
16 14 16 12 6 18 64413513620592 128600225546
16 14 17 12 6 5 64413513673744 128600118892
14 11 6 9 20 16 64428643374461 65528901669
14 11 7 9 20 8 64428643374461 65528918854
16 10 11 12 19 20 64429736803043 138029231806
17 11 13 22 12 11 64439893131947 134664763017
17 11 5 22 12 3 64439893398565 43390766451
16 10 10 12 19 22 64440380240763 555762102077
14 0 11 9 3 15 64448369500763 75504972569
14 1 9 9 14 17 64455655241917 74207934262
14 0 0 9 9 3 64477508128477 293551482322
14 0 4 9 9 20 64477508813141 146777027193
17 11 5 22 12 9 64483284165016 91274019176
17 11 10 22 12 3 64483284165016 91274041808
14 11 6 9 20 11 64494172276130 47567823807
14 11 7 9 20 16 64494172293315 47567794900
17 1 18 22 19 9 64511985063697 122073803486
17 18 11 22 19 5 64513596563683 296126493368
14 0 9 9 3 16 64523874473332 75505421907
14 1 0 9 14 21 64529484528846 228726040589
14 1 1 9 14 17 64529863176179 115711056015
14 1 9 9 14 12 64529863176179 115674136822
16 11 10 22 14 19 64532173017435 557071281498
17 1 10 22 19 7 64538557316779 270719645968
14 11 4 9 20 2 64541740088215 63156984529
14 11 7 9 20 11 64541740099937 63186759345
14 11 6 9 20 20 64541740099937 108228392159
16 14 14 12 6 0 64542113792636 160634751572
16 14 17 12 6 18 64542113846138 160707167119
16 14 16 12 6 13 64542113846138 368462403461
17 13 11 22 5 14 64564679365714 101294387347
16 10 16 12 19 10 64567766034849 138029227304
17 11 5 22 12 11 64574558184192 66256451131
17 11 10 22 12 9 64574558206824 66256412922
16 11 11 22 14 18 64595949820168 120212046802
14 0 1 9 3 16 64599379895239 158815751760
14 0 9 9 9 14 64599379895239 158834978028
14 11 11 9 20 2 64604897072744 63205659275
14 11 4 9 20 11 64604926859282 63175863915
16 0 0 12 16 20 64605036504676 303760102566
16 0 11 12 16 19 64605036535338 303760024698
14 0 11 9 9 20 64624285840334 146777432988
17 18 13 22 19 18 64634058867183 87832187273
17 11 14 22 12 10 64640814619746 87979969027
17 11 10 22 12 11 64640814635323 88010857118
17 11 5 22 12 12 64640814635323 150739857632
14 1 9 9 14 18 64645537313001 115710133163
14 1 1 9 14 12 64645574232194 115673228206
14 11 7 9 20 20 64649968492096 108227714423
17 13 13 22 21 5 64659098728747 437213988583
17 13 14 22 21 12 64659099154327 218607347065
17 13 1 22 5 9 64665973753061 101294213418
14 11 11 9 20 11 64668102732019 30031154691
14 11 9 9 20 1 64698133886710 30031245045
16 14 2 12 6 0 64702748544208 160673956467
16 14 14 12 6 18 64702821013257 160674307604
16 10 16 12 19 19 64705795262153 290348492506
16 10 17 12 19 10 64705795262153 290350361810
16 11 16 22 14 13 64716161866970 120212012403
17 18 1 22 19 4 64721891054456 87832215497
14 11 1 9 20 1 64728165131755 30031274773
17 11 11 22 12 10 64728794588773 88008608768
17 11 14 22 12 11 64728825492441 87977693737
14 9 9 9 3 14 64758196406528 40476626367
14 9 11 9 3 17 64758196406528 40476633479
14 1 0 9 14 7 64758210569435 228725773098
14 0 1 9 9 14 64758214873267 158690232325
14 1 1 9 14 18 64761247460400 54998735380
17 13 18 22 5 9 64767267966479 175026887010
17 13 1 22 21 19 64767267966479 271161621483
14 0 0 9 9 9 64771059610799 297186343584
14 0 9 9 9 3 64771063273322 145841315118
17 11 10 22 12 12 64791554492955 150740710112
14 9 15 9 3 14 64798673032895 66491558406
14 9 9 9 3 17 64798673040007 28866226257
17 18 13 22 19 7 64809276962747 270720076476
17 18 18 22 19 4 64809723269953 136955941190
17 18 1 22 19 6 64809723269953 136910873784
14 1 6 9 14 4 64816246195780 54998560633
17 11 11 22 12 11 64816803197541 41830727358
14 9 18 9 3 17 64827539266264 60721825377
14 9 9 9 3 20 64827539266264 60721811045
16 11 16 22 14 6 64836373879373 252870762130
16 11 17 22 14 13 64836373879373 252870860103
17 11 1 22 12 15 64858633924899 41830755948
16 2 10 12 6 12 64863422500675 160711766396
16 14 2 12 6 18 64863495320861 160638939922
14 9 16 9 3 14 64865164591301 66491827148
14 1 6 9 14 12 64871244756413 115691989609
14 1 7 9 14 4 64871244756413 115692031049
17 13 11 22 21 12 64877706501392 218607666631
14 9 9 9 3 0 64888261077309 99296820924
14 9 15 9 3 20 64888261091641 43395351376
17 11 18 22 12 15 64900464680847 41830726161
16 0 11 12 16 20 64908796607242 144404409610
16 14 1 12 6 13 64910576249599 368462124794
14 0 9 9 9 7 64916904588440 152004267013
14 0 1 9 9 3 64916905105592 152003801110
14 9 15 9 3 22 64931656443017 52595829989
14 9 16 9 3 20 64931656443017 52595799595
16 0 10 12 16 22 64940439149037 560925434802
17 1 1 22 5 19 64942295407008 54379796442
17 1 11 22 5 4 64942295407008 54379803704
17 18 1 22 19 22 64946634143737 136957845082
17 18 18 22 19 6 64946679211143 136912794277
14 9 16 9 3 22 64984252273006 25003531469
14 1 6 9 14 7 64986936746022 89913088779
14 1 7 9 14 12 64986936787462 89913052512
14 9 9 9 3 3 64987557898233 99296862409
16 10 10 12 9 16 64996142342840 597787330634
16 10 16 12 19 22 64996143754659 284866886333
16 10 17 12 19 19 64996145623963 284865008143
17 1 12 22 5 19 64996675203450 89330698576
17 1 1 22 5 4 64996675210712 38781674898
14 9 13 9 3 2 65009255804475 25003467918
16 14 0 12 6 21 65024134260783 495914813465
16 2 10 12 6 20 65024134267071 136195677099
16 2 0 12 6 12 65024134267071 350238094447
14 9 13 9 3 20 65034259272393 52595716213
14 9 1 9 3 2 65034259272393 52595831273
17 1 8 22 5 4 65035456885610 81578837925
17 1 1 22 5 12 65035456885610 81578819141
17 13 18 22 21 19 65038429587962 271159701223
16 0 16 12 16 10 65053201016852 144404041707
14 0 0 9 9 15 65068245954383 297186362256
14 0 1 9 9 7 65068908906702 72260917734
14 1 6 9 14 16 65076849834801 138940060963
14 1 4 9 14 21 65076849839974 138873910498
14 1 7 9 14 7 65076849839974 138907456337
17 18 13 22 19 8 65079997039223 270719717972
17 18 18 22 19 22 65083592005420 65096282335
17 1 17 22 5 19 65086005902026 89330746238
14 9 9 9 7 14 65086854760642 128533813753
14 9 13 9 3 3 65086854988606 49452607201
14 9 1 9 3 20 65086855103666 49452448298
16 11 16 22 14 19 65089244641503 200851899173
16 11 17 22 14 6 65089244739476 200851733188
17 13 13 22 21 21 65096312717330 459070783665
17 13 1 22 21 5 65096314168023 213274840878
17 1 1 22 5 20 65117035704751 133403890191
17 1 12 22 5 12 65117035723535 58300936886
14 9 18 9 3 0 65136307551964 83007869898
14 1 0 9 3 20 65136307551964 205509882357
14 9 1 9 3 3 65136307595807 83035750689
14 9 13 9 3 6 65136307595807 103807488635
14 0 6 9 9 13 65141169824436 72261027011
17 18 5 22 19 0 65148688287755 65096433294
16 2 14 12 6 20 65160329944170 214042103667
16 2 10 12 6 5 65160329944170 428084245908
17 1 12 22 5 2 65175336660421 70661694410
17 1 17 22 5 12 65175336660421 70661655381
16 0 16 12 16 19 65197605058559 303759736157
16 0 17 12 16 10 65197605058559 303759829225
14 0 6 9 9 3 65213430851447 152003184936
14 0 7 9 9 13 65213430851447 152004886316
17 18 5 22 19 6 65213784721049 136932437260
17 18 10 22 19 0 65213784721049 136932485803
14 9 9 9 7 20 65215388574395 128533696425
14 1 11 9 14 21 65215723750472 138943872112
14 1 4 9 14 7 65215757296311 138910305528
14 1 7 9 14 16 65215789895764 138877824347
14 9 10 9 3 0 65219315421862 83034700754
14 9 18 9 3 3 65219343346496 83006772861
14 9 1 9 3 6 65240115084442 103807508096
17 1 17 22 5 2 65245998354831 33591796315
17 1 1 22 5 5 65250439594942 133403906289
16 14 17 12 6 13 65279038374393 368461054818
17 1 2 22 5 10 65279590151146 33591754926
16 10 14 12 19 9 65281010632106 432777314986
16 10 17 12 19 22 65281010640992 432914336274
16 10 16 12 19 12 65281010640992 455353895458
16 11 14 22 14 1 65290096472664 257777686758
16 11 17 22 14 19 65290096540676 257864064538
16 11 16 22 14 14 65290096540676 515633563253
14 9 10 9 3 3 65302350122616 39467432145
17 13 1 22 21 8 65309589008901 238874440290
17 13 18 22 21 5 65309589289185 238874207460
17 1 2 22 5 12 65313181906072 70661838369
17 1 18 22 5 10 65313181906072 70661994267
14 9 15 9 3 15 65341817554761 59242490551
14 1 0 9 3 3 65341817554761 77993498616
14 9 9 9 7 3 65343922270820 155187891920
14 9 18 9 7 20 65343922592538 90878020517
17 18 5 22 19 8 65350717158309 106420788158
17 18 10 22 19 6 65350717206852 106420745697
14 1 11 9 14 7 65354667622584 71567609201
14 1 4 9 3 20 65354667720111 120190035780
14 0 0 9 15 14 65365432316639 310461179897
14 0 6 9 9 15 65365434036383 150281828681
14 0 7 9 9 3 65365435737763 150280125316
16 2 2 12 6 20 65374372047837 214042223174
16 2 11 12 6 12 65374372361518 350237548180
17 1 1 22 8 19 65383843501231 170747683340
17 1 2 22 5 5 65383843744441 66593757461
17 1 18 22 5 12 65383843900339 66593547219
14 9 16 9 3 15 65401060045312 124618404883
14 9 15 9 7 14 65401060045312 124618397076
14 1 0 9 3 6 65419811053377 77993428951
14 1 9 9 14 20 65426235231785 71567696184
14 9 10 9 7 20 65434800613055 90877809765
17 1 8 22 5 20 65450437447558 112419140205
17 18 13 22 5 12 65450437447558 278329398440
17 1 18 22 5 5 65450437501902 112458240953
17 1 2 22 5 13 65450437501902 137450632150
17 18 5 22 19 9 65457137946467 164455149793
17 18 14 22 19 7 65457137952549 164374515809
17 18 10 22 19 8 65457137952549 164413606546
14 1 11 9 3 20 65474857755891 120190140306
14 1 1 9 14 20 65497802927969 97245039043
14 1 9 9 3 14 65497804482328 97244994378
14 1 0 9 3 9 65497804482328 181454109404
14 9 9 9 7 9 65499110162740 155188222681
16 0 16 12 16 22 65501364794716 232640612177
16 0 17 12 16 19 65501364887784 232640444563
14 0 4 9 9 9 65515715863079 230597760651
14 0 7 9 9 15 65515715865064 230672421926
14 0 6 9 9 21 65515715865064 235324093208
16 14 11 12 6 21 65520049074248 495910089671
14 9 15 9 7 3 65525678442388 71823745229
14 9 16 9 7 14 65525678450195 71849423890
16 11 2 22 14 1 65547874159422 257856142840
16 11 14 22 14 19 65547960605214 257769563673
17 13 18 22 21 8 65548463496645 113558373527
17 1 1 22 8 12 65554591184571 170746883545
17 13 13 22 21 14 65555383500995 459070928297
17 1 6 22 5 20 65562856587763 112459346775
17 1 8 22 5 5 65562895742855 112420187474
17 1 18 22 5 13 65587888134052 137450282566
16 2 0 12 6 5 65588414271011 136195704882
16 10 10 12 9 6 65593929673474 597786909858
14 1 1 9 3 14 65595049476706 67253606347
14 1 9 9 3 3 65595049476706 67232066906
14 9 15 9 7 7 65597502187617 71848781013
14 9 16 9 7 3 65597527874085 71823127288
17 18 11 22 19 7 65621512468358 164448440221
17 18 14 22 19 8 65621551559095 164409325886
17 18 10 22 19 9 65621593096260 164367959938
16 2 10 12 6 13 65647499429211 368459669399
14 9 9 9 7 15 65654298385421 155187972155
17 13 5 22 21 1 65662021870172 113558485111
14 1 9 9 3 7 65662281543612 67253631015
14 1 1 9 3 3 65662303083053 67232081789
14 9 16 9 7 7 65669351001373 34149956567
17 1 6 22 5 5 65675315934538 53451029181
14 0 0 9 15 20 65675893496536 310461193728
14 1 0 9 3 15 65679258591732 181453544498
14 9 13 9 7 13 65703500957940 34150018878
16 10 2 12 19 9 65713787947092 432915896421
16 10 14 12 19 22 65713924977266 432778819104
16 2 0 12 6 18 65724609975893 197472716330
16 2 11 12 6 5 65724609975893 197472681545
17 1 1 22 8 5 65725338068116 204584001367
17 1 8 22 8 12 65725338416618 120938645277
17 1 12 22 5 14 65728766963719 76831339737
17 18 13 22 5 5 65728766963719 112012696660
14 1 1 9 3 7 65729535174627 31967522823
16 0 14 12 16 9 65734005332347 298574925261
16 0 17 12 16 22 65734005406893 298668901526
16 0 16 12 16 12 65734005406893 597240272910
16 10 17 12 19 12 65736364536450 455352935113
14 9 13 9 7 3 65737650976818 71835899711
14 9 1 9 7 13 65737650976818 71835928236
14 0 11 9 9 9 65746313623730 230670541020
14 0 4 9 9 15 65746388286990 230595850230
14 0 7 9 9 21 65751039958272 235316063630
14 1 6 9 3 13 65761502697450 31966630687
17 13 5 22 21 5 65775580355283 238874622292
17 13 10 22 21 1 65775580355283 238874703953
17 18 11 22 19 8 65785960908579 83415534953
17 18 14 22 5 12 65785961056198 145914806804
14 1 6 9 3 3 65793469328137 67243032506
14 1 7 9 3 13 65793469328137 67243069723
17 1 17 22 5 14 65805598303456 161617560268
17 1 12 22 8 19 65805598303456 161617549457
16 11 1 22 14 14 65805730168887 193532366595
16 11 2 22 14 19 65805730302262 208725859783
14 9 13 9 7 15 65809486876529 57293472829
14 9 1 9 7 3 65809486905054 56396313528
17 18 13 22 5 13 65840779660379 112013013326
17 1 6 22 8 12 65846277061895 120938780276
14 1 6 9 3 15 65860712360643 55385835623
14 1 7 9 3 3 65860712397860 55385775607
14 9 18 9 7 9 65865883218582 88631794017
14 1 0 9 7 3 65865883218582 177265805614
14 9 1 9 7 15 65866780349358 88185305924
14 9 13 9 7 21 65866780349358 187591342089
17 18 1 22 19 12 65869376443532 83415505958
14 1 4 9 3 9 65916098173467 70520679390
14 1 7 9 3 15 65916098196266 70543724276
14 1 6 9 3 21 65916098196266 146642279821
16 2 11 12 6 18 65922082692223 93876761307
17 1 1 22 8 21 65929922069483 204584018234
17 18 11 22 5 12 65931875863002 145915008544
17 18 18 22 19 12 65952791949490 124998990860
17 18 13 22 5 21 65952792673705 230372802412
17 18 1 22 5 19 65952792673705 124998950562
14 9 10 9 7 9 65954515012599 88634038880
14 9 18 9 7 15 65954965655282 88183396377
17 1 12 22 8 5 65967215852913 94112187018
17 1 17 22 8 19 65967215863724 94142932968
14 0 11 9 9 15 65976984164750 109641091887
14 0 0 9 15 3 65986354690264 340409566437
14 0 4 9 15 20 65986356021902 220272783848
14 1 11 9 3 9 65986618852857 70543355889
14 1 4 9 3 15 65986641920542 70520282564
16 11 17 22 14 14 65999262535482 407103280805
16 11 10 12 16 19 65999262535482 407102892324
17 13 5 22 21 14 66014454977575 185761245820
17 13 10 22 21 5 66014455059236 185761149737
16 11 0 22 14 22 66014456162045 323249875543
17 13 13 22 14 19 66014456162045 646498969152
16 2 10 12 6 21 66015959163919 261377038600
16 2 16 12 6 3 66015959453530 84219058919
16 0 2 12 16 9 66032580257608 298665490817
16 0 14 12 16 22 66032674308419 298571390060
14 1 0 9 7 12 66043149051479 122121970196
14 9 10 9 7 15 66043149051659 47543162565
14 9 1 9 7 21 66054371691447 187591526578
14 1 11 9 3 15 66057162208746 33530046689
17 1 12 22 8 8 66061328039931 94141942473
17 1 17 22 8 5 66061358796692 94111224215
14 1 7 9 3 21 66062740476087 146642251865
17 18 18 22 5 19 66077791624267 84996964500
17 18 1 22 5 5 66077791624267 84968694933
14 0 9 9 9 16 66086625256637 109641616970
14 9 15 9 7 16 66090692214224 75635596169
14 1 3 9 7 15 66090692255435 74578893393
14 1 9 9 3 16 66090692255435 43830285007
16 2 16 12 6 5 66100178512449 177157970477
16 2 17 12 6 3 66100178512449 177158012051
17 1 1 22 8 14 66134506087717 204584060374
14 1 1 9 3 16 66134522540442 92198656258
14 1 9 9 7 3 66134522540442 92198656286
16 10 2 12 19 22 66146703843513 205769206371
17 1 17 22 8 8 66155470020907 44746797582
17 18 1 22 5 8 66162760319200 84995495448
17 18 18 22 5 5 66162788588767 84967216859
14 1 0 9 7 15 66165271148828 44111751169
14 9 16 9 7 16 66166327810393 75635638487
17 18 13 22 5 14 66183165476117 230372608277
16 10 10 12 9 19 66191716583332 726833603742
16 10 14 12 9 6 66191717471563 399685192082
14 0 1 9 9 16 66196266873607 230634386488
14 0 9 9 15 14 66196266873607 230634360412
17 1 2 22 8 1 66200216818489 44746971111
17 13 14 22 21 21 66200216208973 268208982143
17 13 10 22 21 14 66200216223395 268294095352
17 13 5 22 21 7 66200216223395 333209735662
14 0 11 9 15 20 66206628805750 220272414585
14 1 4 9 7 15 66209382899997 32580606597
14 1 1 9 7 3 66226721196728 43830299682
14 1 0 9 7 16 66241963448880 65427389008
14 1 9 9 7 4 66241963506594 28588018503
17 1 2 22 8 5 66244963789600 94126866806
17 1 18 22 8 1 66244963789600 94126904758
17 18 18 22 5 8 66247755814648 40399876524
14 1 9 9 7 12 66270551525097 34657644304
14 1 1 9 7 4 66270551525097 34657622106
16 2 16 12 6 21 66277336482926 128599988721
16 2 17 12 6 5 66277336524500 128599918730
17 18 5 22 5 1 66288155691172 40399767800
14 1 1 9 7 12 66305209169401 16475877992
14 1 0 9 7 5 66307390837888 65427400260
14 1 6 9 7 1 66321685047393 16475872395
14 0 0 9 15 9 66326764256701 340409695172
17 18 5 22 5 5 66328555458972 84982839122
17 18 10 22 5 1 66328555458972 84982887359
16 0 1 12 16 12 66331245698479 329919784968
16 0 2 12 16 22 66331245748425 178821730480
16 11 11 22 14 22 66337706037588 323249187657
14 1 6 9 7 4 66338160919788 34657590715
14 1 7 9 7 1 66338160919788 34657608523
17 1 2 22 8 14 66339090656406 74687619072
17 1 18 22 8 5 66339090694358 74448284785
16 10 0 12 19 5 66352473049884 205769196473
14 1 6 9 7 5 66372818510503 26671475600
14 1 7 9 7 4 66372818528311 26671447580
14 1 4 9 7 16 66399489975891 35413919806
14 1 7 9 7 5 66399489986103 35426622326
14 1 6 9 7 17 66399489986103 60679417943
16 2 14 12 6 13 66405936443230 170758497596
16 2 17 12 6 21 66405936471647 170815392754
16 2 16 12 6 6 66405936471647 292574683374
16 11 10 12 16 4 66406365427806 461345591862
16 11 14 12 16 19 66406365816287 363965000566
17 18 5 22 5 14 66413538298094 70544701884
17 18 10 22 5 5 66413538346331 70544624939
17 1 8 22 8 21 66413538979143 115291310488
17 18 13 22 8 5 66413538979143 230594089076
17 1 18 22 8 14 66413778275478 115183932366
17 1 2 22 8 7 66413778275478 243570070603
14 0 9 9 15 3 66426901234019 146953508302
14 0 1 9 15 14 66426901260095 147003976229
14 1 11 9 7 16 66434903895697 35427872078
14 1 4 9 7 5 66434916608429 35415154081
14 1 7 9 7 17 66460169404046 60679279819
17 13 11 22 21 21 66468425191116 268296108900
17 13 14 22 21 14 66468510318747 268210948243
14 1 11 9 7 5 66470331767775 16839001839
17 18 14 22 5 21 66484082971270 89737772557
17 18 10 22 5 14 66484082999978 89767554203
17 18 5 22 5 7 66484082999978 187460469529
14 1 9 9 7 7 66487170769614 16839095526
14 1 1 9 7 7 66504009865140 16839019324
16 0 0 12 16 5 66510067478905 178821847019
14 6 3 9 13 20 66520848884464 26671475751
14 6 0 9 13 14 66520848884464 26671465985
17 1 6 22 8 21 66528830289631 115302799086
17 1 8 22 8 14 66528962207844 115170881165
17 13 10 22 21 7 66533425959057 333215521107
14 6 9 9 13 14 66547520350449 43813829929
14 6 0 9 13 20 66547520360215 19021124855
16 10 11 12 19 5 66558242246357 432843406151
16 10 0 12 9 16 66558242246357 432843490204
14 6 4 9 13 20 66566541485070 40011778304
14 6 0 9 13 3 66566541485070 40011768192
17 18 11 22 5 21 66573820743827 89768821382
17 18 14 22 5 14 66573850554181 89739004363
14 0 9 9 15 7 66573854742321 147003306657
14 0 1 9 15 3 66573905236324 146952843535
16 2 2 12 6 13 66576694940826 170817301162
16 2 14 12 6 21 66576751864401 170760356397
14 6 1 9 13 14 66591334180378 43813683335
16 10 2 12 9 6 66591402663645 399683350805
14 6 0 9 13 9 66606553253262 65430005901
14 6 9 9 13 3 66606553263374 28594640026
14 6 9 9 13 7 66635147903400 34657232081
14 6 1 9 13 3 66635147903400 34657209552
17 18 13 22 8 6 66644133088717 158018934280
17 1 6 22 8 14 66644133089009 62124291277
17 1 18 22 8 7 66657348346081 243570776576
17 13 13 22 14 12 66660955225245 205685649572
16 0 17 12 16 12 66661165483447 329919921410
17 18 11 22 5 14 66663589565209 42667845096
14 0 0 9 15 15 66667173951873 340409375948
14 6 1 9 13 7 66669805135481 16475670354
17 18 10 22 5 7 66671543469507 187466463674
14 6 0 9 13 15 66671983259163 65430174217
14 6 6 9 13 13 66686280805835 16475673023
16 0 11 12 16 5 66688889325924 178821716874
16 2 17 12 6 6 66698511155021 292575013735
14 6 6 9 13 3 66702756478858 34657159087
14 6 7 9 13 13 66702756478858 34657212746
17 1 12 22 8 9 66706257380286 97331015656
17 18 9 22 8 14 66706257410305 95894733567
17 18 1 22 5 9 66706257410305 56410392485
14 0 1 9 15 7 66720858079859 69872825790
17 13 11 22 21 14 66736721300016 127524294423
14 6 0 9 3 7 66737413433380 99327461538
14 6 6 9 13 15 66737413637945 31623793561
14 6 7 9 13 3 66737413691604 31623669333
16 2 2 12 6 21 66747512241988 81191375351
17 18 18 22 5 9 66762667802790 118661886393
17 18 1 22 8 5 66762667802790 118661886373
14 7 0 9 13 3 66769037360937 120564169313
14 6 4 9 13 9 66769037360937 49851738485
14 6 7 9 13 15 66769037431506 49868933799
14 6 6 9 13 21 66769037431506 83515700755
16 11 2 12 16 19 66770330816853 363964728042
14 0 6 9 15 13 66790730905649 69873045123
17 18 13 22 8 14 66802152143872 56857959576
17 1 17 22 8 9 66803588395942 97330970418
14 6 11 9 13 9 66818889099422 49869609838
14 6 4 9 13 15 66818906365305 49852343042
16 2 0 12 6 7 66828703617339 81191408597
14 6 0 9 3 11 66836740894918 99327491583
14 6 7 9 13 21 66852553132261 83515536106
17 18 14 22 8 14 66859010103448 41909297110
14 0 6 9 15 3 66860603950772 146980551700
14 0 7 9 15 13 66860603950772 146980614546
17 13 1 22 21 9 66864245594439 127525543142
17 13 13 22 14 5 66866640874817 358831565110
17 13 14 22 14 12 66866641480164 196691058674
16 11 10 12 16 8 66867711042798 123374519920
14 6 11 9 13 15 66868758709260 23703026468
17 18 18 22 8 5 66881329689183 56410599810
14 7 9 9 13 3 66889601530250 120565343337
14 6 9 9 13 16 66892461735728 58109497847
14 7 0 9 13 15 66892461735728 43609325339
17 18 13 22 8 9 66900919366360 84249678880
17 18 1 22 8 0 66900919400558 36820910364
16 2 11 12 6 7 66909895025936 81191365920
16 10 10 12 9 9 66918550187074 726829168511
14 6 0 9 3 15 66936068386501 134460731614
14 6 4 9 3 11 66936068668367 68369444595
14 7 4 9 13 15 66936071061067 68367826357
14 7 0 9 13 4 66936071061067 136735786895
17 18 1 22 8 6 66937740310922 44625111602
17 18 18 22 8 0 66937740310922 44625085124
14 6 1 9 13 16 66950571233575 122235573690
14 6 9 9 3 7 66950571233575 122235578545
17 18 18 22 8 6 66982365422524 21214287685
17 18 13 22 8 18 66985169045240 84249698351
16 11 0 12 16 11 66991085562718 143210010582
16 11 10 12 16 12 66991085562718 480368835690
16 10 11 12 9 16 66991085736561 350886189239
16 10 0 12 9 19 66991086014450 350765202916
16 0 0 12 19 16 66991086391856 102741874811
16 0 2 12 19 11 66991086391856 102741885114
17 13 18 22 21 9 66991771137581 268252097528
17 13 1 22 14 19 66991771137581 268252106411
17 18 5 22 8 15 67003579710209 21214285882
14 6 11 9 3 11 67004438112962 68369320104
14 7 11 9 13 15 67004438887424 68368065421
14 0 6 9 15 15 67007584502472 117857381852
14 0 7 9 15 3 67007584565318 117857246930
14 7 1 9 13 3 67010166873587 120565406818
17 18 5 22 8 0 67024793996091 44624999361
17 18 10 22 8 15 67024793996091 44625017253
17 13 11 22 14 12 67063332538838 196690803463
17 18 5 22 8 18 67069418995452 34342610350
17 18 10 22 8 0 67069419013344 34342581233
14 6 0 9 3 19 67070529118115 134462058937
14 6 1 9 3 7 67072806812120 67504424776
14 7 0 9 13 16 67072806847962 144914094982
14 7 9 9 13 4 67072806952845 57925544687
14 6 9 9 3 15 67072807433066 67479333187
16 0 6 12 19 16 67093828266667 168775595323
16 0 0 12 19 11 67093828276970 73271686960
17 18 14 22 8 9 67103761594577 45601233602
17 18 10 22 8 18 67103761605802 45616606534
17 18 5 22 8 4 67103761605802 78131905986
14 0 4 9 15 9 67125441812248 140872353710
14 0 7 9 15 15 67125441884324 140919460878
14 0 6 9 15 21 67125441884324 418928858438
14 7 9 9 13 12 67130732497532 78590269270
14 7 1 9 13 4 67130732497532 78590247891
16 11 11 12 16 11 67134295573300 206962043269
16 11 0 12 16 4 67134295573300 206887945941
14 6 9 9 3 10 67140286766253 67503266105
14 6 1 9 3 15 67140311236896 67478848094
17 18 11 22 8 9 67149362828179 45616170786
17 18 14 22 8 18 67149378212336 45600781839
16 0 9 12 19 11 67167099963930 154129495715
16 0 0 12 19 6 67167099963930 154129462166
17 18 10 22 8 4 67181893511788 78131793588
17 18 11 22 8 18 67194978998965 21682153166
14 6 0 9 3 0 67204991177052 134461391895
14 6 1 9 3 10 67207790084990 32085207867
14 7 1 9 13 12 67209322766802 37361065346
17 18 1 22 8 8 67216661152131 21682152727
14 7 0 9 13 5 67217720942944 144914105079
17 13 13 22 14 21 67225472439927 358832275292
17 18 18 22 8 8 67238343304858 21682196645
14 6 6 9 3 14 67239875292857 32085279568
14 7 6 9 13 1 67246683832148 37361066600
17 13 18 22 14 19 67260023243992 172936071388
17 13 1 22 14 5 67260023342301 172880707450
17 5 9 22 1 12 67260025501503 33486110871
17 5 13 22 1 19 67260025501503 33486101491
16 0 7 12 19 16 67262603861990 168775383958
14 0 11 9 15 9 67266314165958 140913725720
14 0 4 9 15 15 67266361345202 140867272878
14 6 6 9 3 15 67271960572425 67492524672
14 6 7 9 3 14 67271960572425 67492550787
14 7 6 9 13 4 67284044898748 78590390301
14 7 7 9 13 1 67284044898748 78590417330
17 5 1 22 1 19 67293511602994 55008396400
17 5 13 22 1 12 67293511612374 23881122183
17 5 14 22 1 12 67317392734557 50234815553
17 5 13 22 1 5 67317392734557 50234803208
16 0 0 12 19 1 67321229426096 252043770312
16 0 6 12 19 6 67321229459645 110149757717
14 6 6 9 3 0 67339453097097 52537684670
14 6 7 9 3 15 67339453123212 52537627755
16 11 0 12 16 17 67341183519241 206974812075
16 11 11 12 16 4 67341257616569 206900751683
16 10 0 12 9 20 67341851217366 350862088168
16 10 11 12 9 19 67341971925800 350741405962
17 5 18 22 1 19 67348519999394 55008245530
14 7 6 9 13 5 67362635289049 60170715511
14 7 7 9 13 4 67362635316078 60170662787
17 5 13 22 1 21 67367627537765 82147622349
17 5 1 22 1 5 67367627550110 35900728180
14 6 4 9 3 19 67391990750967 63621179060
14 6 7 9 3 0 67391990781767 63642515954
14 6 6 9 3 4 67391990781767 174242821643
17 5 1 22 1 8 67403528278290 43512384884
17 5 18 22 1 5 67403528278290 43512358779
14 6 0 9 15 13 67407227891678 144639094288
14 0 11 9 15 15 67407228618080 137333730704
14 7 4 9 13 16 67422805978865 75470002315
14 7 7 9 13 5 67422806004560 75495542431
14 7 6 9 13 17 67422806004560 169438655808
16 0 6 12 19 18 67431379217362 133503463677
16 0 7 12 19 6 67431379245948 133503393901
17 13 1 22 14 8 67432904049751 172932192628
17 13 18 22 14 5 67432959315380 172876979285
17 5 18 22 1 8 67447040663174 20685258780
17 5 13 22 1 14 67449775160114 82147942466
14 6 11 9 3 19 67455611930027 63643065468
14 6 4 9 3 0 67455633297721 63621710496
17 5 5 22 1 1 67467725921954 20685253510
16 11 10 12 16 20 67471454398408 480369303440
17 5 5 22 1 5 67488411175464 43512131536
17 5 10 22 1 1 67488411175464 43512194926
14 7 11 9 13 16 67498275981180 75494904203
14 7 4 9 13 5 67498301546991 75469331043
14 7 0 9 3 14 67519254995495 97294943169
14 6 11 9 3 0 67519255008217 46978905666
17 5 13 22 5 8 67531923102580 124682528843
17 5 5 22 1 14 67531923307000 39705069251
17 5 10 22 1 5 67531923370390 39704920545
14 0 7 9 15 21 67544370742762 418928479356
14 0 9 9 15 16 67544562348784 137333325065
16 11 11 12 16 17 67548158368252 98370286413
14 6 0 9 15 3 67551866985966 144639501711
16 0 7 12 19 18 67564882681039 63466568558
14 6 7 9 3 4 67566233603410 195449350277
14 6 9 9 3 16 67566233913883 75391966444
14 6 3 9 15 15 67566233913883 130275714088
17 10 13 22 1 5 67571628290935 151561386239
17 5 14 22 1 21 67571628290935 62579414564
17 5 10 22 1 14 67571628376251 62600475772
17 5 5 22 1 7 67571628376251 104830080320
16 0 0 12 19 19 67573273196408 252044913889
14 7 11 9 13 5 67573770885383 35883362050
17 13 13 22 14 14 67584304715219 358832598209
14 7 7 9 13 17 67592244660368 169438353319
17 13 18 22 14 8 67605836294665 82197719494
14 7 3 9 3 3 67609654247433 104190918067
14 7 9 9 13 7 67609654247433 58931229159
14 7 0 9 3 0 67616549938664 97295168792
16 0 4 12 19 13 67628349249597 63465968113
17 5 11 22 1 21 67634207705499 62600778724
17 5 14 22 1 14 67634228852023 62579630932
14 6 1 9 3 16 67641625880327 158589806054
14 6 9 9 15 13 67641625880327 158589806036
16 10 10 12 9 22 67645379355585 726835600178
16 11 16 12 16 2 67646528654665 98370188583
17 5 13 22 5 11 67656605631423 124682687621
14 7 1 9 13 7 67668585476592 123963159546
14 7 9 9 3 14 67668585476592 123963159541
17 5 10 22 1 7 67676458456571 104830149197
14 0 1 9 15 16 67681895673849 137333447491
17 13 5 22 14 1 67688034014159 82197947556
16 0 4 12 19 6 67691815217710 133503200579
16 0 11 12 19 13 67691815217710 133503512837
16 10 11 12 9 20 67692713331762 166767273240
14 6 0 9 15 15 67696509627971 65173551211
17 5 11 22 1 14 67696808484223 29754738236
14 7 0 9 3 3 67713845165500 47838029829
17 10 1 22 1 5 67723189677174 151562170103
17 5 1 22 1 9 67726563222459 72968602333
17 10 13 22 1 14 67726563222459 54729528024
16 11 16 12 16 4 67744898843248 206925174594
16 11 17 12 16 2 67744898843248 206925280970
14 6 4 9 15 15 67761683179182 57549530904
14 7 4 9 3 3 67761683195329 44898124968
14 7 0 9 3 4 67761683195329 120139793579
17 13 5 22 14 5 67770231961715 172906200936
17 13 10 22 14 1 67770231961715 172906264823
17 5 13 22 5 14 67781288319044 168242087723
17 5 14 22 5 11 67781288605768 85869045802
17 10 14 22 1 14 67781292750483 85865619015
17 10 13 22 1 0 67781292750483 171731704684
14 7 1 9 3 14 67792548636138 58930769216
17 5 18 22 1 9 67799531824792 153492573102
17 5 1 22 5 8 67799531824792 153492577943
14 6 1 9 15 13 67800215686381 75392120209
14 7 9 9 3 15 67806581320297 44898095569
14 6 0 9 15 19 67819229121340 144070356991
14 6 9 9 15 17 67819232710086 56375100541
16 0 0 12 20 16 67825318110297 314355001522
16 0 4 12 19 19 67825318418289 126506871535
16 0 11 12 19 6 67825318730547 126506487232
14 7 9 9 3 0 67851479415866 50997883847
14 7 1 9 3 15 67851479415866 50997834849
16 10 16 12 9 10 67859480605002 166768943431
17 5 11 22 5 11 67867157651570 85867285087
17 10 11 22 1 14 67867158369498 85866204202
17 10 18 22 1 5 67874751847277 151562222534
14 6 9 9 15 3 67875607810627 64557090381
14 6 1 9 15 17 67875607810627 64557034228
14 7 0 9 3 16 67881822988908 120139561410
14 7 1 9 3 0 67902477299713 24243879971
14 7 6 9 3 12 67926721179684 24243938525
14 6 1 9 15 3 67940164901008 30689749425
17 13 5 22 14 14 67943138162651 135726438211
17 13 10 22 14 5 67943138226538 135726294234
17 5 13 22 5 17 67949530406767 168242969331
14 7 6 9 3 15 67950965118209 50997682951
14 7 7 9 3 12 67950965118209 50997708311
16 11 16 12 16 20 67951824017842 171090599483
16 11 17 12 16 4 67951824124218 171090499005
16 0 9 12 19 1 67951825217779 209895505944
16 11 10 12 19 6 67951825217779 519659102384
16 0 11 12 19 19 67951825289824 209963013886
16 0 4 12 19 14 67951825289824 251103922044
17 5 18 22 5 8 67953024402735 84300770932
17 10 13 22 1 9 67953024455167 183032286714
17 10 1 22 1 0 67953024573700 73289705764
17 5 1 22 5 14 67953024936657 84272061236
14 6 0 9 15 21 67963299478331 102798509845
14 6 6 9 15 5 67970854650433 30689713932
14 6 6 9 15 17 68001544364365 64557015639
14 6 7 9 15 5 68001544364365 64557058120
14 7 6 9 3 16 68001962801160 41021887991
14 7 7 9 3 15 68001962826520 41021849743
16 10 16 12 9 19 68026249548433 350750912913
16 10 17 12 9 10 68026249548433 350858065194
17 10 1 22 1 6 68026314279464 99219465784
17 10 18 22 1 0 68026314279464 99219439051
17 5 1 22 5 16 68037296997893 84299422738
17 5 18 22 5 14 68037325173667 84271296808
14 7 4 9 3 4 68042984676263 54470799551
14 7 7 9 3 16 68042984689151 54489195654
14 7 6 9 3 5 68042984689151 93328289677
14 6 0 9 21 20 68066097988176 230871703607
14 6 6 9 15 21 68066101380004 54468418424
14 6 7 9 15 17 68066101422485 54468377840
17 13 14 22 14 21 68078864520772 162465986704
17 13 10 22 14 14 68078864600862 162521130047
17 13 5 22 14 7 68078864600862 478576588067
14 7 11 9 3 4 68097455475814 54489068118
14 7 4 9 3 16 68097473884805 54470654220
17 5 13 22 5 20 68117773376098 168243436653
14 6 6 9 15 0 68120569798428 84151047825
14 6 4 9 15 19 68120569800325 84150869362
14 6 7 9 15 21 68120569800325 84150979850
17 5 18 22 5 16 68121596470475 40068059374
16 11 16 12 16 5 68122914617325 264412315634
16 11 14 12 16 12 68122914623223 264274158369
16 11 17 12 16 20 68122914623223 264341023041
17 10 18 22 1 6 68125533745248 47167882060
17 10 13 22 1 18 68136056741881 183032052231
14 7 7 9 3 5 68136312978828 93328361780
16 0 0 12 20 6 68139673111819 314354665803
14 7 11 9 3 16 68151944543932 25898998631
17 5 5 22 5 19 68161664529849 40068090347
16 0 1 12 19 1 68161720723723 209965375122
16 0 9 12 19 19 68161788303710 209897785885
17 10 5 22 1 15 68172701627308 47167945333
14 7 9 9 3 18 68177843542563 25899064884
17 5 5 22 5 14 68201732620196 84284709996
17 5 10 22 5 19 68201732620196 84284741570
16 0 11 12 19 14 68202929211868 251099009214
14 7 1 9 3 18 68203742607447 25899038205
14 6 11 9 15 19 68204720669687 92252544102
14 6 4 9 15 21 68204720780175 92252416995
14 6 7 9 15 0 68204720846253 71484647706
17 10 5 22 1 0 68219869572641 99219461044
17 10 10 22 1 15 68219869572641 99219494084
2 14 14 9 3 14 68229641340608 114727231793
14 4 9 9 9 7 68229641645652 46353574576
14 4 18 9 9 6 68229641645652 130172578348
2 14 10 9 3 3 68229641645652 114727130238
17 13 11 22 14 21 68241330507476 162517357260
17 13 14 22 14 14 68241385730909 162462881517
14 4 13 9 9 7 68275995220228 72848507261
14 4 9 9 9 8 68275995220228 145696543082
14 7 3 9 15 3 68276205493959 71484593028
17 5 5 22 5 20 68286017330192 65635709619
17 5 10 22 5 14 68286017361766 65635640931
14 6 0 9 21 3 68296969691783 392294988814
14 6 4 9 21 20 68296973197170 234433530825
14 6 11 9 15 21 68296973213789 50716879439
17 10 5 22 1 18 68319089033685 75972160245
17 10 10 22 1 0 68319089066725 75972095942
2 14 2 9 3 14 68344368572401 188463949799
2 14 14 9 3 3 68344368775890 81819196534
14 7 10 9 15 3 68347690086987 148719370980
14 6 9 9 15 6 68347690093228 134733023523
14 7 3 9 15 21 68347690093228 53159203650
14 4 1 9 9 7 68348843727489 72848241543
17 5 14 22 5 17 68351653002697 79515786330
17 5 10 22 5 20 68351653039811 79543204465
17 5 5 22 5 0 68351653039811 217213216036
14 4 10 9 9 6 68359814224000 130172722373
16 0 1 12 19 19 68371686098845 99798344441
16 10 10 12 22 16 68372214955763 726844074719
16 10 16 12 9 22 68377000461346 350856737652
16 10 17 12 9 19 68377107613627 350749581036
16 11 2 12 16 12 68387188781592 264395150173
16 11 14 12 16 20 68387255646264 264328249942
16 11 17 12 16 5 68387326932959 264257316745
17 10 14 22 1 9 68395061162667 95536713294
17 10 10 22 1 18 68395061193930 95568202198
17 10 5 22 1 4 68395061193930 211599521076
14 7 4 9 15 21 68400849296878 83543780351
14 7 3 9 15 16 68400849296878 167087286310
17 5 13 22 14 1 68403847864736 167204029669
17 13 11 22 14 14 68403848612426 158034506834
14 4 9 9 9 9 68421691763310 166770160314
14 4 18 9 9 8 68421691969032 68295067366
2 14 15 9 3 3 68426187972424 172109687284
2 14 14 9 3 15 68426187972424 172109650024
17 5 11 22 5 17 68431168789027 79541516078
17 5 14 22 5 20 68431196244276 79514075037
16 0 0 12 20 19 68454027777622 372864360642
16 0 9 12 20 6 68454028221082 222503780920
16 0 6 12 19 22 68471484443286 137762509712
16 11 10 12 19 19 68471484443286 222128854082
14 6 1 9 15 6 68482423116751 283416354396
14 6 9 9 21 14 68482423116751 283416341634
14 7 1 9 15 21 68484393077229 83543697617
14 4 18 9 9 1 68489987036398 89889911799
14 4 10 9 9 8 68489987036398 89889882894
17 10 11 22 1 9 68490597875961 95568943686
17 10 14 22 1 18 68490629396128 95537414442
14 7 8 9 15 3 68496409457967 148719167652
17 10 13 22 5 19 68510710305105 123952564327
17 5 11 22 5 20 68510710319313 58156246482
14 6 11 9 21 20 68531406727995 234432717714
2 14 0 9 3 14 68532832522200 188464757930
17 13 10 22 14 7 68557441188929 478577679911
17 13 1 22 14 9 68561883119260 158028003455
14 7 3 9 15 11 68567936583188 197903186013
14 7 10 9 15 16 68567936774846 77191935531
17 5 10 22 5 0 68568866255847 249395910434
17 5 1 22 5 9 68568866565795 89912382694
17 5 9 22 14 14 68568866565795 169391762211
17 5 13 22 14 5 68571051894405 167203541368
14 4 10 9 9 1 68579876948197 42732594377
17 10 11 22 1 18 68586166819647 45424576174
14 4 9 9 9 10 68588461923624 166770184105
2 14 14 9 3 4 68598297622448 281446506442
2 14 2 9 3 15 68598297659708 122999774356
17 10 10 22 1 4 68606660715006 211601782068
16 0 7 12 19 22 68609246952998 289788592803
16 0 6 12 20 16 68609246952998 289788572919
14 4 15 9 9 2 68622609542574 42732699194
17 10 9 22 5 5 68631591395821 127024233990
17 10 1 22 1 8 68631591395821 76317089700
17 10 13 22 5 20 68634662869432 123952702288
14 7 10 9 15 5 68645128710377 101985707523
14 7 8 9 15 16 68645128710377 101985675793
16 11 2 12 16 20 68651583931765 132078738587
16 11 14 12 19 6 68651584249704 240798836242
17 5 18 22 5 9 68658778948489 189134931023
17 5 1 22 14 1 68658778948489 189134931011
14 4 15 9 9 8 68665342241768 89890098342
14 4 16 9 9 2 68665342241768 89890121473
16 0 1 12 20 6 68676532002002 222503544331
14 6 0 9 21 9 68689264680597 392292603132
16 11 10 12 19 14 68693613297368 222129197481
17 10 18 22 1 8 68707908485521 160535668753
17 10 1 22 5 19 68707908485521 160535668739
17 13 18 22 14 9 68719911122715 158033254444
2 14 2 9 3 0 68721297434064 149077491002
2 14 0 9 3 15 68721297434064 149077413566
16 10 14 12 9 9 68727857194663 538433761316
16 10 17 12 9 22 68727857198998 538595900123
16 10 16 12 9 12 68727857198998 549024991741
17 5 13 22 14 14 68738258328006 80004018729
14 7 8 9 15 5 68747114417900 48482941860
14 4 15 9 9 10 68755232340110 72430845695
14 4 16 9 9 8 68755232363241 65714334389
17 10 13 22 5 5 68758615629811 59647047030
14 6 9 9 21 3 68765839458385 179177662510
14 6 1 9 21 14 68765839471147 179239455326
14 7 3 9 15 6 68765839769201 180226159111
16 11 0 12 16 6 68783662670352 132078930618
14 7 14 9 15 0 68795597359760 48483029521
17 5 14 22 14 14 68818262346735 59783461147
17 10 14 22 5 5 68818262676841 63249234858
17 10 13 22 5 0 68818262676841 165334110479
14 4 13 9 9 9 68820946697630 117188635665
14 11 4 9 9 8 68820946697630 168045087272
16 0 0 12 20 9 68826892138264 372865252790
14 4 16 9 9 10 68827663185805 113830939784
14 4 15 9 9 11 68827663185805 227661235876
14 7 14 9 15 16 68844080389281 101985772205
14 7 0 9 15 0 68844080389281 101985804232
17 5 18 22 14 1 68847913879512 89912525383
17 10 18 22 5 19 68868444154274 76316962868
2 14 0 9 3 0 68870374925066 70869788064
17 5 13 22 14 17 68877944377159 158074750990
17 5 1 22 14 4 68878045807882 59780612860
2 14 14 9 3 16 68879744128890 281447746771
17 10 1 22 5 14 68881511911699 63249166588
16 11 2 12 19 6 68892383085946 240798178426
16 0 7 12 20 16 68899035545801 170542929986
16 0 6 12 20 19 68899035546333 170476977573
16 11 11 12 16 6 68915741600970 217439727507
16 11 10 12 19 9 68915742494849 396053695382
16 11 0 12 19 16 68915742494849 217439676507
17 5 1 22 14 5 68937826420742 71912709062
17 5 18 22 14 4 68937826420742 71912667414
14 4 1 9 9 9 68938135333295 117189197511
2 14 6 9 3 12 68941244713130 70870026926
14 4 13 9 9 10 68941494125589 113830362036
17 10 1 22 5 20 68944761078287 69191766835
17 10 18 22 5 14 68944761117142 69191670197
14 6 9 9 21 7 68945017120895 179244734656
14 6 1 9 21 3 68945078926473 179182990595
14 7 14 9 15 6 68946066161486 77343662065
14 7 0 9 15 16 68946066193513 77343616089
17 10 13 22 5 9 68983596787320 165334027666
14 11 5 9 9 8 68988991784902 168043550430
17 5 18 22 14 5 69009739129804 34186417954
2 14 6 9 3 15 69012114740056 149077302677
2 14 11 9 3 12 69012114740056 149077352068
17 10 18 22 5 20 69013952845122 32893091133
14 7 4 9 15 11 69023409809602 106070071309
14 7 0 9 15 6 69023409823551 106120449871
14 7 14 9 15 1 69023409823551 159140480114
17 5 13 22 14 7 69036019128149 114002326664
17 5 5 22 14 18 69043925547758 34186513514
17 10 5 22 5 6 69046845936255 32893246974
14 4 0 9 9 11 69055324487625 89918065731
14 4 1 9 9 10 69055324530806 89480704864
16 0 6 12 20 20 69069512523906 170522844175
16 0 7 12 20 19 69069578475787 170456933853
17 5 5 22 14 4 69078112061272 71912537985
17 5 10 22 14 18 69078112061272 71912584751
17 10 5 22 5 14 69079739183229 69191869573
17 10 10 22 5 6 69079739183229 69191902762
14 6 0 9 21 15 69081557283729 392293745158
16 10 10 12 22 6 69099059030482 726844287182
14 6 1 9 21 7 69124261917068 85193123074
14 7 1 9 15 11 69129479880911 106095798592
14 7 4 9 15 6 69129530273422 106097516321
16 11 0 12 19 19 69133182171356 145431840390
16 11 11 12 19 16 69133182171356 145480012441
14 4 18 9 9 14 69144805235670 196885380041
14 11 4 9 9 10 69144805235670 180273347717
14 4 16 9 9 11 69145242553356 89918120216
17 10 5 22 5 9 69148931052802 55800922098
17 10 10 22 5 14 69148931085991 55800872261
17 5 13 22 7 12 69150021454813 254573954710
17 5 5 22 14 7 69150024599257 60680299961
17 5 10 22 14 4 69150024646023 60680255294
14 11 2 9 9 8 69157035335332 168043296880
2 14 6 9 3 16 69161192042733 114727625634
2 14 11 9 3 15 69161192092124 114727553539
14 7 0 9 15 1 69182550303665 159140507684
16 0 0 12 20 22 69199757391054 372865626246
17 10 14 22 5 0 69204731958252 73827845624
17 10 10 22 5 9 69204731974900 73852656571
17 10 5 22 5 18 69204731974900 128478877174
14 6 6 9 21 13 69209455040142 85192973052
17 5 5 22 14 20 69210704899218 93748005511
17 5 14 22 14 17 69210704901317 93747724911
17 5 10 22 14 7 69210704901317 93747902792
14 11 11 9 9 6 69235160673572 89918015263
14 4 9 9 15 20 69235575679503 106115061944
14 7 1 9 15 6 69235627789743 106063060277
16 0 7 12 20 20 69240035409640 81049157119
16 10 2 12 9 9 69266290955979 538594801289
16 10 14 12 9 22 69266453099121 538432597688
2 14 15 9 3 4 69275919645663 156134600098
2 14 11 9 3 16 69275919668367 156193119356
2 14 6 9 3 5 69275919668367 241605084659
16 10 17 12 9 12 69276882190739 549022896396
17 10 11 22 5 0 69278559803876 73855328530
17 10 14 22 5 9 69278584631471 73830493611
16 11 0 12 19 20 69278614011746 145482954786
16 11 11 12 19 19 69278662183797 145434772694
14 6 6 9 21 3 69294648013194 179206780372
14 6 7 9 21 13 69294648013194 179206851000
17 5 11 22 14 17 69304452626228 100146085557
17 5 14 22 14 7 69304452804109 100145888461
17 5 10 22 14 20 69304452904729 83066088099
16 11 10 12 19 22 69311796190231 396053772718
16 0 4 12 20 10 69321084566759 81049104257
14 11 4 9 9 12 69325078583387 223085454594
14 11 9 9 9 6 69325078688835 110369497749
14 11 11 9 9 10 69325078688835 110333369315
17 10 10 22 5 18 69333210852074 128478622197
14 4 10 9 9 14 69341690615711 206472841415
14 4 13 9 15 20 69341690741447 116397545206
14 4 9 9 15 3 69341690811349 232794829560
14 7 10 9 15 9 69341690850020 139644193437
14 4 18 9 15 14 69341690850020 206472309482
17 10 11 22 5 9 69352415132406 35103901450
17 10 1 22 5 22 69387519033856 37085264429
17 10 9 22 14 5 69387519033856 74170511159
16 0 4 12 20 19 69402133671016 170489830218
16 0 11 12 20 10 69402133671016 170489897417
17 5 13 22 7 5 69404595409523 389547255166
17 5 14 22 7 12 69404598692570 236608225140
17 5 11 22 14 7 69404598711785 57090791928
16 11 11 12 19 20 69424096966532 69148300526
17 10 18 22 5 22 69424604298285 37085371311
2 14 12 9 3 4 69432054245761 156180636421
2 14 15 9 3 16 69432112787723 156122206635
14 11 11 9 9 19 69435412058150 110369032151
14 11 9 9 9 10 69435448186584 110332957124
14 4 1 9 15 20 69458088286653 116397495936
17 5 1 22 14 13 69461689503713 134081247546
17 10 9 22 14 7 69461689545015 53249784239
17 14 1 22 21 8 69461689669596 42455740399
17 14 8 22 21 13 69461689669596 119226145135
17 10 6 22 14 5 69461689669596 149198689023
14 6 6 9 21 15 69473854793566 142166787928
14 6 7 9 21 3 69473854864194 142166668095
14 7 8 9 15 9 69481335043457 139644104573
16 11 16 12 19 10 69493245267058 69148466628
17 14 2 22 21 8 69504145409995 66722427949
17 14 1 22 21 3 69504145409995 133444636794
17 10 14 22 14 7 69514939329254 83685953043
17 10 9 22 14 9 69514939329254 167371636162
2 14 11 9 3 5 69517524753026 241605525976
14 11 9 9 9 19 69545781143708 52459466685
14 4 10 9 15 14 69548163457126 100386733907
14 11 4 9 9 14 69548164037981 212887151300
16 11 16 12 19 19 69562393733686 145456417133
16 11 17 12 19 10 69562393733686 145456514687
17 14 18 22 21 8 69570867837944 66722403023
16 0 4 12 20 22 69572623501234 135227500235
16 0 11 12 20 19 69572623568433 135226804224
14 4 18 9 15 3 69574485782589 74064157723
17 14 6 22 21 13 69580915814731 119226202617
2 15 14 9 3 12 69588234882182 182046853147
2 14 12 9 3 16 69588234994358 136535748483
17 5 18 22 14 13 69595770751259 282044837048
17 5 1 22 7 19 69595770751259 282044819288
14 11 15 9 9 21 69598240610393 52459682689
17 10 18 22 14 7 69598625282297 83685886828
17 10 15 22 14 5 69610888358619 149197999143
14 6 4 9 21 9 69616021532289 182430043622
14 6 7 9 21 15 69616021581494 182551244593
14 6 6 9 21 21 69616021581494 365058727413
14 4 9 9 15 9 69620979148030 139643925346
17 14 1 22 21 21 69637590046789 152745932843
17 14 8 22 21 3 69637590240967 62551878690
17 5 11 22 7 12 69641206917710 236608635899
14 4 18 9 15 7 69648549940312 85305817291
14 4 10 9 15 3 69648550191033 85305748623
14 11 15 9 9 10 69650700293082 110351120501
14 11 1 9 9 21 69650700293082 110351159116
17 10 9 22 14 11 69682310965416 195505149216
17 10 6 22 14 9 69682311169125 77775157243
17 14 8 22 21 15 69700142119657 82330766037
17 14 6 22 21 3 69700142119657 82330739342
16 11 16 12 19 22 69707850150819 124159343933
16 11 17 12 19 19 69707850248373 124159197102
16 0 9 12 20 9 69707850372657 202865607443
16 11 10 12 20 19 69707850372657 405803852807
16 0 11 12 20 22 69707851001469 202932771080
16 0 4 12 20 12 69707851001469 428916908390
2 14 2 9 3 18 69724770742841 136535472501
14 4 10 9 15 7 69733855939656 40553352204
2 15 2 9 3 6 69759130279002 241605228613
17 10 6 22 14 18 69760086326368 102600363942
17 10 15 22 14 9 69760086357762 102600331893
14 4 9 9 15 15 69760623073376 139644785463
14 11 15 9 9 14 69761051413583 85319496269
14 11 1 9 9 10 69761051452198 85319427793
2 15 15 9 3 12 69770281735329 182048197563
14 4 15 9 15 13 69774409291860 40553321264
17 14 6 22 21 15 69782472885694 39139205275
17 14 1 22 21 16 69790335979632 152745964269
17 5 13 22 7 21 69794142664689 389547516403
14 6 11 9 21 9 69798451575911 182628818451
14 6 4 9 21 15 69798572826087 182507530002
16 10 2 12 9 22 69804885757268 256003835814
14 4 15 9 15 3 69814962613124 85305608035
14 4 16 9 15 13 69814962613124 85305632742
17 14 12 22 21 10 69821612090969 39139250742
16 10 10 12 22 19 69825903317664 795254288450
16 10 14 12 22 6 69825905087135 514750507734
16 11 14 12 19 9 69832009445475 157937062843
16 11 17 12 19 22 69832009494752 157989744489
16 11 16 12 19 12 69832009494752 329951963754
14 11 5 9 9 12 69846370879991 109499055811
14 11 1 9 9 14 69846370909852 109534934978
14 11 15 9 9 16 69846370909852 219034188826
17 14 12 22 21 3 69860751341711 82330835128
17 14 17 22 21 10 69860751341711 82330856758
2 14 0 9 3 18 69861306215342 136535491205
17 10 15 22 14 18 69862686690310 48775006535
17 5 1 22 7 5 69877815570547 175992844965
17 5 18 22 7 19 69877815588307 176050761697
17 10 9 22 14 13 69877816114632 185020890734
14 4 15 9 15 15 69900268221159 63547437654
14 4 16 9 15 3 69900268245866 63547391364
16 0 1 12 20 9 69910715980100 202938248400
16 0 9 12 20 22 69910783772549 202870455333
17 10 7 22 14 20 69911461696845 48775165770
17 14 12 22 21 16 69943082176839 66206828034
17 14 17 22 21 3 69943082198469 60298955004
2 15 12 9 3 12 69952329932892 182047274382
14 11 2 9 9 12 69955869935802 109535210156
14 11 5 9 9 14 69955905844830 109499285005
17 10 7 22 14 9 69960236862615 102600375435
17 10 13 22 14 20 69960236862615 102600408490
14 4 13 9 15 9 69963815637230 81557199546
14 4 16 9 15 15 69963815658813 81584342902
14 4 15 9 15 21 69963815658813 163141322812
14 6 10 9 21 21 69981080356089 177465254355
14 6 11 9 21 15 69981080394362 118310391981
16 11 2 12 19 9 69989946508318 157990707341
16 11 14 12 19 22 69989999239241 157937966145
2 15 14 9 3 18 69997841706547 136535525946
2 15 0 9 3 6 70000735507615 241605043993
17 14 2 22 21 21 70003381153473 107001968489
17 11 14 22 21 3 70003381153473 155270528838
17 14 17 22 21 16 70009289004873 104049245191
17 14 12 22 21 11 70009289004873 208097653425
14 4 1 9 15 9 70045372836776 81584178845
14 4 13 9 15 15 70045400001715 81557015300
17 5 1 22 7 8 70053808415512 176052031278
17 5 18 22 7 5 70053866350004 175994151157
16 10 0 12 9 5 70060889593082 256004348436
17 10 7 22 14 13 70062837238050 78165804681
17 10 13 22 14 9 70062837271105 78165757417
14 11 16 9 9 16 70065405129835 136742146858
14 11 2 9 9 14 70065405145958 61551921826
14 6 9 9 21 16 70099390786343 118310252454
17 14 18 22 21 21 70110383121962 107003636833
17 14 2 22 21 16 70113338250064 104048472942
16 0 1 12 20 22 70113654228500 109377625970
16 11 10 12 20 4 70113654228500 278173847638
14 4 1 9 15 15 70126957017015 69685004407
14 4 0 9 15 21 70126957017015 104527253753
14 11 11 9 9 22 70126957067784 104527655581
14 11 0 9 15 13 70126957067784 75190324808
2 15 14 9 3 1 70134377232493 275295892864
2 15 2 9 3 18 70134377232493 107963434873
16 0 11 12 20 12 70136767909859 428916710632
17 10 14 22 14 11 70141003028522 107197942466
17 10 13 22 14 13 70141003042731 107249324609
17 10 7 22 14 15 70141003042731 160832585115
16 11 2 12 19 22 70147937215659 75094627664
14 6 7 9 21 21 70158545610444 177465122675
17 11 0 22 21 3 70158651682311 155270619247
16 11 17 12 19 12 70161961458506 329952679721
17 5 13 22 7 14 70183690181092 389547894250
14 4 18 9 15 16 70196642021422 69684784437
14 11 1 9 9 16 70202147276693 213505600611
14 11 4 9 15 13 70202147392592 106752751201
14 11 0 9 15 3 70202147392592 167745444056
17 14 13 22 21 11 70217386723006 83936057362
17 14 18 22 21 16 70217386758795 80064519850
14 6 1 9 21 16 70217701038797 118310099036
16 11 0 12 19 5 70223031843323 99297322689
16 0 6 12 20 5 70223031854470 171326456081
16 11 13 12 20 22 70223031854470 168796333490
17 5 18 22 7 8 70229860501161 83679421735
14 11 9 9 9 22 70231484723365 104527029464
14 4 16 9 15 21 70231484270768 104527358228
2 15 2 9 3 22 70242340667366 150003708212
2 15 0 9 3 18 70242340667366 150003674157
17 10 18 22 14 11 70248200970988 107222599610
17 10 14 22 14 13 70248252367340 107226475079
14 4 10 9 15 16 70266326805859 69684908053
17 14 8 22 21 19 70297451278645 165217159599
17 11 14 22 21 16 70297451278645 171742457673
17 14 17 22 21 11 70301322780368 83935736765
17 10 13 22 14 15 70301835627846 160832594957
14 11 11 9 15 13 70308900143793 106752900398
17 5 5 22 7 1 70313539922896 83679191258
17 11 4 22 21 3 70313922301558 155271501484
16 10 11 12 9 5 70316893941518 538513433067
16 10 0 12 22 16 70316893941518 538513375515
16 11 11 12 19 5 70322329166012 208875447682
16 11 0 12 20 19 70322329166012 208875447723
14 10 0 9 21 10 70336011713912 36633111652
14 10 9 9 21 6 70336011713912 102874749382
14 11 9 9 15 0 70336011752829 79641285504
16 10 2 12 22 6 70340655594869 514751763779
17 14 1 22 14 12 70355423570598 107244470458
17 10 18 22 14 13 70355478842419 107189419710
14 11 0 9 15 16 70369892836648 167745135415
14 10 4 9 21 10 70372644825564 57571802905
14 10 0 9 21 14 70372644825564 115143388613
17 11 11 22 21 13 70385258517133 83935347622
16 11 10 12 20 22 70391828187960 100086124222
2 15 0 9 3 22 70392344375578 71310272454
16 0 7 12 20 5 70394358310551 171326597685
17 5 5 22 7 5 70397219114154 176022478458
17 5 10 22 7 1 70397219114154 176022548874
2 15 14 9 3 7 70409673125357 275295582775
14 11 1 9 15 0 70415653038333 73347128658
14 11 9 9 15 3 70415653044191 73322775680
14 10 11 9 21 10 70430216628469 57571763404
14 10 1 9 21 6 70438886463294 102874859884
17 14 2 22 14 12 70462668041056 113444004588
17 14 1 22 14 5 70462668222803 226887577117
17 10 6 22 14 21 70462668262129 135700864996
17 14 6 22 21 19 70462668438244 202707318368
17 14 8 22 14 19 70462668438244 202707223614
2 15 6 9 3 5 70463654648032 71310627338
17 11 14 22 21 6 70469193736318 204938626697
17 11 1 22 21 13 70469193864755 103762867922
17 11 11 22 21 16 70469193864755 103728019902
14 10 0 9 21 18 70487788214177 131797786300
14 10 9 9 21 14 70487788391873 53973331550
14 11 9 9 15 4 70488975819871 73347400707
14 11 1 9 15 3 70489000166991 73323065339
16 11 14 12 20 22 70491914312182 73770561943
16 11 11 12 20 19 70531204613735 99297329089
2 15 6 9 3 18 70534965275370 150003582137
2 15 11 9 3 5 70534965275370 150003630106
14 11 0 9 15 6 70537637972063 167745097234
14 10 9 9 21 9 70541761723423 71039642280
14 10 1 9 21 14 70541761723423 71039618794
14 11 1 9 15 4 70562323232330 34862487406
16 11 0 12 20 2 70565684874125 64817076166
16 11 10 12 20 5 70565684908236 148305665517
17 11 11 22 21 17 70572921884657 103761708033
17 11 1 22 21 16 70572956732677 103726908364
17 5 5 22 7 14 70573241592612 139935317333
17 5 10 22 7 5 70573241663028 139935198333
17 14 18 22 14 12 70576112045644 113443892737
14 11 6 9 15 17 70597185719736 34862664495
17 10 15 22 14 21 70598369127125 135700284200
14 10 1 9 21 9 70612801365703 33771647313
14 10 0 9 21 22 70619586000477 131797753734
16 10 10 12 22 9 70621157606114 795257110672
16 11 0 12 20 4 70630501950291 78553571077
16 11 11 12 20 2 70630501950291 78553528220
14 11 6 9 15 3 70632048384231 73334926438
14 11 7 9 15 17 70632048384231 73334959320
14 10 6 9 21 13 70646573013016 33771507683
17 14 6 22 14 19 70665375756612 96365139769
17 11 14 22 21 19 70674132363015 204937981071
17 11 1 22 21 17 70676683641041 49319760173
14 10 6 9 21 14 70680344520699 71039469466
14 10 7 9 21 13 70680344520699 71039493484
2 15 6 9 3 7 70684968857507 114727059657
2 15 11 9 3 18 70684968905476 114726963388
17 14 8 22 14 5 70689555938381 72184741911
14 11 6 9 15 6 70705383310669 58667591374
14 11 7 9 15 3 70705383343551 58667498788
16 11 11 12 20 4 70709055521368 37343615739
17 5 14 22 7 21 70713176861361 179592448666
17 5 10 22 7 14 70713176909945 179650193368
17 5 5 22 7 7 70713176909945 359244204778
16 11 10 12 20 8 70713990573753 148305622732
17 11 12 22 21 7 70726003401214 49320350489
17 14 1 22 14 21 70734069411325 135700290600
16 11 16 12 20 7 70746399137107 37343611603
14 10 6 9 21 22 70751383990165 54681132050
14 10 7 9 21 14 70751384014183 54246776338
17 14 8 22 14 8 70761740680292 82598392616
17 14 6 22 14 5 70761740896381 82598321976
14 11 4 9 15 16 70764050842339 82749009970
2 14 10 9 15 3 70764050842339 396418380234
14 11 7 9 15 6 70764050902043 82777214247
14 11 6 9 15 19 70764050902043 165525397339
17 11 12 22 21 16 70775323751703 103746816811
17 11 18 22 21 7 70775323751703 103746854317
16 11 16 12 20 2 70783742748710 78553651901
16 11 17 12 20 7 70783742748710 78553679512
2 15 15 9 3 1 70799695868864 143295640790
2 15 11 9 3 7 70799695917164 143380764902
2 15 6 9 3 13 70799695917164 328728836219
14 7 0 9 21 14 70805630790521 167192932995
14 10 4 9 21 18 70805630790521 86148488540
14 10 7 9 21 22 70806065122215 85934888663
14 10 6 9 21 3 70806065122215 171866700196
17 14 6 22 14 8 70844339218357 39266384932
14 11 11 9 15 16 70846799852309 82776518870
14 11 4 9 15 6 70846828116290 82748238993
16 10 0 12 22 19 70855407358648 343231313719
16 10 11 12 22 16 70855407374585 343341160699
16 11 16 12 20 8 70862296400611 60453525736
16 11 17 12 20 2 70862296428222 60453481799
17 14 1 22 14 14 70869769701925 135700269360
17 11 12 22 21 19 70879070568514 80614870089
17 11 18 22 21 16 70879070606020 80614804106
17 14 12 22 14 1 70883605603289 39266359003
14 10 11 9 21 18 70891779279061 86152320473
14 10 4 9 21 22 70892000010878 85931865684
17 5 11 22 7 21 70892769310027 179651889695
17 5 14 22 7 14 70892827103313 179594058794
16 11 14 12 20 5 70922749910021 80272848271
16 11 17 12 20 8 70922749926347 80298970252
16 11 16 12 20 11 70922749926347 137536736229
17 14 12 22 14 5 70922871962292 82598334829
17 14 17 22 14 1 70922871962292 82598358874
14 11 10 9 15 19 70929576355283 80485176546
14 11 11 9 15 6 70929576371179 53656787475
2 15 12 9 3 1 70942991509654 143322318502
2 15 15 9 3 7 70943076682066 143358638207
17 11 0 22 21 6 70959685410126 103460537618
17 11 18 22 21 19 70959685438603 103494579198
17 11 12 22 21 9 70959685438603 206955270192
14 7 9 9 21 14 70972823723516 167193505875
14 7 0 9 21 20 70977931599534 89825930207
14 10 11 9 21 22 70977931876562 147949891368
14 10 10 9 21 3 70977931876562 89825695888
14 11 9 9 15 12 70983233158654 53656757317
16 11 2 12 20 5 71003022758292 80299160901
16 11 14 12 20 8 71003048896599 80273013991
17 14 12 22 14 14 71005470297121 61583872202
17 14 17 22 14 5 71005470321166 61583826999
14 11 7 9 15 19 71010061531829 80485216605
14 11 1 9 15 12 71036889915971 53656912754
16 11 17 12 20 11 71060286662576 137536609035
17 11 4 22 21 6 71063145947744 103494810680
17 11 0 22 21 19 71063180017801 103460725103
17 14 2 22 14 21 71067054148165 79037780798
17 14 17 22 14 14 71067054169323 79064257052
17 14 12 22 14 7 71067054169323 158100162523
14 7 4 9 21 20 71067757529741 89825593279
14 10 7 9 21 3 71067757572450 89825777098
17 5 6 22 7 7 71072421162107 174678853284
17 5 11 22 7 14 71072421199722 116453732278
16 11 2 12 20 8 71083321919193 38167174176
2 12 14 9 3 5 71086313828156 143476215883
2 15 12 9 3 7 71086435320273 143354718229
14 9 0 9 16 20 71090546828725 84601379895
14 9 9 9 16 14 71090546828725 237583251408
2 14 14 9 15 14 71090546828725 69922708001
16 11 0 12 20 20 71121489093369 38167202598
14 10 9 9 21 15 71125881767930 147950237388
2 15 7 9 3 13 71128424753383 328726315686
14 7 1 9 21 14 71140017229391 167193608921
17 14 18 22 14 21 71146091928963 79062443862
17 14 2 22 14 14 71146118426375 79035944536
14 7 11 9 21 20 71157583123020 89825941382
14 7 0 9 21 3 71157583349548 89825682710
16 11 11 12 20 20 71159656295967 38167175854
2 14 14 9 15 3 71160469536726 86381496292
2 14 2 9 15 14 71160469536726 198973007556
17 11 17 22 21 9 71166640742904 127569362437
17 11 4 22 21 19 71166640758424 58513669104
14 9 4 9 16 20 71175148208620 132958707820
14 9 0 9 16 3 71175148208620 265917062246
17 5 1 22 7 9 71188874932000 116453686977
16 16 13 12 10 6 71197823471821 60453578695
16 16 10 12 10 16 71197823471821 60453564480
16 10 0 12 22 20 71198638672367 343354622780
16 10 11 12 22 19 71198748535284 343244786130
17 14 13 22 14 7 71225154370911 98312746886
17 14 18 22 14 14 71225154372825 65541964361
17 11 11 22 21 2 71225154427528 98312631296
17 11 13 22 14 1 71225154427528 77000606522
2 15 2 9 3 8 71229790038502 442410099834
2 12 14 9 3 0 71229790044039 121502133804
2 12 2 9 3 5 71229790044039 312451992980
2 14 15 9 15 3 71246851033018 181706638860
2 14 14 9 15 15 71246851033018 181706599684
17 5 10 22 7 7 71247100015391 174679099221
14 7 0 9 21 9 71247409032258 174373196968
14 7 9 9 21 3 71247409064402 59801940873
16 16 0 12 10 16 71258277036301 99308151179
16 16 10 12 10 6 71258277050516 43113477947
14 10 1 9 21 15 71273832005318 147950071193
17 14 8 22 14 9 71290696337186 65541844526
17 11 18 22 21 9 71294210105341 127569575236
16 16 14 12 10 6 71301390528463 90690419836
16 16 10 12 10 19 71301390528463 90690399291
17 11 14 22 14 1 71302155034050 121288447262
17 11 13 22 14 5 71302155034050 240985660482
17 5 18 22 7 9 71305328618977 116454389834
14 7 9 9 21 7 71307211005275 88799523993
14 7 1 9 21 3 71307211005275 88799509288
14 9 11 9 16 20 71308106916440 132958668622
17 11 1 22 21 2 71323467058824 98312719202
17 14 17 22 14 7 71323467117797 98312855843
14 9 1 9 16 14 71328130080133 237584021707
2 12 15 9 3 0 71351292177843 190949818082
2 12 14 9 3 18 71351292177843 381899727805
17 14 6 22 14 9 71356238181712 65541921886
16 16 11 12 10 16 71357585187480 99308353233
2 14 0 9 15 14 71359442544282 198973320596
16 16 10 12 10 9 71392080927754 148303825378
16 16 0 12 10 19 71392080948299 64812605959
14 7 1 9 21 7 71396010529268 42214507780
16 10 10 12 22 22 71416414716786 795255507914
17 11 1 22 14 20 71421779973640 122116609577
17 6 13 22 7 16 71421780103598 40980345406
14 0 3 22 6 6 71421782076511 83618496065
14 0 0 22 6 16 71421782076511 83618477121
14 7 0 9 21 15 71421782229226 147456319024
17 6 1 22 7 13 71421783008811 115078891672
17 11 11 22 14 1 71423443481312 121286070182
2 14 14 9 15 4 71428557632702 297139999005
2 14 2 9 15 15 71428557671878 129858165064
14 7 6 9 21 13 71438225037048 42214314331
14 9 0 9 16 9 71441065270866 304380222598
14 9 9 9 16 3 71441065585062 124648607798
16 16 0 12 10 20 71456893554258 78553987265
16 16 11 12 10 19 71456893554258 78553944415
2 15 11 9 3 13 71457151069069 328728209352
17 6 14 22 7 16 71462760449004 64403686570
17 6 13 22 7 19 71462760449004 128807263586
14 7 6 9 21 3 71480439351379 88799387240
14 7 7 9 21 13 71480439351379 88799413251
14 0 9 22 6 16 71505400553632 137361636232
14 0 0 22 6 6 71505400572576 59633632072
17 6 11 22 7 16 71527164135574 64403767116
16 16 11 12 10 20 71535447541523 37343742098
17 6 18 22 7 13 71536861900483 115083288550
16 16 10 12 10 22 71540384753132 148304001516
16 10 11 12 22 20 71541993321414 163195727126
2 12 0 9 3 5 71542242037019 312452077342
2 12 12 9 3 0 71542241995925 190949988529
17 11 13 22 14 9 71543140694532 240990368455
17 11 18 22 14 20 71543896583217 122119244343
17 11 1 22 14 5 71544729551494 121282247031
2 14 2 9 15 0 71558415836942 157389848437
2 14 0 9 15 15 71558415864878 157389767213
14 0 4 22 6 6 71565034204648 125441638704
14 0 0 22 6 19 71565034204648 125441610872
14 9 9 9 16 7 71565714192860 164062317530
14 9 1 9 16 3 71565714192860 164062267416
14 7 6 9 21 15 71569238738619 66376282065
14 7 7 9 21 3 71569238764630 66376239315
16 16 16 12 10 10 71572791283621 37343767119
17 6 13 22 7 22 71591567712590 147437999828
17 6 1 22 7 19 71591567902690 60378266499
16 16 16 12 10 19 71610135050740 78553919250
16 16 17 12 10 10 71610135050740 78554025554
14 7 4 9 21 9 71635615003945 88137555318
14 7 7 9 21 15 71635615020684 88165638722
14 7 6 9 21 21 71635615020684 151011598218
14 0 1 22 6 16 71642762189864 137361555315
17 6 1 22 7 21 71651946169189 79469959287
17 6 18 22 7 19 71651946169189 79469933464
17 11 1 22 14 0 71666011798525 121701511878
17 11 18 22 14 5 71666015827560 121697405463
2 15 0 9 3 8 71672200138336 442410512740
16 16 10 12 19 20 71688688754648 225079535437
16 16 16 12 10 22 71688688969990 71681616485
16 16 17 12 10 19 71688689076294 71681363931
14 0 0 22 6 9 71690475815520 205131490766
14 0 9 22 6 19 71690475843352 89647898995
16 10 16 12 22 10 71705189048540 163195093159
2 14 0 9 15 0 71715805685379 74821411689
14 7 11 9 21 9 71723752559263 88166304404
14 7 4 9 21 15 71723780659406 88138193803
2 14 14 9 15 16 71725697631707 297140581219
14 9 1 9 16 7 71729776510390 77993336545
17 6 18 22 7 21 71731416128476 37779150486
2 12 2 9 3 18 71733191984454 121502201457
17 6 13 22 7 2 71739005712418 147438310147
14 9 0 9 16 15 71745445493464 304379894266
16 17 10 12 10 19 71760370440225 273744635729
16 16 14 12 10 9 71760370440225 112969676747
16 16 17 12 10 22 71760370586475 113006501830
16 16 16 12 10 12 71760370586475 189237859009
17 6 5 22 7 1 71769195278962 37779163848
14 0 9 22 6 20 71780123742347 108654840401
14 0 1 22 6 19 71780123745179 108654782656
17 11 13 22 14 13 71784131062987 240990297296
2 12 14 9 3 13 71785879278421 328731307757
14 7 7 9 21 21 71786626618902 151011487880
17 11 18 22 14 0 71787713310403 57854583777
2 14 6 9 15 12 71790627097068 74821589850
17 6 5 22 7 19 71806974442810 79469814263
17 6 10 22 7 1 71806974442810 79469840570
14 9 6 9 16 13 71807769846935 77993496040
14 7 11 9 21 15 71811918863667 41906476818
17 11 5 22 14 4 71845567894180 57854545313
14 7 9 9 21 16 71853825340485 41906518370
2 12 2 9 3 7 71854694185911 176168251924
2 12 0 9 3 18 71854694185911 176168220612
2 14 6 9 15 15 71865448686918 157389916130
2 14 11 9 15 12 71865448686918 157390397542
16 10 16 12 22 19 71868384141699 343287121596
16 10 17 12 22 10 71868384141699 343287260011
16 16 2 12 10 9 71873340116972 113007737038
16 16 14 12 10 22 71873377088305 112970763219
14 9 6 9 16 3 71885763342975 164062271297
14 9 7 9 16 13 71885763342975 164062314622
17 6 5 22 7 2 71886444257073 61231622783
17 6 10 22 7 19 71886444283380 60623612889
14 0 1 22 6 20 71888778582748 51653293566
14 0 0 22 6 22 71895607306286 205132395077
14 7 1 9 21 16 71895731858855 41906448586
17 11 5 22 14 5 71903422439493 121699153993
17 11 10 22 14 4 71903422439493 121699197590
16 16 10 12 19 21 71913768290085 225077305297
2 2 14 9 14 3 71937638307441 44646122698
2 2 2 9 14 14 71937638307441 125377487021
14 0 6 22 6 10 71940431876314 51653307890
17 10 13 22 7 19 71947067896269 185937883577
17 6 14 22 7 22 71947067896269 96529633466
17 6 10 22 7 2 71947675879856 96229483080
17 6 5 22 7 5 71947675879856 192455858759
16 16 17 12 10 12 71949608445484 189237464864
2 2 15 9 14 3 71982284430139 70164774266
2 2 14 9 14 15 71982284430139 140329083200
16 16 2 12 10 22 71986347854010 53713898482
14 0 6 22 6 19 71992085184204 108654687528
14 0 7 22 6 10 71992085184204 108654724509
2 14 14 9 4 14 72022838212926 350030820490
2 14 6 9 15 16 72022838603048 151036334111
2 14 11 9 15 15 72022839084460 151035831443
17 11 5 22 14 13 72025121593486 94613669002
17 11 10 22 14 5 72025121637083 94613592366
2 12 0 9 3 7 72030862437835 83748497693
16 17 0 12 10 19 72034115075954 273747755781
16 16 0 12 10 5 72040061752492 131740874784
16 17 10 12 10 22 72040061752492 98792496543
17 6 11 22 7 22 72043597529735 96533887976
17 6 14 22 7 2 72043905362936 96226429577
14 9 6 9 16 15 72049825614272 130334848814
14 9 7 9 16 3 72049825657597 121521870003
2 2 12 9 14 3 72052449204405 70164509563
2 2 0 9 14 14 72063015794462 125377278547
14 0 6 22 6 22 72100739871732 83618533894
14 0 7 22 6 19 72100739908713 83618479945
2 12 14 9 3 8 72114610651076 233180821882
2 12 6 9 3 2 72114610935528 75134101336
17 11 14 22 14 9 72119735229449 121427057699
17 11 10 22 14 13 72119735262488 121466763643
17 11 5 22 14 17 72119735262488 242896244179
2 2 14 9 14 4 72122613513339 160626955035
2 2 2 9 14 15 72122613713968 65779459806
17 10 1 22 7 19 72133005779846 185939001096
16 16 10 12 19 22 72138845595382 303356350430
16 16 14 12 19 21 72138845910348 155039887897
16 17 14 12 10 22 72138854249035 155035636389
16 17 10 12 10 2 72138854249035 310070806396
17 10 13 22 7 12 72140131417711 99945563637
17 6 11 22 7 2 72140131792513 169306293021
17 6 6 22 7 5 72140131792513 99945499233
14 9 4 9 16 9 72171347527600 209236392217
14 1 0 9 16 3 72171347527600 327056388672
16 16 11 12 10 5 72171802627276 277122324280
16 16 0 12 19 20 72171802627276 277122332205
2 14 15 9 15 4 72173874915903 216912947807
2 14 11 9 15 16 72173874937159 216983430207
2 14 6 9 15 5 72173874937159 274512696442
14 9 7 9 16 15 72180160463086 204831060740
14 9 6 9 16 21 72180160463086 409661093241
14 0 4 22 6 9 72184358388658 113790286148
14 0 7 22 6 22 72184358405626 113830396343
14 0 6 22 6 12 72184358405626 176092481403
2 2 2 9 14 0 72188393173774 86578727560
2 2 0 9 14 15 72188393173774 86578699758
2 12 6 9 3 18 72189745036864 158046718335
2 12 11 9 3 2 72189745036864 158046755751
16 10 16 12 22 22 72211671263295 275279953694
16 10 17 12 22 19 72211671401710 275279662882
17 6 10 22 7 5 72240077291746 99945396277
17 10 14 22 7 12 72240076981348 99945602700
17 11 11 22 14 9 72241162287148 121469297603
17 11 14 22 14 13 72241202026131 121429531611
2 2 0 9 14 0 72274971901334 41158711164
2 2 14 9 14 16 72283240468374 160627201135
16 16 2 12 19 21 72293885798245 155040035204
16 17 2 12 10 22 72293889885424 155035333696
14 0 11 22 6 9 72298148674806 113834463379
14 0 4 22 6 22 72298188801969 113794419650
16 17 11 12 10 19 72307862831735 273747108356
17 6 1 22 7 14 72309438085534 169306338840
2 2 6 9 14 12 72316130612498 41158573770
17 10 18 22 7 19 72318944780942 185938870865
17 10 11 22 7 12 72340022584048 99945391392
17 10 13 22 7 5 72340022688023 99945254322
2 12 6 9 3 8 72347791755199 114727181465
2 12 11 9 3 18 72347791792615 114727118406
2 2 6 9 14 15 72357289186268 86578716979
2 2 11 9 14 12 72357289186268 86578744982
14 0 7 22 6 12 72360450887029 176092102237
17 11 6 22 14 17 72362631557742 118105185860
17 11 11 22 14 13 72362631584751 78736807996
2 14 14 9 4 3 72372869033416 350030866660
14 9 11 9 16 9 72380583919817 209237590061
14 9 4 9 16 15 72384991523826 204829989569
2 14 12 9 15 4 72390787863710 216983779332
2 14 15 9 15 16 72390858367366 216913256867
14 4 0 22 6 10 72411983138185 132684819133
14 0 11 22 6 22 72411983221619 99513748387
17 10 13 22 7 21 72439967942345 208082744755
17 10 1 22 7 5 72439967975440 64915842722
17 11 1 22 14 6 72441368392747 78736862273
16 16 10 12 19 0 72442201945812 303358705292
2 2 6 9 14 16 72443867903247 66909149503
2 2 11 9 14 15 72443867931250 65851788188
2 14 11 9 15 5 72448387633601 274512633151
16 16 11 12 19 20 72448924959481 151895654986
16 17 10 12 10 5 72448925055431 331155933469
16 17 0 12 10 2 72448925219120 132684907249
16 16 0 12 19 22 72448925833449 151843415846
2 12 15 9 3 13 72462518911021 152339751897
2 12 11 9 3 8 72462518936664 152389558177
2 12 6 9 3 3 72462518936664 261014363468
17 6 18 22 7 14 72478744424374 169306260157
17 11 10 22 14 17 72480736743602 118105261860
16 10 14 12 22 9 72486951064592 330688111719
16 10 17 12 22 22 72486951216989 330794005363
16 10 16 12 22 12 72486951216989 952201135549
14 1 4 9 16 3 72498403916272 327056649955
17 10 1 22 7 8 72504883818162 97036778175
17 10 18 22 7 5 72504883818162 97036762768
2 2 15 9 14 4 72509719719438 105678368287
2 0 14 9 14 15 72509719719438 199108054849
2 2 11 9 14 16 72510777052750 105152245354
2 2 6 9 14 5 72510777052750 210302107369
14 0 9 22 6 5 72511496970006 99513635013
17 11 18 22 14 6 72520105255020 78736839117
14 4 9 22 6 15 72536542989266 176091797434
14 4 4 22 6 10 72544667957318 132684782075
16 17 0 12 10 4 72581610126369 179487344423
16 17 11 12 10 2 72581610126369 179487297898
14 1 0 9 16 12 72589821509878 562695267166
14 9 11 9 16 15 72589821513395 140673978078
14 9 10 9 16 21 72589821556327 302550728059
17 1 13 22 9 12 72598842094137 63639200072
17 1 1 22 9 19 72598842094137 178715151963
16 16 0 12 19 15 72600769249295 151892244898
16 16 11 12 19 22 72600820614467 151840921109
17 10 18 22 7 8 72601920596337 46130254881
2 14 12 9 15 16 72607771643042 103134085254
14 0 1 22 6 5 72611010605019 99513813489
2 12 12 9 3 13 72614858662918 152389629381
2 12 15 9 3 8 72614908494841 152339778374
2 2 12 9 14 4 72615398087725 105681107698
2 2 15 9 14 16 72615929298104 105149898606
17 10 13 22 7 14 72648050687100 123831207100
17 10 5 22 7 1 72648050851218 39900041470
17 1 14 22 9 12 72662481294209 100013749048
17 1 13 22 9 5 72662481294209 200027439051
14 4 11 22 6 10 72677352739393 132685027826
17 10 5 22 7 5 72687950892688 83931232231
17 10 10 22 7 1 72687950892688 83931253366
2 0 15 9 14 15 72708827774287 199108452033
14 4 0 22 6 5 72710524418508 99513382635
2 14 2 9 15 18 72710905728296 103134127485
14 4 1 22 6 15 72712634786700 176091886159
2 0 14 9 14 10 72721079195423 246738387930
2 2 12 9 14 16 72721079196710 82246000513
2 2 7 9 14 5 72721079196710 131734602908
2 14 14 9 4 15 72722899900076 460009494744
2 14 15 9 4 3 72722900266752 230005035279
2 12 11 9 3 3 72723533300132 261013218202
14 9 9 9 16 16 72730495491473 140673918999
16 16 10 12 19 1 72745560651104 303358304520
16 16 11 12 19 15 72752661535576 72195424142
16 17 11 12 10 4 72761097470792 85326473676
17 1 11 22 9 12 72762495043257 100013944756
2 12 12 9 3 8 72767248292299 72433040197
17 10 5 22 7 14 72771882124919 60926210545
17 10 10 22 7 5 72771882146054 60926174973
17 1 18 22 9 19 72777557246100 178714954639
16 17 10 12 10 8 72780080988900 331156202340
2 2 2 9 14 18 72803325197223 82246375135
14 4 0 22 6 0 72810037801143 200648695955
14 4 9 22 6 5 72810037801143 78689003645
2 14 0 9 15 18 72814039855781 170507766865
2 14 2 9 4 14 72814039855781 296114606153
16 10 2 12 22 9 72817639176311 330793274703
16 10 14 12 22 22 72817745222352 330687836605
16 16 16 12 19 16 72824856959718 72195750347
14 1 11 9 16 3 72825460566227 327056235850
17 10 14 22 7 21 72832808321027 80900344803
17 10 10 22 7 14 72832808335464 80928116483
17 10 5 22 7 7 72832808335464 138611898840
2 12 2 9 3 11 72839681332496 72432658081
16 17 16 12 10 7 72846423944468 85326316327
2 2 11 9 14 5 72852813799618 131734504740
17 1 13 22 9 21 72862508733260 228959847404
17 1 1 22 9 5 72862508988013 93763310116
14 9 1 9 16 16 72871169410472 140673840352
2 2 0 9 14 18 72885571572358 82246134300
14 4 9 22 6 17 72888726804788 109329531057
14 4 1 22 6 5 72888726804788 109329505588
14 9 7 9 16 21 72892372284386 302550468641
16 16 16 12 19 22 72897052710065 151866739122
16 16 17 12 19 16 72897052710065 151866793212
2 0 12 9 14 15 72907936226320 199108609987
2 12 0 9 3 11 72912113990577 72432729443
17 10 11 22 7 21 72913708665830 80926682256
17 10 14 22 7 14 72913736451947 80898885484
16 17 16 12 10 2 72931750260795 179487169462
16 17 17 12 10 7 72931750260795 179487226507
2 14 12 9 4 3 72952905302031 230005345813
17 1 1 22 9 8 72956272298129 123410487935
17 1 18 22 9 5 72956272298129 123410449418
2 0 14 9 14 19 72967817706658 59176016409
17 10 10 22 7 7 72971420234304 138611829858
2 2 2 9 15 14 72984546720020 61612029420
2 2 12 9 15 20 72984548304358 61611930890
17 10 11 22 7 14 72994635348086 38465661117
14 4 1 22 6 17 72998056335845 51974085956
14 4 0 22 6 18 73010686497098 200649174430
14 1 9 9 16 17 73011843250824 140673609702
2 0 2 9 14 20 73026993723067 80051319147
2 0 14 9 14 5 73026993723067 267051090606
17 10 1 22 7 9 73033101009203 38465644144
2 2 13 9 15 14 73046158749440 101211284294
2 2 2 9 15 20 73046160235248 43939541632
16 16 16 12 19 1 73048919449187 118281577485
16 16 17 12 19 22 73048919503277 118281459749
14 4 6 22 6 12 73050030421801 51974081022
17 10 18 22 7 9 73071566653347 38465621598
17 1 18 22 9 8 73079682786064 58668025024
2 2 9 9 15 20 73090099776880 92428304338
2 2 2 9 15 3 73090099776880 92428283348
17 1 13 22 9 14 73091468580664 228960410427
14 4 6 22 6 5 73102004502823 109331325783
14 4 7 22 6 12 73102004502823 109331361724
2 0 0 9 14 20 73107045042214 114947659038
2 0 2 9 14 10 73107045042214 114909281797
14 0 0 22 19 16 73110032274945 61888104021
14 9 0 22 16 6 73110032274945 84900827082
14 9 9 22 16 16 73110032274945 238247054639
2 14 0 9 4 14 73110154461934 296113896013
16 17 16 12 10 8 73111237430257 137437770792
16 17 17 12 10 2 73111237487302 137437660020
17 1 5 22 9 1 73138350811088 58667973096
2 2 18 9 15 14 73147370033734 101210964662
16 16 10 12 22 10 73148432451014 353401250669
16 10 2 12 22 22 73148433058957 310733643176
14 1 1 9 16 17 73152516860526 164373065395
14 1 9 9 16 12 73152516860526 164317353337
16 16 14 12 19 0 73167200963026 143332604229
16 16 17 12 19 1 73167201026672 143380881245
16 16 16 12 19 2 73167201026672 391053537184
14 0 0 22 19 6 73171920378966 87563965533
14 0 9 22 19 16 73171920378966 245901521468
2 2 2 9 15 9 73182528060228 151145443971
2 2 13 9 15 3 73182528081218 66054401153
2 14 14 9 4 4 73182909394820 487622544040
2 14 2 9 4 15 73182910647844 223357456613
14 1 0 9 16 21 73194922753027 303437178947
14 9 4 22 16 6 73194933102027 133309280592
14 9 0 22 16 19 73194933102027 266617888907
17 1 5 22 9 5 73197018784184 123410436201
17 1 10 22 9 1 73197018784184 123410469418
14 4 6 22 6 18 73211335828606 83618561128
14 4 7 22 6 5 73211335864547 83618489219
2 0 2 9 14 22 73221954324011 114944876443
2 0 0 9 14 10 73221992701252 114906521522
2 2 13 9 15 7 73248582482371 80059222894
2 2 18 9 15 3 73248582482371 80059179186
16 17 14 12 10 5 73248675147322 172916017522
16 17 17 12 10 8 73248675201049 172975137267
16 17 16 12 10 11 73248675201049 381995528270
14 0 4 22 19 6 73259484344499 137613712821
14 0 0 22 19 19 73259484344499 275227010337
2 0 14 9 14 0 73294044813673 267050895996
14 4 4 22 6 0 73294954353766 104449216880
14 4 7 22 6 18 73294954389734 104498361140
14 4 6 22 6 13 73294954389734 239580922757
16 16 2 12 19 0 73310533567255 143370924237
16 16 14 12 19 1 73310581907917 143322607161
14 1 9 9 16 18 73316834213863 164369913172
14 1 1 9 16 12 73316889925921 164314312279
17 1 5 22 9 14 73320429220385 98044198896
17 1 10 22 9 5 73320429253602 91407817212
14 9 11 22 16 6 73328242382619 133308923342
2 2 18 9 15 7 73328641705265 38059216197
2 2 2 9 15 15 73333673504199 151145425775
2 0 0 9 14 22 73336899222774 54634888567
14 9 1 22 16 16 73348279329584 238246864000
2 2 3 9 15 13 73366700921462 38059256981
2 0 6 9 14 17 73391534111341 54635006086
14 0 11 22 19 6 73397098057320 137613620326
14 4 11 22 6 0 73399403570646 104473568223
14 4 4 22 6 18 73399452750874 104473981276
2 2 3 9 15 3 73404760178443 80059023695
2 2 0 9 15 13 73404760178443 80059240844
2 14 2 9 4 0 73406268104457 254810486825
2 14 0 9 4 15 73406268357947 254810280169
17 1 14 22 9 21 73411837070814 157401159184
17 18 13 22 9 5 73411837070814 245972732290
14 0 1 22 19 16 73417821900434 245902100214
17 1 10 22 9 14 73418473419281 154083922309
17 1 5 22 9 7 73418473419281 308166748765
16 17 2 12 10 5 73421591164844 172980846689
16 17 14 12 10 8 73421650338316 172921657552
16 10 17 12 22 12 73439152352538 952204052344
2 0 6 9 14 10 73446169117427 114926852446
2 0 11 9 14 17 73446169117427 114926940643
16 17 10 12 19 16 73453904491492 225479229817
16 16 2 12 19 1 73453904515078 104350489743
16 10 0 12 22 5 73459166702133 310729568060
14 9 0 22 16 9 73461550990934 305191735707
14 9 9 22 16 19 73461551305961 124974974233
14 1 1 9 16 18 73481204238200 78126115539
2 2 2 9 0 14 73484818929974 183851479506
2 2 3 9 15 15 73484819202138 76276817178
2 2 0 9 15 3 73484819419287 76276569900
14 1 0 9 16 7 73498359931974 303437316183
16 16 10 12 22 19 73501833701683 353401235821
14 11 0 22 6 12 73503877138869 104492799075
14 4 11 22 6 18 73503926732150 104443201609
14 4 10 22 6 13 73534535312491 239579951616
14 0 0 22 19 9 73534711354836 315035822515
14 0 9 22 19 19 73534711677646 129012395141
16 16 17 12 19 2 73558254563856 450451432982
16 16 0 12 19 5 73558255004821 163276703865
16 16 13 12 22 22 73558255004821 296982857167
14 1 6 9 16 4 73559330353739 78126093908
2 0 6 9 14 0 73561095969873 99490997865
2 2 9 9 15 9 73561095989187 122032177555
2 0 14 9 15 3 73561095989187 302128098806
2 2 0 9 15 15 73561096019316 122072365662
2 2 3 9 15 21 73561096019316 145713134957
2 0 11 9 14 10 73561096058070 99490912058
17 1 11 22 9 21 73569238229998 157401915648
17 1 14 22 9 14 73572557341590 154082806822
14 9 9 22 16 20 73586526280194 164501907730
14 9 1 22 16 19 73586526280194 164501857488
16 17 2 12 10 8 73594572011533 82216598201
14 4 9 22 6 21 73608369933759 322452666221
14 11 0 22 6 20 73608369937944 88557424418
14 11 9 22 6 12 73608369937944 227732142888
16 17 17 12 10 11 73630670729319 381995308954
14 1 6 9 16 12 73637456447647 164341143112
14 1 7 9 16 4 73637456447647 164341195780
17 18 14 22 9 5 73657809803104 245972830463
2 0 6 9 14 18 73660586967738 153745202310
2 0 15 9 14 5 73660586970128 153672453186
2 0 11 9 14 0 73660586970128 153709092165
2 14 0 9 4 0 73661078638116 121134169424
14 0 9 22 19 20 73663724072787 169805939871
14 0 1 22 19 19 73663724072787 169805888087
2 2 2 9 0 3 73668670409480 183851400435
2 14 14 9 4 16 73670531938860 487624538829
16 17 13 12 19 19 73676788609734 228073765899
16 17 0 12 10 20 73676788609734 138825009039
16 17 10 12 19 1 73679383721309 225478597167
2 2 7 9 15 9 73683128166742 122073183221
2 2 9 9 15 15 73683168384978 122032957829
14 11 4 22 6 20 73696927362362 139174828632
14 11 0 22 6 5 73696927362362 278349741589
2 2 0 9 15 21 73706809154273 145713023684
16 16 11 12 19 5 73721531708686 343458743714
16 16 0 12 22 10 73721531708686 343458743684
17 18 13 22 9 6 73726640145646 423114769965
17 1 11 22 9 14 73726640148412 105778506245
17 1 6 22 9 7 73726640168046 227839604584
14 9 1 22 16 20 73751028187924 78202405070
14 9 0 22 16 22 73766742726641 305192013205
16 10 11 12 22 5 73769896270193 310730680764
14 4 7 22 6 13 73774115264107 239580277263
2 14 6 9 4 12 73782212807540 121134151432
14 1 6 9 16 7 73801797590759 125860814115
14 1 7 9 16 12 73801797643427 125860720127
2 2 7 9 15 15 73805201349963 58022878384
2 0 12 9 14 5 73814259423314 153746953929
2 0 15 9 14 0 73814296062293 153710293536
2 0 11 9 14 18 73814332170048 153674399980
16 17 11 12 10 20 73815613618773 292023630790
16 17 0 12 19 16 73815613618773 292023630763
14 9 6 22 16 10 73829230592994 78202559987
17 1 1 22 9 9 73832418654657 105778867576
14 0 1 22 19 20 73833530012658 80723941163
14 11 1 22 6 12 73836102080832 227732351519
14 11 11 22 6 20 73836102190994 139174986985
14 0 0 22 19 22 73849747177351 315036339230
2 2 2 9 0 15 73852521809915 217020999739
2 2 9 9 0 3 73852522177957 129610188558
16 16 10 12 22 22 73855237861988 153468311083
2 2 13 9 15 16 73863224228347 80075673306
2 0 14 9 15 15 73863224228347 129195375769
2 14 6 9 4 15 73903346958972 254809999543
2 14 11 9 4 12 73903346958972 254810082485
17 18 11 22 9 5 73903782633567 245972301187
16 17 10 12 19 19 73904862375633 107803841904
14 9 6 22 16 19 73907433152981 164501815248
14 9 7 22 16 10 73907433152981 164501868195
14 0 6 22 19 10 73914253953821 80723923797
14 1 4 9 16 21 73927658363554 161846987394
14 1 7 9 16 7 73927658404874 161848137242
14 1 6 9 16 16 73927658404874 320909921869
14 4 1 22 6 21 73930822599980 322453384494
17 1 18 22 9 9 73938197522233 105778764462
2 2 18 9 15 16 73943299901653 168442354189
2 2 13 9 0 14 73943299901653 168442342081
17 1 10 22 9 7 73954479772630 227839283192
2 0 12 9 14 0 73968006377243 76804248260
2 0 15 9 15 3 73968006570028 140030240296
14 11 9 22 6 5 73975277177979 88557338062
2 2 7 9 0 3 73982132366515 129609865793
2 0 14 9 15 21 73992419604116 129195270670
14 0 6 22 19 19 73994977877618 169805867107
14 0 7 22 19 10 73994977877618 169805921648
16 16 14 12 22 22 74008706173071 109780875856
16 17 14 12 19 19 74012666217537 116897890534
16 17 10 12 19 2 74012666217537 304203159665
14 11 0 22 6 13 74013695541370 239580379576
17 18 1 22 9 4 74043976286695 105778734682
2 0 2 9 14 3 74044810625503 76804244527
14 11 9 22 6 18 74063834516041 128401208683
14 11 1 22 6 5 74063834516041 128401185308
16 16 11 12 22 10 74064990452400 163277081447
2 2 2 9 0 4 74069542809654 217021369344
14 9 6 22 16 22 74071934968229 126116527056
14 9 7 22 16 19 74071935021176 126116431856
16 16 10 12 22 0 74080626950957 310729731981
14 1 11 9 16 21 74089505350948 164730022675
14 1 4 9 16 7 74089506542116 159061853026
16 17 11 12 19 16 74107637249563 138825021163
2 0 12 9 15 3 74108036810324 140030120351
2 2 13 9 0 15 74111742243734 99165505020
2 2 18 9 0 14 74111742255842 99198612238
16 16 0 12 22 11 74118487048927 109780466537
2 0 0 9 14 3 74121614870030 126452122047
2 0 14 9 15 4 74121614874786 230321732699
2 0 2 9 15 14 74121614874786 126452090978
16 17 0 12 19 22 74129564108071 116898031513
17 18 18 22 9 4 74149755021377 123601214989
17 18 1 22 9 6 74149755021377 123559995161
2 14 6 9 4 16 74158156958515 196670165885
2 14 11 9 4 15 74158157041457 196670058901
14 0 6 22 19 22 74164783744725 130183177178
14 0 7 22 19 19 74164783799266 130183090250
17 18 13 22 9 7 74182319055822 227838336066
14 11 1 22 6 18 74192235724724 61040532865
14 9 4 22 16 9 74198051453032 161843184706
14 9 7 22 16 22 74198051495285 161902263292
14 9 6 22 16 12 74198051495285 323758447027
2 2 13 9 0 0 74210907748754 99196734819
2 2 18 9 0 15 74210940868080 99163652712
16 16 0 12 22 19 74228267515464 131460826959
16 16 11 12 22 11 74228267533847 131460751882
16 17 0 12 19 1 74246462139584 126953315055
16 17 11 12 19 22 74246462270726 126953128488
2 0 2 9 15 15 74248066965764 84575131967
2 0 0 9 15 14 74248066992077 84603544069
14 1 10 9 16 16 74248568395142 101515162900
14 11 0 22 6 21 74253275984474 169952944792
14 11 6 22 6 3 74253276257589 54761063351
14 1 11 9 16 7 74254235373623 228947559225
2 14 14 9 16 14 74254235373623 686842219698
17 18 1 22 9 22 74273315016538 123602070169
17 18 18 22 9 6 74273356236366 123560935480
2 2 2 9 0 16 74286564178998 217021542749
14 0 4 22 19 9 74294966889516 172864301164
14 0 7 22 19 22 74294966921903 172919518931
14 0 6 22 19 12 74294966921903 296178585932
14 11 6 22 6 5 74308037320940 115191894816
14 11 7 22 6 3 74308037320940 115191922751
2 2 18 9 0 0 74310104520792 47150069581
16 17 10 12 19 5 74316869377202 304203410571
2 0 2 9 15 0 74332642097731 84604434530
2 0 0 9 15 15 74332670536146 84576016053
14 1 7 9 16 16 74350083558042 213540873643
14 1 0 22 16 19 74350083558042 213540683799
2 0 14 9 15 16 74351936607485 230324585511
2 14 15 9 4 4 74354827100358 276889545490
2 14 11 9 4 16 74354827124400 276975475716
2 14 6 9 4 5 74354827124400 376229029000
2 2 3 9 0 12 74357254590373 47149912548
16 16 11 12 22 19 74359728342423 62495030552
14 9 11 22 16 9 74359894637738 161915365758
14 9 4 22 16 22 74359953758577 161856217589
16 17 11 12 19 1 74373415454639 60352104418
16 16 10 12 22 12 74391356682938 224819388720
17 18 18 22 9 22 74396917171846 58749302995
2 2 3 9 0 15 74404404502921 99181724886
2 2 0 9 0 12 74404404502921 99181765727
17 18 13 22 9 8 74410157391888 227839215797
2 0 0 9 15 0 74417246552199 40212763136
16 16 16 12 22 8 74422223372975 62495104681
14 11 6 22 6 21 74423229215756 83618476880
14 11 7 22 6 5 74423229243691 83618429780
16 17 16 12 19 4 74433767559057 60352225382
17 18 5 22 9 0 74455666474841 58749248795
2 0 6 9 15 12 74457459315335 40212967436
14 0 11 22 19 9 74467831190680 172920361377
14 0 4 22 19 22 74467886440834 172865093397
14 1 9 9 16 20 74483182932848 228947625898
16 16 16 12 22 11 74484718477656 131460783162
16 16 17 12 22 8 74484718477656 131460876869
16 17 16 12 19 22 74494119784439 126953235655
16 17 17 12 19 4 74494119784439 126953292815
2 0 6 9 15 15 74497672282771 84589138921
2 0 11 9 15 12 74497672282771 84589198298
2 2 3 9 0 16 74503586227807 78675684127
2 2 0 9 0 15 74503586268648 78675265664
14 11 4 22 6 13 74506847673471 111033484176
14 11 7 22 6 21 74506847692636 111069781805
14 11 6 22 6 6 74506847692636 190238943184
17 18 5 22 9 6 74514415723636 123581230033
17 18 10 22 9 0 74514415723636 123581270325
14 9 10 22 16 12 74521809976166 182756958010
14 9 11 22 16 22 74521810003496 95783039805
14 1 0 22 16 4 74563624241841 245536192458
14 1 4 22 16 19 74563624431685 188727963521
2 0 6 9 15 16 74582261421692 72220131278
2 0 11 9 15 15 74582261481069 72220041972
2 2 9 9 0 4 74582261534312 117997751547
2 0 14 9 0 15 74582261534312 236047630328
2 2 0 9 0 16 74582261911934 118041205196
2 2 3 9 0 5 74582261911934 249487848763
14 0 7 22 19 12 74591145507835 296178430971
16 16 10 12 12 6 74616176071658 473503878188
16 16 16 12 22 12 74616179260818 112968521946
16 16 17 12 22 11 74616179354525 112968431248
14 9 9 22 16 5 74617593043301 95783090040
14 11 11 22 6 13 74617881157647 111068162786
14 11 4 22 6 21 74617917474441 111031831712
16 17 16 12 19 5 74621073020094 102436362980
16 17 17 12 19 22 74621073077254 102436276918
2 14 12 9 4 4 74631716645848 276978256966
2 14 15 9 4 16 74631802600116 276892270739
17 18 5 22 9 8 74637996953669 94613686096
17 18 10 22 9 6 74637996993961 94613528948
14 0 11 22 19 22 74640751552057 82190600974
2 0 15 9 15 4 74654481523041 91868662964
2 0 11 9 15 16 74654481552970 91898484440
2 0 6 9 15 5 74654481552970 191923524167
14 11 7 22 6 6 74697086635820 190239422841
2 2 7 9 0 4 74700259285859 118049904281
2 2 9 9 0 16 74700303117130 118006072769
14 9 7 22 16 12 74704566934176 182756933049
14 1 1 9 16 20 74712130558746 228947196928
14 9 1 22 16 5 74713376133341 95782892480
14 0 9 22 19 5 74722942153031 82191241977
16 17 14 12 19 2 74723509354172 135482269609
16 17 17 12 19 5 74723509383074 135525908178
16 17 16 12 19 8 74723509383074 236150473096
14 11 11 22 6 21 74728949320433 52792245860
16 16 16 12 22 1 74729147782764 174530620560
16 16 14 12 22 0 74729147785773 174530101990
16 16 17 12 22 12 74729147785773 174530431343
2 14 11 9 4 5 74731056153400 376228420255
17 18 14 22 9 7 74732610522909 135952579407
14 0 3 22 9 6 74732610522909 532074809787
17 18 10 22 9 8 74732610639765 135998109361
17 18 5 22 9 9 74732610639765 271951257832
2 0 12 9 15 4 74746350186005 91898091259
2 0 15 9 15 16 74746380037410 91868233640
14 1 11 22 16 19 74752352395206 188727873746
14 11 9 22 6 7 74781741566293 52792317147
14 0 1 22 19 5 74805133395008 82190757096
14 1 0 22 16 8 74809160434299 65959877878
2 2 7 9 0 16 74818309190140 63619385561
2 0 14 9 0 10 74818309190140 161802464849
2 2 0 9 0 5 74831749760697 249487810630
14 11 1 22 6 7 74834533883440 52792382618
2 0 12 9 15 16 74838248277264 43680335804
2 0 11 9 15 5 74846405077137 191922887191
16 17 2 12 19 2 74858991623781 135524939896
16 17 14 12 19 5 74859035291252 135481260439
17 18 11 22 9 7 74868563102316 135997366442
17 18 14 22 9 8 74868608749126 135951710764
14 1 9 22 16 11 74875120312177 65959992731
2 2 13 9 0 18 74881928575701 99654550660
2 0 2 9 15 18 74881928613068 57757689388
2 0 10 9 0 16 74881928613068 98183170481
14 1 0 22 16 12 74887323867225 221053852640
14 9 9 22 19 16 74887326266058 47289934605
14 9 11 22 19 11 74887326266058 47289929809
16 16 2 12 22 0 74903677887763 186005433928
16 16 14 12 22 12 74903678217116 186005070567
16 16 17 12 22 1 74903678403324 155255122350
2 14 12 9 4 16 74908694902814 131650715510
14 9 15 22 19 16 74934616200663 77684027377
14 9 9 22 19 11 74934616200663 33725499908
2 0 0 9 15 18 74939686302456 121495599168
2 0 2 9 0 15 74939686302456 121495599150
2 14 14 9 16 3 74941077755674 166207118122
14 1 9 22 16 4 74941080304908 98281211684
14 1 1 22 16 11 74941080304908 98313906935
16 17 17 12 19 8 74959659856170 236150539443
14 9 18 22 19 11 74968341700571 70942861677
14 9 9 22 19 6 74968341700571 70942845093
2 0 14 9 0 16 74980111783549 58216350512
2 2 18 9 0 18 74981583126361 99654689828
16 17 2 12 19 5 74994516563677 64416956364
17 18 11 22 9 8 75004560468758 65031158033
17 18 6 22 9 9 75004561897597 265861170178
14 9 16 22 19 16 75012300228040 77684151255
2 0 15 9 0 16 75038328134061 42909722625
14 9 9 22 19 1 75039284545664 116011195250
14 9 15 22 19 6 75039284562248 50699828339
14 1 9 22 16 17 75039361516592 98314726105
14 1 1 22 16 4 75039394211843 98282045987
2 14 2 9 4 18 75040345618324 131650883876
16 17 0 12 19 17 75058933520041 68438601365
16 17 13 12 22 19 75058933525674 136876923258
2 0 0 9 0 15 75061181901624 57757761274
17 18 1 22 9 12 75069591626791 65031199837
2 0 14 9 0 18 75081237816189 86264345401
2 0 2 9 0 17 75081237856686 37701827535
16 16 10 12 12 19 75089679949846 723927053500
16 16 14 12 12 6 75089683287683 438501626756
16 16 2 12 22 12 75089683321691 106127126349
14 9 15 22 19 18 75089984390587 61449266219
14 9 16 22 19 6 75089984390587 61449231865
2 14 14 9 16 15 75107284873796 345987179411
2 14 15 9 16 3 75107284873796 173248854484
14 1 0 22 16 20 75108377719865 221053627901
2 0 2 9 0 10 75118939684221 45691929296
2 0 0 9 0 17 75118939684221 45691902088
16 17 11 12 19 17 75127372121406 68438478316
17 18 18 22 9 12 75134622826628 65031298323
14 1 1 22 16 17 75137676257830 46729652428
14 9 16 22 19 18 75151433656806 29212283738
14 9 9 22 19 19 75155295740914 116011130626
2 0 0 9 0 10 75164631613517 21721524615
2 0 14 9 0 19 75167502161590 86264133515
2 14 0 9 4 18 75171996502200 276932663162
2 14 2 9 16 14 75171996502200 276932695498
14 9 13 22 19 13 75180645940544 29212258817
14 1 6 22 16 2 75184405910258 46729708068
2 0 6 9 0 11 75186353138132 21721484264
16 16 0 12 22 14 75195810448040 248386287482
16 17 13 12 22 12 75195810448932 98473146568
16 14 0 12 9 20 75195810599722 78381196524
16 14 9 12 9 14 75195810599722 220113999648
16 17 1 12 22 19 75195810599722 275794944045
14 0 0 22 9 16 75199654124951 65031536510
2 0 6 9 0 17 75208074622396 45691931448
2 0 11 9 0 11 75208074622396 45691949799
14 9 13 22 19 6 75209858199361 61448913481
14 9 1 22 19 13 75209858199361 61449060837
14 1 6 22 16 4 75231135618326 98297531801
14 1 7 22 16 2 75231135618326 98297578043
2 0 6 9 0 19 75253766553844 35163740012
2 0 11 9 0 17 75253766572195 35163710623
14 0 0 22 9 6 75264685661461 87512540673
14 0 9 22 9 16 75264685661461 182223269094
17 18 10 22 9 9 75270423067775 265860983370
14 9 9 22 20 16 75271306871540 145878584525
14 9 13 22 19 19 75271307112842 58127299230
14 9 1 22 19 6 75271307260198 58127111632
16 14 4 12 9 20 75274191796246 123182178497
16 14 0 12 9 3 75274191796246 246363751208
2 14 12 9 16 3 75280533728280 173248638919
2 0 15 9 0 18 75288930282818 46692217862
2 0 11 9 0 19 75288930293856 46707720931
2 0 6 9 0 20 75288930293856 80000521787
16 17 14 12 22 12 75294283595500 154757323064
16 17 13 12 22 5 75294283595500 309514195230
14 1 6 22 16 20 75329433150127 79540899063
14 1 7 22 16 4 75329433196369 79540856304
14 9 18 22 19 1 75329434371830 97586703647
14 1 0 22 19 6 75329434371830 241603194249
14 9 1 22 19 19 75329434412072 97618169221
14 9 13 22 19 14 75329434412072 116814884241
2 0 12 9 0 18 75335622500680 46707430353
2 0 15 9 0 19 75335638014787 46691910915
14 0 4 22 9 6 75352198202134 184085957164
14 0 0 22 9 19 75352198202134 184085954371
2 0 11 9 0 20 75368930815643 80000489866
2 0 12 9 0 19 75382329931033 22200512052
16 14 11 12 9 20 75397373974743 123181869373
2 0 2 9 0 0 75404530443085 22200523415
14 1 6 22 16 5 75408974049190 122914065630
14 1 4 22 16 12 75408974052673 122857244995
14 1 7 22 16 20 75408974052673 122885409477
16 14 1 12 9 14 75415924599370 220113987741
14 9 9 22 20 6 75417185456065 145878254625
2 0 0 9 0 0 75426730966500 22200535732
14 9 10 22 19 1 75427021075477 97617459375
14 9 18 22 19 19 75427052581293 97585949443
16 16 11 12 22 14 75444196735522 522489622918
16 16 0 12 12 16 75444196735522 522489593448
14 9 1 22 19 14 75446249296313 116814754270
14 0 1 22 9 16 75446908930555 182223194876
2 14 0 9 16 14 75448929197698 178096290037
2 6 10 9 12 3 75448931502232 33859622856
2 6 14 9 12 14 75448931502232 33859612791
16 17 11 12 22 12 75449040918564 154757180286
2 14 14 9 16 4 75453272053207 346008474231
2 14 2 9 16 15 75453782367199 173241747265
16 17 18 12 22 19 75471605543767 275794763418
2 6 2 9 12 14 75482791115023 55621782404
2 6 14 9 12 3 75482791125088 24147457063
2 6 15 9 12 3 75506938582151 50795118637
2 6 14 9 12 15 75506938582151 50795106380
16 14 0 12 9 9 75520555547454 281998211956
16 14 9 12 9 3 75520555844116 115482831280
14 9 10 22 19 19 75524638534852 46399149238
16 16 2 12 12 6 75528184914439 438501433636
14 1 11 22 16 12 75531831297668 122913753295
14 1 4 22 16 20 75531859462150 122885571438
14 1 7 22 16 5 75531888114820 122857091066
14 0 0 22 9 9 75536284156505 228585625330
14 0 9 22 9 19 75536284159298 92847981651
2 6 0 9 12 14 75538412897427 55621904125
2 6 14 9 12 4 75557733688531 83063887672
2 6 2 9 12 15 75557733700788 36301134321
14 9 9 22 20 19 75563063710690 173292403141
14 9 18 22 20 6 75563064050583 103386598779
14 9 15 22 19 22 75571037684090 64055745522
14 1 0 22 19 19 75571037684090 103258767437
2 6 2 9 12 0 75594034835109 43997553535
2 6 0 9 12 15 75594034835109 43997527346
16 17 13 12 22 21 75603797790730 362889254724
16 17 1 12 22 5 75603798098850 143602130437
2 14 2 9 16 0 75627024114464 175637134252
2 14 0 9 16 15 75627025487735 175635524271
14 0 9 22 9 20 75629132140949 123467123517
14 0 1 22 9 19 75629132140949 123467087242
14 9 16 22 19 22 75635093429612 134743747789
14 9 15 22 20 16 75635093429612 134743738019
16 14 9 12 9 7 75636038675396 151998453144
16 14 1 12 9 3 75636038675396 151998406455
2 6 0 9 12 0 75638032388644 20916017013
2 6 14 9 12 16 75640797576203 83064033028
14 1 11 22 16 20 75654745050963 61404488904
14 1 4 22 19 6 75654745205886 111947044315
2 6 6 9 12 12 75658948405657 20915908687
14 9 10 22 20 6 75666450649362 103386497787
14 1 0 22 19 14 75674296451527 103258470024
2 6 6 9 12 15 75679864314344 43997499387
2 6 11 9 12 12 75679864314344 43997563418
14 1 9 22 16 6 75716149539867 61404514999
2 6 14 9 15 0 75723861609231 126073395262
2 6 6 9 12 16 75723861813731 40147883585
2 6 11 9 12 15 75723861877762 40147733486
14 9 9 22 20 9 75736356113831 173292888800
16 17 1 12 22 8 75747400229287 189516081544
16 17 18 12 22 5 75747400307185 189516025071
14 0 1 22 9 20 75752599264466 58695004941
2 11 14 9 12 15 75764009611248 153249102008
2 6 15 9 12 4 75764009611248 63277786916
2 6 11 9 12 16 75764009697316 63299369108
2 6 6 9 12 5 75764009697316 105999608519
14 0 0 22 9 22 75764869781835 228585540775
14 1 11 22 19 6 75766692250201 111947037906
14 9 15 22 20 19 75769837167631 79237590665
14 9 16 22 20 16 75769837177401 79263912480
14 1 1 22 16 6 75777554054866 101085295969
14 1 0 22 19 9 75777554921551 184122814712
14 1 9 22 19 16 75777554921551 101085270747
16 14 1 12 9 7 75788037128540 72258567154
2 14 14 9 16 16 75799280527438 346008132788
16 14 0 12 9 15 75802553759410 281998559449
2 14 0 9 16 0 75802661248716 83495609091
14 0 6 22 9 10 75811294269407 58694860161
16 16 10 12 12 9 75813607003346 723930898801
2 6 12 9 12 4 75827287398164 63298333215
2 6 15 9 12 16 75827309066424 63276663722
14 9 15 22 20 20 75849074758296 79264446893
14 9 16 22 20 19 75849101089881 79238145866
2 6 14 9 15 8 75849935004493 126073340657
16 14 6 12 9 13 75860295695694 72258523600
14 0 6 22 9 19 75869989129568 123466847431
14 0 7 22 9 10 75869989129568 123467481151
2 6 11 9 12 5 75870009305835 105999326354
14 1 9 22 19 19 75878640192298 67610698515
14 1 1 22 19 16 75878640192298 67634367418
2 14 6 9 16 12 75886156857807 83495610835
2 6 12 9 12 16 75890585731379 30086586271
14 9 9 22 20 22 75909649002631 173292809273
2 11 2 9 12 15 75917258713256 153249700863
2 6 2 9 12 18 75920672317650 73782580382
2 11 14 9 12 16 75920672317650 55340544573
14 9 16 22 20 20 75928339235747 37675787167
16 14 6 12 9 3 75932554219294 151998326080
16 14 7 12 9 13 75932554219294 151998363930
16 17 18 12 22 8 75936916332256 90093969277
14 1 9 22 19 20 75946250890813 67633637483
14 1 1 22 19 19 75946274559716 67609963682
14 1 0 22 19 22 75961677736263 184121868243
14 9 13 22 20 10 75966015022914 37675488420
16 16 0 12 12 19 75966686348075 327673879613
16 16 11 12 12 16 75966686358440 327778893391
16 17 13 12 22 14 75966687045454 339933227897
2 14 6 9 16 15 75969652468642 175636401544
2 14 11 9 16 12 75969652468642 175636462335
2 6 14 9 15 16 75976008345150 170123935373
2 6 15 9 15 8 75976008632189 86825593990
2 11 15 9 12 16 75976012862223 86823146901
2 11 14 9 12 17 75976012862223 173646356193
14 0 0 22 22 16 75993455322610 251475788557
14 0 6 22 9 22 75993455976999 120369487969
14 0 7 22 9 19 75993456610719 120368851012
2 6 0 9 12 18 75994454898032 155204262601
2 6 2 9 15 0 75994454898032 155204267644
14 9 13 22 20 19 76003690511334 79251814773
14 9 1 22 20 10 76003690511334 79251848152
14 1 1 22 19 20 76013884528296 32146921122
16 17 5 12 22 1 76027010301533 90094137579
14 1 6 22 19 10 76046031449418 32146570671
2 6 12 9 15 8 76062834226179 86825492205
2 11 12 9 12 16 76062836009124 86823328389
2 11 0 9 12 15 76070508414119 153249855332
14 1 6 22 19 19 76078178020089 67621799183
14 1 7 22 19 10 76078178020089 67621847656
14 9 13 22 20 22 76082942326107 62857913785
14 9 1 22 20 19 76082942359486 62857568749
16 14 6 12 9 15 76084552545374 122234128955
16 14 7 12 9 3 76084552583224 111320623597
14 0 4 22 9 9 76113825461731 183379490563
14 0 7 22 9 22 76113825464968 183438645216
14 0 6 22 9 12 76113825464968 191291746714
16 17 5 12 22 5 76117104439112 189516082988
16 17 10 12 22 1 76117104439112 189516140709
2 14 6 9 16 16 76145288870186 136399159391
2 14 11 9 16 15 76145288930977 136399018523
14 1 6 22 19 22 76145799819272 57717149740
14 1 7 22 19 19 76145799867745 57717076744
14 9 18 22 20 9 76145799928235 94306254269
14 1 0 22 20 19 76145799928235 188643683775
14 9 1 22 20 22 76145800239892 94336739531
14 9 13 22 20 12 76145800239892 199387749909
2 6 14 9 15 1 76146132280523 170125643208
2 6 0 9 15 0 76149659165676 85243038005
2 11 14 9 12 18 76149659218416 185058574949
2 11 2 9 12 17 76149659337513 74099141230
2 6 2 9 15 16 76149659718384 85214292838
16 14 4 12 9 9 76195873206821 197555930214
16 2 14 12 9 3 76195873206821 286618315294
14 1 4 22 19 9 76203516944489 73419750725
14 1 7 22 19 22 76203516969012 73443669928
14 1 6 22 19 12 76203516969012 153382543138
16 14 7 12 9 15 76206786674329 192100278613
16 14 6 12 9 21 76206786674329 384199664376
2 11 2 9 12 10 76223758478743 100318853418
2 11 0 9 12 17 76223758478743 100318826312
2 6 2 9 15 6 76234874011222 85243689661
2 6 0 9 15 16 76234902203681 85215546782
14 9 10 22 20 9 76240106182504 94337461376
14 9 18 22 20 22 76240136979423 94306664270
14 0 0 22 22 6 76244931111167 251476050527
14 1 11 22 19 9 76276936695214 73443087214
14 1 4 22 19 22 76276960638940 73419138293
2 14 15 9 16 4 76281687949500 163239420245
2 14 11 9 16 16 76281688029577 163294846301
2 14 6 9 16 5 76281688029577 481484201887
16 16 0 12 12 20 76294360227688 327778124953
16 16 11 12 12 19 76294465251831 327673180049
14 0 11 22 9 9 76297204952294 183437588816
14 0 4 22 9 22 76297264110184 183378409277
14 0 7 22 9 12 76305117211682 191290542205
16 17 5 12 22 14 76306620522100 144208826847
16 17 10 12 22 5 76306620579821 144208744102
2 6 14 9 15 9 76316257923731 170125871082
2 6 0 9 15 6 76320117750463 40517826947
2 11 0 9 12 10 76324077332161 47690308785
14 9 10 22 20 22 76334443643880 50845313023
14 1 0 22 20 4 76334443643880 129312528286
2 11 14 9 12 19 76334717793365 185058878087
14 9 1 22 20 12 76345187989801 199387625210
14 1 11 22 19 22 76350379782428 34909199829
14 1 7 22 19 12 76356899512150 153382980597
2 6 6 9 15 14 76360635577410 40517784281
2 11 6 9 12 11 76371767640946 47690529149
14 9 15 22 20 5 76385288956903 79643343193
14 1 9 22 19 5 76385288982257 46159718326
14 1 3 22 20 22 76385288982257 78467300830
16 14 11 12 9 9 76393429137035 197557333157
16 14 4 12 9 15 76398886952942 192099454198
2 6 6 9 15 16 76401153361691 85230950155
2 6 11 9 15 14 76401153361691 85230982056
2 11 6 9 12 17 76419458170095 100318741013
2 11 11 9 12 11 76419458170095 100318774349
14 1 1 22 19 5 76431448700583 97098715225
14 1 9 22 20 19 76431448700583 97098715146
2 14 12 9 16 4 76444927369745 163296214301
2 14 15 9 16 16 76444982875878 163241487982
16 17 14 12 22 21 76450829323923 197770482896
16 17 10 12 22 14 76450829348947 197860164825
16 17 5 12 22 7 76450829348947 296727356907
14 1 0 22 20 22 76463756283087 46526381733
14 9 16 22 20 5 76464932300096 79643547830
14 0 11 22 9 22 76480642541110 87189998555
16 2 15 12 9 3 76482491522115 286618004452
2 6 6 9 15 9 76486384311846 66371927356
2 6 11 9 15 16 76486384343747 66371857897
14 0 0 22 22 19 76496407161694 296416719628
14 0 4 22 22 6 76496407753887 171010897669
14 1 4 22 20 22 76510282664820 34293222075
2 11 6 9 12 19 76519776911108 76813814136
2 11 11 9 12 17 76519776944444 76813749177
14 1 1 22 20 19 76528547415808 46159688572
16 16 10 12 12 22 76537537902147 723914700642
14 1 0 22 20 5 76544575847926 68941944701
14 1 9 22 20 2 76544575886895 30131245480
2 6 15 9 15 1 76552756201644 80409760658
2 6 11 9 15 9 76552756239202 80439530781
2 6 6 9 15 17 76552756239202 219659138864
14 0 9 22 9 5 76567832539665 87189894064
14 1 9 22 20 4 76574707132375 36516770745
14 1 1 22 20 2 76574707132375 36516747431
16 14 10 12 9 21 76590986407140 154913903465
16 14 11 12 9 15 76590986470192 147869453268
2 11 15 9 12 18 76596590693621 96589802067
2 11 11 9 12 19 76596590725244 96621233308
2 11 6 9 12 20 76596590725244 213982335268
2 6 14 9 16 12 76608223584046 167840973992
2 14 12 9 16 16 76608224363860 158927317394
14 1 1 22 20 4 76611223903120 17359642396
14 1 0 22 20 8 76613517792627 68941874499
16 16 11 12 12 20 76622138431880 155796648986
14 1 6 22 20 7 76628583545516 17359667634
2 6 12 9 15 1 76633165962302 80435997386
2 6 15 9 15 9 76633195769983 80406204091
14 1 6 22 20 2 76645943213150 36516707675
14 1 7 22 20 7 76645943213150 36516724260
16 17 11 12 22 21 76648599806819 197816591811
16 17 14 12 22 14 76648689513772 197821632871
14 0 1 22 9 5 76655022433729 183407164634
14 0 9 22 22 16 76655022433729 183407178108
14 0 11 22 22 6 76667418651556 171010987678
14 1 6 22 20 8 76682459920825 28102627254
14 1 7 22 20 2 76682459937410 28102599712
2 11 12 9 12 18 76693180495688 96622556761
2 11 15 9 12 19 76693211958552 96591084720
14 1 4 22 20 5 76710562537122 37314961002
14 1 7 22 20 8 76710562548079 37329032738
14 1 6 22 20 11 76710562548079 63935284700
2 11 14 9 15 14 76713601959688 125316055629
2 6 12 9 15 9 76713601974074 58813716302
16 14 9 12 9 16 76738855923460 305429021626
16 2 14 12 9 15 76738855923460 316871943384
16 14 7 12 9 21 76745900310605 154913918174
16 17 10 12 22 7 76747556705854 296728046112
14 1 11 22 20 5 76747877498124 37328105592
14 1 4 22 20 8 76747891580817 37314018393
2 14 11 9 16 5 76763172231464 481483998974
2 14 2 9 16 18 76767151681254 158928125010
16 2 12 12 9 3 76769109526567 286618503923
2 6 11 9 15 17 76772415378066 252141025364
2 6 2 9 15 18 76772415690376 90884046985
2 6 10 9 16 16 76772415690376 171492467409
14 1 7 22 20 11 76774497832779 63935279453
2 6 14 9 16 15 76776064558038 167840815305
16 16 16 12 12 10 76777935080866 155796710772
14 1 11 22 20 8 76785205603716 17742559270
2 11 12 9 12 19 76789803052449 45925795442
14 0 0 22 22 9 76792823881322 296414020477
14 1 9 22 20 20 76802948162986 17742568183
2 11 11 9 12 20 76810573060512 213983651878
14 1 1 22 20 20 76820690731169 17742579486
2 11 10 9 15 15 76835728847891 128505225646
2 11 2 9 12 0 76835728847891 77129458531
14 0 1 22 22 16 76838429611837 138540612801
14 0 9 22 22 19 76838429639234 138489518139
14 6 3 22 10 6 76838433310655 26921661629
14 6 0 22 10 16 76838433310655 26921652035
2 11 14 9 15 9 76838918015317 125316000158
16 14 0 12 22 6 76846416398630 197867992058
16 17 11 12 22 14 76846511146643 197773628847
2 6 0 9 15 18 76863299737361 191178069150
2 6 2 9 16 12 76863299737361 191178069165
14 6 9 22 10 16 76865354962690 44224763374
14 6 0 22 10 6 76865354972284 19199580923
14 6 4 22 10 6 76884554553207 40386969495
14 6 0 22 10 19 76884554553207 40386959145
16 2 2 12 9 14 76900814228779 154913819334
14 6 1 22 10 16 76909579726064 44224714126
2 11 0 9 12 0 76912858306422 162244807438
2 11 2 9 15 14 76912858306422 162244807404
14 6 0 22 10 9 76924941512352 66043939944
14 6 9 22 10 19 76924941522702 28862956466
2 14 0 9 16 18 76926079806264 158927668794
16 16 16 12 12 19 76933731791638 327724332256
16 16 17 12 12 10 76933731791638 327724457599
2 6 14 9 16 16 76943908157785 80648426349
14 6 9 22 10 20 76953804479168 34982306304
14 6 1 22 10 19 76953804479168 34982283514
2 11 14 9 15 15 76964234073537 60322818615
14 0 9 22 22 20 76976919157373 138522957495
14 0 1 22 22 19 76976970224638 138471931542
14 6 1 22 10 20 76988786785472 16630242507
14 6 0 22 10 22 76990985452296 66043887096
14 6 6 22 10 10 77005417027979 16630210759
14 6 6 22 10 19 77022047238738 34982305643
14 6 7 22 10 10 77022047238738 34982360252
2 6 15 9 16 16 77024556584134 60458254284
2 11 15 9 15 15 77024556892152 63837912380
2 11 14 9 15 17 77024556892152 166935200083
16 14 4 12 22 6 77044284390688 209379543948
16 14 0 12 22 19 77044284751966 418758920503
16 17 1 12 22 9 77044284775490 250456416977
16 14 1 12 9 16 77044284945086 374129588388
16 14 9 12 22 16 77044284945086 374129418781
2 6 0 9 16 12 77054477806526 90884147380
16 2 14 12 9 4 77055727866844 378226371997
16 2 0 12 9 14 77055728048113 191501037611
16 2 2 12 9 15 77055728048113 191436936656
14 6 0 22 19 20 77057029339392 100240156376
14 6 6 22 10 22 77057029544381 31921511306
14 6 7 22 10 19 77057029598990 31921385503
2 11 0 9 15 14 77075103113860 77129653924
2 6 14 9 16 1 77085007475058 159649014801
2 6 2 9 16 20 77085014838418 60347130896
2 11 2 9 15 16 77088394804532 63837924103
14 7 0 22 10 19 77088950984493 121851392950
14 6 4 22 10 9 77088950984493 50311376531
14 6 7 22 10 22 77088951055687 50328361659
14 6 6 22 10 12 77088951055687 84279408305
14 0 0 22 22 22 77089237901799 296416836712
14 0 1 22 22 20 77115442156180 65848978035
14 6 11 22 10 9 77139262361024 50328409074
14 6 4 22 10 22 77139279417346 50311352020
2 6 2 9 16 15 77145361969314 72633860935
2 6 0 9 16 20 77145361969314 72633818766
2 11 2 9 15 9 77152232728635 69878329665
2 11 0 9 15 16 77152232767784 69878232848
14 6 0 22 19 21 77157269495768 100240215361
14 6 7 22 10 12 77173230463992 84279530080
14 0 6 22 22 10 77181291134215 65848657549
14 6 11 22 10 22 77189590770098 23922041147
2 11 14 9 15 18 77191492092235 166935617152
14 7 9 22 10 19 77210802377443 121852323272
14 6 9 22 10 5 77213512811245 58664280374
14 7 0 22 10 22 77213512811245 44000594893
2 6 0 9 16 15 77217995830249 34528964497
2 11 0 9 15 9 77222111058300 33219315686
2 6 14 9 16 5 77244656489859 115028387836
14 0 6 22 22 19 77247139791764 138515615439
14 0 7 22 22 10 77247139791764 138515669445
16 2 2 12 9 0 77247164984769 191499010852
16 2 0 12 9 15 77247229085724 191434994947
2 6 6 9 16 19 77252524794746 34529324395
16 14 11 12 22 6 77253663934636 209379890867
2 11 6 9 15 10 77255330373986 33219373037
14 6 0 22 19 22 77257509711129 135258200380
14 6 4 22 19 21 77257509994072 69035034747
14 7 4 22 10 22 77257513406138 69033073430
14 7 0 22 10 2 77257513406138 138066225346
16 16 16 12 12 22 77261456123894 260443060857
16 16 17 12 12 19 77261456249237 260442848936
14 6 1 22 10 5 77272177091619 123402492807
14 6 9 22 19 20 77272177091619 123402496889
2 6 6 9 16 20 77287054119141 72633796125
2 6 11 9 16 19 77287054119141 72633843327
2 11 6 9 15 16 77288549747023 69878200308
2 11 11 9 15 10 77288549747023 69878233588
16 17 18 12 22 9 77294741192467 250456564272
14 6 11 22 19 21 77326545028819 69034988133
14 7 11 22 10 22 77326546479568 69033259957
14 7 1 22 10 19 77332654700715 121852068912
2 11 6 9 15 18 77358427947331 56352697519
2 11 11 9 15 16 77358427980611 56352647405
2 6 14 9 5 3 77359684877695 257134650439
2 6 6 9 16 5 77359687915266 61271213155
2 6 11 9 16 20 77359687962468 61271168011
14 0 6 22 22 22 77385655407203 109398841908
14 0 7 22 22 19 77385655461209 109398722243
14 6 0 22 19 0 77392767911509 135259194290
14 6 1 22 19 20 77395579588508 67771885358
14 7 0 22 10 5 77395579631484 147155859526
14 7 9 22 10 2 77395579739525 58927246551
14 6 9 22 19 22 77395580016952 67749329908
2 11 15 9 15 17 77414780628016 74562602694
2 11 11 9 15 18 77414780644850 74587546284
2 11 6 9 15 19 77414780644850 129735171046
16 14 1 12 22 16 77418414533474 177857623981
2 6 6 9 16 9 77420959128421 94660918812
2 6 15 9 16 1 77420959130479 94660639058
2 6 11 9 16 5 77420959130479 94660816412
16 2 14 12 9 16 77433954238841 378225129953
16 2 0 12 9 0 77438664080671 91022642361
14 7 9 22 10 4 77454506986076 79770358972
14 7 1 22 10 2 77454506986076 79770336891
16 14 9 12 22 19 77463043825503 133228043597
14 6 9 22 19 15 77463329346860 67771462221
14 6 1 22 19 22 77463351473866 67749387552
2 11 12 9 15 17 77489343230710 74586503364
2 11 15 9 15 18 77489368191134 74561535911
14 0 4 22 22 9 77495054183452 130964201486
14 0 7 22 22 22 77495054249111 131006270837
14 0 6 22 22 12 77495054249111 385588889077
2 6 12 9 16 1 77515619769537 101202949888
2 6 15 9 16 5 77515619946891 101202753316
2 6 11 9 16 9 77515620047233 83761264080
16 16 14 12 12 9 77521899098173 334252301794
16 16 17 12 12 22 77521899184751 334356757029
16 16 16 12 12 12 77521899184751 668615413870
14 6 0 22 19 1 77528027105799 135259404770
16 2 6 12 9 12 77529686723032 91023367837
14 6 1 22 19 15 77531100861418 32212756606
14 7 1 22 10 4 77534277345048 37922020661
14 7 0 22 10 8 77542735491010 147155772926
2 11 11 9 15 19 77544515815896 129735334486
16 14 0 12 22 9 77545197756739 250456890141
14 6 6 22 19 16 77563313618024 32212701038
2 11 12 9 15 18 77563929734074 35451616286
14 7 6 22 10 7 77572199365709 37921929608
14 6 6 22 19 22 77595526319062 67760719326
14 6 7 22 19 16 77595526319062 67760745471
16 14 9 12 22 20 77596271869100 152448012057
16 14 1 12 22 19 77596272157455 152447887497
2 11 2 9 15 22 77599381350360 37434989824
2 11 10 9 16 15 77599381350360 74869873484
14 7 6 22 10 2 77610121295317 79770209023
14 7 7 22 10 7 77610121295317 79770236505
2 6 14 9 5 15 77616819528134 400739882569
2 6 15 9 5 3 77616822700207 240495837606
2 6 12 9 16 5 77616822719425 57428465501
16 2 6 12 9 15 77620710090869 191469491127
16 2 11 12 9 12 77620710090869 191469557149
14 0 11 22 22 9 77626018384938 131005175680
14 0 4 22 22 22 77626060519948 130963641412
2 11 0 9 15 22 77636816340184 37435005704
14 6 6 22 19 1 77663287038388 52767890285
14 6 7 22 19 22 77663287064533 52767833565
2 6 2 9 16 21 77674251184926 136477850111
2 11 10 9 16 5 77674251223844 53834174280
2 15 2 9 4 0 77674251345888 42652403337
2 15 9 9 4 21 77674251345888 119778671428
2 11 7 9 16 15 77674251345888 150598513931
14 7 6 22 10 8 77689891504340 61080163184
14 7 7 22 10 2 77689891531822 61080110241
14 6 4 22 19 0 77716054898098 63929968862
14 6 7 22 19 1 77716054928673 63952567850
14 6 6 22 19 2 77716054928673 174631277915
2 15 3 9 4 0 77716903749225 67031642274
2 15 2 9 4 2 77716903749225 134063049137
2 11 15 9 16 5 77728085398124 84604356420
2 11 10 9 16 18 77728085398124 169208506115
16 14 1 12 22 20 77748720044952 72472071651
14 7 4 22 10 5 77750971642063 76810349022
14 7 7 22 10 8 77750971667524 76836968846
14 7 6 22 10 11 77750971667524 170115177435
14 6 0 22 22 10 77757023560618 134884270681
14 0 11 22 22 22 77757024161360 127300738294
14 6 11 22 19 0 77779984866960 63948574363
14 6 4 22 19 1 77780007496523 63925956654
2 15 0 9 4 0 77783935391499 67031601807
2 15 7 9 4 21 77794030017316 119778738894
16 14 0 12 22 22 77795654646880 250456632883
2 6 0 9 16 21 77810729035037 287085805321
2 6 2 9 5 14 77810729035037 287085792058
16 2 6 12 9 16 77812179581996 148779884346
16 2 11 12 9 15 77812179648018 148779768061
2 11 0 9 16 5 77812689754544 84604342308
16 14 6 12 22 10 77821192116603 72472032944
2 11 16 9 16 15 77824849859819 150599073723
14 7 11 22 10 5 77827781991085 76833086592
14 7 4 22 10 8 77827808636370 76806433784
14 7 0 22 19 16 77843933441323 99657669071
14 6 11 22 19 1 77843933453177 46753028567
2 15 2 9 4 4 77850966798362 153454220905
2 15 9 9 4 2 77850966993306 62841865267
16 16 2 12 12 9 77856151399967 334363305833
16 16 14 12 12 22 77856255941780 334258695907
2 6 12 9 5 3 77857318537813 240496279860
14 0 7 22 22 12 77880643138188 385589209096
14 0 9 22 22 5 77884324899654 127301149913
14 6 7 22 19 2 77890686206588 200515642835
14 6 9 22 19 5 77890686481744 72303038235
14 6 3 22 22 22 77890686481744 136105135526
14 6 0 22 22 19 77891907831299 134879336873
16 14 6 12 22 19 77893664149547 152447474345
16 14 7 12 22 10 77893664149547 152447516312
2 11 10 9 16 8 77897293904239 200521269214
2 11 7 9 16 18 77897294096852 78154806893
14 7 11 22 10 8 77904615077677 36520832378
2 15 9 9 4 11 77913808858573 82712499187
2 15 7 9 4 2 77913808858573 82712472470
14 7 7 22 10 11 77921086844959 170115290646
14 7 3 22 19 19 77941135910055 102113263206
14 7 9 22 10 20 77941135910055 61362846697
14 7 0 22 19 1 77943591110394 99658003951
16 2 15 12 9 4 77960959416079 190944960364
16 2 11 12 9 16 77960959466342 191006252167
16 2 6 12 9 5 77960959466342 381950992423
14 6 1 22 19 5 77962989519979 152092161874
14 6 9 22 22 10 77962989519979 152092161878
2 11 7 9 16 19 77975448903745 103263927438
2 11 16 9 16 18 77975448933542 103263895458
2 15 7 9 4 11 77996521357760 39321067828
14 7 1 22 10 20 78002498756752 129078932665
14 7 9 22 19 16 78002498756752 129078932697
2 15 2 9 4 6 78004421019267 153454126184
14 0 1 22 22 5 78011626049567 127300769311
2 6 14 9 5 4 78017559410703 400739795851
14 6 0 22 22 22 78026791617270 64410412757
2 15 13 9 4 13 78035842425588 39320593612
14 7 0 22 19 19 78043249173261 47953142430
16 14 6 12 22 22 78046111623892 113662619146
16 14 7 12 22 19 78046111665859 113662540249
2 15 13 9 4 2 78075163019200 82712359251
2 15 18 9 4 13 78075163019200 82712381031
2 11 16 9 16 19 78078712831183 49090685457
14 6 4 22 22 22 78091202030027 48091760750
14 7 4 22 19 19 78091202315691 50869117711
14 7 0 22 19 2 78091202315691 132962234670
2 6 2 9 5 15 78097814827095 182527443170
2 6 0 9 5 14 78097814840358 182584414589
2 11 10 9 16 21 78097815173453 182342519802
14 6 1 22 22 10 78115081681857 72302940720
2 11 8 9 16 9 78127803516640 49090560830
14 7 1 22 19 16 78131577689449 61362663007
14 6 0 22 22 0 78138926818878 127305783707
14 6 9 22 22 11 78139293790777 48090855746
14 7 9 22 19 22 78142071433402 50868897994
16 2 12 12 9 4 78151904376443 191006126938
16 2 15 12 9 16 78151965718509 190944757194
2 15 13 9 4 6 78157875378451 66520286336
2 15 18 9 4 2 78157875400231 60572907831
16 14 4 12 22 9 78159774206108 145874144873
16 14 7 12 22 22 78159774243038 145922638170
16 14 6 12 22 12 78159774243038 291795755172
2 11 8 9 16 18 78176894077470 103263848695
2 11 14 9 16 9 78176894077470 103263881070
14 6 9 22 22 19 78187384646523 57842491854
14 6 1 22 22 11 78187384646523 57842457341
16 16 1 12 12 12 78190514637687 322774408669
16 16 2 12 12 22 78190514705800 217817797299
14 7 9 22 19 1 78192940331396 55641901714
14 7 1 22 19 22 78192940352456 55641822103
2 15 3 9 4 4 78218448308062 107515023573
2 12 15 9 4 2 78218448308062 155920806689
14 7 0 22 19 5 78224164550361 132962349200
2 15 18 9 4 6 78224395664787 104541851006
2 15 13 9 4 8 78224395664787 209083094335
14 6 1 22 22 19 78245227138377 27497687036
14 7 1 22 19 1 78248582233110 26451569498
14 6 0 22 22 12 78266232602585 91827617042
14 6 6 22 22 8 78272724825413 27497688059
14 7 6 22 19 4 78275033802608 26451488278
2 11 8 9 16 21 78280157926165 78298786147
2 11 14 9 16 18 78280157958540 78298739760
2 6 2 9 5 0 78280342270265 182579260084
2 6 0 9 5 15 78280399254947 182522335849
14 6 6 22 22 11 78300222513472 57842406133
14 6 7 22 22 8 78300222513472 57842444961
14 7 6 22 19 22 78301485290886 55641848142
14 7 7 22 19 4 78301485290886 55641875812
16 14 11 12 22 9 78305648350981 145921650329
16 14 4 12 22 22 78305696881208 145873129131
2 15 0 9 4 4 78325963331635 107515528539
2 15 3 9 4 6 78328937515793 104541308139
16 2 7 12 9 5 78342910475703 232474116466
16 2 12 12 9 16 78342910503381 108659545625
14 7 6 22 19 5 78357127139028 44874156902
14 7 7 22 19 22 78357127166698 44874115207
14 6 0 22 12 6 78358060219627 204930291378
14 6 6 22 22 12 78358064919605 48821949349
14 6 7 22 22 11 78358064958433 48821912508
2 11 15 9 16 8 78358456698300 107382990877
2 11 14 9 16 21 78358456712312 107432698430
2 11 8 9 16 11 78358456712312 161111124964
2 12 1 9 4 2 78374369114751 155921410589
14 7 4 22 19 2 78402001281905 59374542232
14 7 7 22 19 5 78402001295930 59394618587
14 7 6 22 19 8 78402001295930 103307655026
14 6 6 22 22 1 78406886868954 75427787124
14 6 4 22 22 0 78406886870941 75427561855
14 6 7 22 22 12 78406886870941 75427704348
16 16 0 12 12 5 78408332503099 217817239317
2 6 14 9 5 16 78418299206554 400740179418
2 15 14 9 4 8 78433478823932 84244510807
2 15 0 9 4 6 78433478860174 80528773517
16 14 11 12 22 22 78451570010339 128165241489
16 14 10 12 22 12 78451570010339 192247664776
16 2 2 12 9 18 78451570049006 192247532196
16 2 10 12 22 10 78451570049006 123814691213
14 7 11 22 19 2 78461375824137 59394303525
14 7 4 22 19 5 78461395914517 59374207355
2 6 0 9 5 0 78462921590796 86783839526
2 11 0 9 16 8 78465839689177 107404846585
2 11 15 9 16 21 78465889410742 107407262102
14 6 11 22 22 0 78482314432796 80680922840
14 6 4 22 22 12 78482314575289 80680764839
14 6 7 22 22 1 78482314656078 66686017848
14 7 7 22 19 8 78505308950956 103307580834
16 16 17 12 12 12 78513289046356 322775618798
2 15 9 9 4 14 78514007633691 166672909895
2 12 15 9 4 6 78514007633691 172204512243
2 15 18 9 4 8 78517723334739 84244399283
2 11 14 9 16 11 78519567837276 161112492876
14 7 11 22 19 5 78520770127662 28230601086
2 12 5 9 4 2 78530290525340 155921686860
14 7 9 22 19 17 78549000728748 29808006846
14 7 3 22 22 19 78549000728748 59615887842
2 6 6 9 5 12 78549705430322 86783868152
14 6 0 22 12 19 78562990511005 324083589994
14 6 4 22 12 6 78562995340128 192567709652
14 6 11 22 22 12 78562995355636 45621206129
2 15 2 9 16 3 78573244535762 107435620183
2 11 0 9 16 21 78573296672844 107383696405
16 2 11 12 9 5 78575384592169 364028351200
16 2 14 12 22 10 78575384740219 182014239908
16 2 10 12 22 19 78575384740219 265205592086
14 7 1 22 19 17 78578808735594 29807991050
16 14 9 12 22 5 78579735251828 128165065081
2 12 12 9 4 21 78601967734022 84244539902
14 6 9 22 22 14 78608616561765 109395547117
14 7 3 22 22 12 78608616616590 42921121452
14 4 9 22 9 20 78608616726644 33838558563
14 4 18 22 9 14 78608616726644 95027343622
14 7 10 22 22 19 78608616726644 119925929256
16 16 11 12 12 5 78626149742416 217817188198
2 6 6 9 5 15 78636489298474 182553494954
2 6 11 9 5 12 78636489298474 182553566983
14 4 13 22 9 20 78642455285207 53179915668
14 4 9 22 9 3 78642455285207 106359787760
16 14 7 12 22 12 78643817675115 192247796725
16 2 0 12 9 18 78643817581202 192248015168
14 7 4 22 22 12 78651537738042 67453949515
14 7 3 22 22 5 78651537738042 134907915373
2 15 3 9 16 3 78680680155945 113797074612
2 15 2 9 16 15 78680680330152 227593526607
2 11 7 9 16 4 78680680369249 136122577469
2 15 7 9 4 14 78680680543586 203338013420
2 15 9 9 16 14 78680680543586 203337914508
2 12 15 9 4 10 78686212145934 205671399177
2 12 2 9 4 21 78686212273924 104133328257
2 12 12 9 4 6 78686212273924 104099680142
14 4 1 22 9 20 78695635200875 53180041376
14 4 10 22 9 14 78703644070266 95027094533
16 14 1 12 22 5 78707900316909 128165349060
14 6 1 22 22 14 78718012108882 230118681687
14 6 9 22 12 16 78718012108882 230118674171
14 7 1 22 22 12 78718991687557 67454126983
14 7 8 22 22 19 78728542655900 119925823957
14 4 9 22 9 9 78748815072967 121743625991
14 4 18 22 9 3 78748815242251 49856028796
14 6 11 22 12 6 78755563049780 192567719828
16 2 2 12 22 10 78757398980127 182014144568
14 7 3 22 22 21 78786445653415 161685386512
14 7 10 22 22 5 78786445814540 62022653119
2 12 12 9 4 1 78790311954066 104133780421
2 12 2 9 4 6 78790345602181 104100180546
2 15 0 9 16 3 78794477230557 113796765092
14 4 18 22 9 7 78798671271047 65620454100
14 4 10 22 9 3 78798671271047 65620432596
2 11 16 9 16 4 78816802946718 136122607884
2 6 6 9 5 16 78819042793428 144900081092
2 6 11 9 5 15 78819042865457 144899958995
16 2 0 12 22 1 78836065596370 103347530061
16 1 10 12 12 15 78836065665969 78935294082
16 2 10 12 22 5 78840590332305 265201801615
16 1 0 12 12 14 78843966930614 217814676768
14 7 10 22 22 8 78848468467659 82048229825
14 7 8 22 22 5 78848468479857 82048204002
14 4 10 22 9 7 78864291725147 31195228459
14 4 9 22 9 15 78870558698958 121743622955
2 15 7 9 16 14 78884018557006 96664983211
14 6 0 22 12 9 78887074100999 324083779649
2 12 15 9 4 14 78891883545111 205669954654
2 12 2 9 4 1 78894445782727 49495803929
14 4 15 22 9 13 78895486953606 31195282544
2 15 9 9 16 15 78908273995649 72409325912
16 1 14 12 12 15 78915000960051 124053001697
16 1 10 12 12 16 78915000960051 248105372798
14 4 15 22 9 3 78926682236150 65620320933
14 4 16 22 9 13 78926682236150 65620338909
14 7 8 22 22 8 78930516697484 39004856748
16 2 11 12 22 1 78939413126431 109258029316
16 2 0 12 22 19 78939413126431 109222112096
2 12 13 9 4 5 78943941586656 49495735674
14 6 9 22 12 19 78948130783053 148583130882
14 6 1 22 12 16 78948130790569 148632663191
14 7 3 22 22 14 78948131039927 142443283310
2 15 2 9 16 4 78952925554602 136122523784
2 6 15 9 5 4 78963942824452 185966302770
2 6 11 9 5 16 78963942874520 186027662352
2 6 6 9 5 5 78963942874520 371995161414
14 7 14 22 22 1 78969521554232 39004883878
2 15 9 9 16 0 78980683321561 82855401409
2 15 7 9 16 15 78980683540217 82855330478
14 4 15 22 9 15 78992302557083 52778396017
14 4 16 22 9 3 78992302575059 48052459577
2 12 13 9 4 6 78993437322330 104116401828
2 12 0 9 4 5 78993437322330 104116439481
14 7 14 22 22 5 79008526438110 82048120277
14 7 0 22 22 1 79008526438110 82048146126
16 1 2 12 12 15 79039053961748 124052676466
14 4 13 22 9 9 79040355034636 85307978125
14 11 4 22 9 3 79040355034636 123658769714
14 4 16 22 9 15 79045080953100 82945331849
14 4 15 22 9 21 79045080953100 165890176697
16 2 0 12 22 2 79048635238527 109257285754
16 2 11 12 22 19 79048671155747 109221384873
16 1 11 12 12 14 79061781607382 217815152915
2 15 7 9 16 0 79063538870695 39388563541
2 15 2 9 16 16 79089048078386 136122764424
14 7 14 22 22 14 79090574558387 61971223649
14 7 0 22 22 5 79090574584236 61971186514
14 6 9 22 12 20 79096713913935 148634097578
14 6 1 22 12 19 79096763453760 148584610908
2 12 13 9 4 14 79097553724158 80902675624
2 12 0 9 4 6 79097553761811 80902609325
2 15 13 9 16 12 79102927434236 39388515275
16 2 10 12 22 14 79105792133920 265201489563
14 4 1 22 9 9 79125663012761 85308210611
14 4 13 22 9 15 79128026284949 82944908887
2 15 13 9 16 15 79142315949511 82855221664
2 15 18 9 16 12 79142315949511 82855245854
2 6 12 9 5 4 79149909127222 186029010592
2 6 15 9 5 16 79149970536872 185967552625
14 7 4 22 22 21 79152545770750 84987486833
14 7 0 22 22 14 79152545782036 85026859142
14 7 14 22 22 7 79152545782036 127512746970
16 2 11 12 22 2 79157892540620 51931199708
16 1 10 12 12 17 79163106332849 282919174435
16 1 0 12 12 16 79163106638214 116491058269
14 11 5 22 9 3 79164013804350 123658543227
2 12 1 9 4 10 79178456371136 103816852092
2 12 0 9 4 14 79178456399782 103872095093
2 12 13 9 4 18 79178456399782 207727947635
16 2 16 12 22 11 79209823740328 51931099035
14 4 0 22 9 21 79210971193836 66786729837
14 4 1 22 9 15 79210971223372 63944719305
14 6 0 22 12 22 79211157880648 324084135121
2 15 13 9 16 16 79225171171175 61775452246
2 15 18 9 16 15 79225171195365 61775406932
14 7 1 22 22 21 79237533257583 85009525048
14 7 4 22 22 14 79237572641178 85009068715
14 6 1 22 12 20 79245348064668 70646142072
16 2 16 12 22 19 79261754839363 109239024616
16 2 17 12 22 11 79261754839363 109239075153
14 4 18 22 9 16 79274915942677 132655576644
14 11 4 22 9 15 79274915942677 136415495349
14 4 16 22 9 21 79277757923673 66786740013
16 1 0 12 12 9 79279597696483 152281100998
16 1 11 12 12 16 79279597696483 152281052222
14 7 0 22 22 7 79280058529006 127512783221
2 12 5 9 4 10 79282273223228 103911176655
2 12 1 9 4 14 79282328494875 103855888998
2 15 3 9 16 4 79286946602297 79282898444
2 15 18 9 16 16 79286946623421 79309258941
2 15 13 9 16 5 79286946623421 158591655378
14 11 2 22 9 3 79287672347577 123659131780
14 6 6 22 12 10 79315994206740 70646154538
14 4 9 22 22 6 79322542782631 85028405201
14 7 1 22 22 14 79322581709893 84989645634
2 6 7 9 5 5 79335938089497 166261377512
2 6 12 9 5 16 79335938137814 128274562151
14 11 11 22 9 14 79344544663686 66786888718
2 15 0 9 16 4 79366229500741 79308805018
2 15 3 9 16 16 79366255882362 79282432194
16 2 16 12 22 14 79370993863979 88351329253
16 2 17 12 22 19 79370993914516 88351246430
2 12 18 9 4 18 79386184383873 125265762338
2 12 5 9 4 14 79386184399883 59353956275
14 6 6 22 12 19 79386640361278 148606731569
14 6 7 22 12 10 79386640361278 148606790632
14 4 13 22 22 6 79407571187832 90166464278
14 4 9 22 22 19 79407571312227 180332718811
14 7 10 22 22 9 79407571355527 107856234535
14 4 10 22 9 16 79407571519321 161114036864
14 4 18 22 22 16 79407571519321 161113954700
14 11 4 22 9 4 79411331438026 163038211349
14 11 9 22 9 14 79411331552404 82548017992
14 11 11 22 9 15 79411331552404 82520065671
16 1 11 12 12 9 79431878797481 72392814572
2 15 0 9 16 16 79445538314556 74307686842
2 15 14 9 16 5 79445538314556 101865320803
2 12 12 9 4 7 79445538356158 101865336872
2 12 14 9 16 12 79445538356158 65911904500
16 1 10 12 12 18 79446025507284 282919604583
16 2 14 12 22 5 79459345160946 113390703893
16 2 17 12 22 14 79459345193232 113429374227
16 2 16 12 22 0 79459345193232 226817764492
2 6 2 9 5 18 79464212699965 128274416709
14 11 11 22 9 0 79493851618075 82550414149
14 11 9 22 9 15 79493879570396 82522500830
14 4 1 22 22 6 79497737652110 90166514475
2 6 11 9 5 5 79502199467009 166260825303
16 1 16 12 12 10 79504271612053 72392751961
2 12 0 9 4 18 79511450146211 186244503529
2 12 15 9 16 12 79511450260658 93122162280
2 12 14 9 16 15 79511450260658 157011060894
14 7 8 22 22 9 79515427590062 107856065094
2 15 9 9 16 18 79519846001398 74307635664
14 6 6 22 12 22 79535247092847 117805062989
14 6 7 22 12 19 79535247151910 117804962604
2 12 2 9 4 7 79547403693030 101865370534
2 15 18 9 16 5 79547403635359 101865338077
14 4 10 22 22 16 79568685556185 76592040538
16 2 2 12 22 5 79572735864839 113427168404
16 2 14 12 22 14 79572774567459 113388441831
14 11 4 22 9 16 79574369649375 163037582024
14 11 9 22 9 0 79576402071226 39235725074
16 1 16 12 12 16 79576664364014 152280976524
16 1 17 12 12 10 79576664364014 152281024222
14 4 18 22 22 19 79587904166585 57373239548
2 6 0 9 5 18 79592487116674 128274545925
2 15 7 9 16 18 79594153637062 74307636515
2 12 12 9 16 12 79604572422938 93122378623
14 11 15 22 9 12 79615637796300 39235719033
14 4 9 22 22 9 79623283655156 107856137916
14 4 18 22 22 20 79645277406133 65650066315
14 4 10 22 22 19 79645277596723 65650008819
2 12 2 9 16 9 79649269063564 48425740803
14 6 4 22 12 9 79653052114514 151185713591
14 6 7 22 12 22 79653052155836 151239536907
14 6 6 22 12 12 79653052155836 302437338279
14 11 15 22 9 15 79654873515333 82533943930
14 11 1 22 9 12 79654873515333 82533974539
2 7 14 9 5 6 79668461273577 54725713959
2 12 14 9 16 18 79668461321552 119932617947
16 2 1 12 22 0 79686163009290 110288126869
16 2 2 12 22 14 79686163033243 73525425577
2 12 0 9 16 9 79697694804367 53323744146
2 12 2 9 16 15 79697694804367 53305147063
14 4 10 22 22 20 79710927605542 31209355800
2 7 2 9 5 21 79720761662599 128274656289
2 7 15 9 5 6 79723186987536 86005889184
2 7 14 9 5 14 79723186987536 172011475622
16 1 16 12 12 18 79728945340538 117369895816
16 1 17 12 12 16 79728945388236 116203086996
14 4 9 22 22 22 79731139793072 107856205814
14 11 15 22 9 16 79737407459263 64132388862
14 11 1 22 9 15 79737407489872 64132335137
14 4 15 22 22 10 79742136961342 31209352148
2 12 2 9 16 17 79750999951430 53323399683
2 12 0 9 16 15 79751018548513 53304810536
16 2 0 12 22 4 79759688458820 73525406545
14 4 15 22 22 19 79773346313490 65649999898
14 4 16 22 22 10 79773346313490 65650019813
2 12 14 9 16 21 79788393939499 119932544609
16 2 17 12 22 0 79796451136159 110288035024
14 11 5 22 9 4 79801539825009 82307038899
14 11 1 22 9 16 79801539848125 82334335309
14 11 15 22 9 5 79801539848125 164641732391
14 6 11 22 12 9 79804237828105 151251765528
14 6 4 22 12 22 79804291692743 151197857525
2 12 0 9 16 17 79804323359049 25344830467
2 7 12 9 5 6 79809192876720 86005888724
2 12 6 9 16 20 79829668189516 25344794615
16 2 11 12 22 4 79833213865365 73525391283
14 4 15 22 22 22 79838996313388 48947504711
14 4 16 22 22 19 79838996333303 48947467584
16 17 10 12 12 16 79845148475232 356403813746
16 1 14 12 12 17 79845148475232 185029847691
16 1 17 12 12 18 79846315236354 184451847005
16 1 16 12 12 19 79846315236354 368899251810
2 7 0 9 5 21 79849036318888 128274364221
2 12 6 9 16 15 79855012984131 53313746006
2 12 11 9 16 20 79855012984131 53313770946
14 11 2 22 9 4 79883846863908 82334772208
14 11 5 22 9 16 79883874183434 82307439405
14 4 13 22 22 9 79887943800887 62820248038
14 4 16 22 22 22 79887943818099 62841950968
14 4 15 22 22 12 79887943818099 125660017073
2 7 14 9 5 22 79895198463158 189030255691
2 7 2 9 5 14 79895198765444 82112869103
16 0 10 12 5 6 79906739256648 59426992348
16 0 0 12 5 16 79906739256648 166886184047
2 12 6 9 16 21 79908326730137 42516585952
2 12 11 9 16 15 79908326755077 42516544255
14 4 1 22 22 9 79950764048925 62839814286
14 4 13 22 22 22 79950785769067 62818111075
2 12 15 9 16 18 79950843299332 54565778052
2 12 11 9 16 21 79950843316089 54583896487
2 12 6 9 16 1 79950843316089 109149383432
14 6 10 22 12 12 79955489550268 131524839416
14 6 11 22 12 22 79955489593633 106605455730
16 0 14 12 5 6 79966166248996 93394142497
16 0 10 12 5 19 79966166248996 186788267002
14 11 16 22 9 5 79966181622839 97760307039
14 11 2 22 9 16 79966181636116 47422276049
2 7 2 9 5 4 79977311634547 100294783292
2 7 0 9 5 14 79977311634547 100294732528
2 12 12 9 16 18 80005409077384 54583691165
2 12 15 9 16 21 80005427212576 54565543167
14 4 1 22 22 22 80013603880142 68312196867
14 4 0 22 22 12 80013603880142 76267404684
14 11 11 22 9 18 80013603912165 76267369262
14 11 0 22 22 10 80013603912165 50338390105
16 1 2 12 12 17 80030178322923 185035530179
16 1 14 12 12 18 80030767083359 184447453674
16 0 2 12 5 6 80059560391493 93394367491
2 12 7 9 16 1 80059992755743 53072940609
2 12 12 9 16 21 80059992768549 35381944459
14 6 9 22 12 5 80062095049363 106603232885
14 11 1 22 9 5 80063941929878 102196800167
14 11 4 22 22 10 80063942302270 77299059216
14 11 0 22 22 19 80063942302270 154597879241
16 0 11 12 5 16 80073625440695 166885981754
2 7 0 9 5 4 80077606417839 47679059493
14 4 18 22 22 5 80081916077009 68312046106
2 7 14 9 5 7 80084228718849 189030373191
14 6 7 22 12 12 80087014389684 131524772760
14 11 9 22 9 18 80089871281427 76267523373
14 4 16 22 22 12 80089871284826 76267453625
2 12 2 9 16 10 80095374713008 35382021889
2 12 11 9 16 1 80113065696352 53072946912
2 7 6 9 5 12 80125285477332 47679075564
2 12 0 9 16 10 80130756734897 35381986988
14 11 11 22 22 10 80141241361486 77299164328
14 4 10 22 22 5 80150228123115 68312021390
16 0 10 12 5 9 80152954515998 213805280966
16 0 0 12 5 19 80152954758984 87556762115
2 2 14 9 18 3 80166138721885 49553181037
2 2 2 9 18 14 80166138721885 139157982515
2 10 13 22 10 10 80166138804800 54730278928
2 10 10 22 10 1 80166138804800 54730265796
14 11 9 22 22 1 80166138804800 52401674445
14 6 1 22 12 5 80168698282248 106604923230
2 7 6 9 5 14 80172964552896 100294771711
2 7 11 9 5 12 80172964552896 100294805713
16 17 0 12 12 16 80201552288978 356406169370
16 17 10 12 12 6 80215213853102 191575989067
16 1 2 12 12 18 80215214537033 324527086986
16 1 1 12 12 19 80215214537033 191576444349
2 2 15 9 18 3 80215691902922 77876905040
2 2 14 9 18 15 80215691902922 155753435350
14 10 0 22 12 15 80218540144505 47768233629
14 11 0 22 22 5 80218540181511 121701641673
14 11 1 22 22 1 80218540479245 61620026247
14 11 9 22 22 19 80218540525814 61599258348
2 10 0 22 10 1 80220869070596 89906437997
2 10 10 22 10 10 80220869083728 39031647038
16 0 0 12 5 20 80240511521099 115242128505
16 0 11 12 5 19 80240511521099 115242092381
2 10 14 22 10 10 80259900730766 82104575548
2 10 10 22 10 19 80259900730766 82104556691
14 10 4 22 12 15 80266308378134 75071209645
14 10 0 22 12 16 80266308378134 150142046887
2 7 6 9 5 7 80273259324607 77175194439
2 7 11 9 5 14 80273259358609 77138247719
14 10 9 22 12 14 80275303205478 106605483559
14 11 9 22 22 2 80280139784162 61618299379
14 11 1 22 22 19 80280160505492 61597575011
2 2 12 9 18 3 80293568807962 77876745091
2 2 0 9 18 14 80305296704400 139158068494
2 10 11 22 10 1 80310775508593 89906434520
14 11 0 22 22 14 80340241823184 121702246632
14 10 11 22 12 15 80341379587779 75071141715
14 11 1 22 22 2 80341758083541 29288428452
2 10 10 22 10 5 80342005287457 134263527199
2 10 0 22 10 19 80342005306314 58676654400
2 11 14 9 5 14 80350397606328 242533640320
2 7 15 9 5 22 80350397606328 121251943281
2 7 11 9 5 7 80350434519046 121263387531
2 7 6 9 5 15 80350434519046 242496844320
16 0 11 12 5 20 80355753649604 54784926736
16 0 10 12 5 22 80366759796964 213805541952
14 11 6 22 22 11 80371046511993 29288433303
2 2 14 9 18 4 80371445338272 178281643065
2 2 2 9 18 15 80371445553053 73009321795
14 10 1 22 12 14 80381908689037 106605278015
14 11 6 22 22 19 80400334945296 61609365267
14 11 7 22 22 11 80400334945296 61609389205
2 10 0 22 10 2 80400681960714 71117087698
2 10 11 22 10 19 80400681960714 71117048378
16 17 14 12 12 6 80406789842169 191576084075
16 1 17 12 12 19 80406790981382 191575790207
16 0 16 12 5 10 80410538576340 54784912080
14 10 0 22 12 17 80416450425021 163071775971
14 10 9 22 12 16 80416450729494 72064197378
2 2 2 9 18 0 80444454874848 96094765702
2 2 0 9 18 15 80444454874848 96094735202
14 11 6 22 22 14 80461944310563 47872964337
14 11 7 22 22 19 80461944334501 47872922569
16 0 16 12 5 19 80465323488420 115242080141
16 0 17 12 5 10 80465323488420 115242111326
2 7 12 9 5 22 80471649549609 121281837135
2 7 15 9 5 7 80471697906577 121233488331
2 10 11 22 10 2 80471799048412 33808326113
2 10 10 22 10 14 80476268814656 134263506007
14 10 9 22 12 9 80488514926872 86105902664
14 10 1 22 12 16 80488514926872 86105850971
2 10 16 22 10 11 80505607374525 33808291041
14 11 4 22 22 5 80509817257070 61440699378
14 11 7 22 22 14 80509817274900 61461592480
14 11 6 22 22 0 80509817274900 122901888546
2 10 16 22 10 19 80539415665566 71116943468
2 10 17 22 10 11 80539415665566 71117188374
16 1 0 12 12 22 80539741624019 324527407867
2 2 0 9 18 0 80540549640550 45682403756
2 2 14 9 18 16 80549726981337 178281848537
16 17 11 12 12 16 80557958458348 356414476592
14 11 11 22 22 5 80571257956448 61461277251
14 11 4 22 22 14 80571278867380 61440351676
14 10 1 22 12 9 80574620829536 40933888389
14 10 0 22 12 18 80579522200992 163072003314
16 0 16 12 5 22 80580565568561 91554608316
16 0 17 12 5 19 80580565599746 85357678080
2 2 6 9 18 12 80586232044306 45682347248
2 11 2 9 5 14 80592931246648 339616372423
2 11 14 9 5 3 80592931386744 179915813229
2 7 12 9 5 7 80592931394908 102391424336
2 7 7 9 5 15 80592931394908 153586989797
16 17 2 12 12 6 80598365926244 191576003408
16 17 10 12 12 19 80598366771589 191575097632
2 10 10 22 19 1 80610532320663 156587281379
2 10 16 22 10 14 80610532609034 68403115613
2 10 17 22 10 19 80610532853940 68402861332
14 10 6 22 12 10 80615554717925 40933844893
2 2 6 9 18 15 80631914391554 96094669899
2 2 11 9 18 12 80631914391554 96094696367
14 11 10 22 22 0 80632719219056 59759290482
14 11 11 22 22 14 80632719233699 39839607116
14 10 6 22 12 16 80656488562818 86105875515
14 10 7 22 12 10 80656488562818 86105904483
16 0 14 12 5 9 80665923277826 146982846174
16 11 10 12 5 19 80665923277826 229692190165
16 0 17 12 5 22 80672120176877 143885776474
16 0 16 12 5 12 80672120176877 287770163759
14 11 9 22 22 4 80672558840815 39839661544
2 10 14 22 10 5 80678935715272 98865590716
2 10 17 22 10 14 80678935724647 98897577620
2 10 16 22 10 0 80678935724647 122385607379
14 11 7 22 22 0 80692478509538 59759487742
2 7 2 9 5 16 80695322819244 102391343232
14 11 1 22 22 4 80712398502359 39839571638
2 2 6 9 18 16 80728009061453 76342920884
2 2 11 9 18 15 80728009087921 71175368389
14 10 6 22 12 18 80742594438333 66641980076
14 10 7 22 12 16 80742594467301 65981759463
2 7 11 9 5 15 80746518384705 153586997889
14 9 0 22 5 6 80752238073997 32200407627
14 9 9 22 5 16 80752238073997 90426830462
2 10 10 22 19 10 80767119602042 156587022325
2 11 15 9 5 3 80772847199973 179915970171
2 10 2 22 10 5 80777801305988 98898276587
2 10 14 22 10 14 80777833302267 98866270919
14 9 4 22 5 6 80784438481624 50605534537
14 9 0 22 5 19 80784438481624 101210852870
16 17 10 12 12 9 80789941869221 398853788611
16 17 0 12 12 19 80789941929652 124431160854
2 7 0 9 5 16 80797714162476 102391354249
2 2 15 9 18 4 80799184456310 122562196649
2 0 14 9 18 15 80799184456310 191529237496
2 10 17 22 10 0 80801321332026 122385532351
2 2 11 9 18 16 80804351982337 119978947753
2 2 6 9 18 5 80804351982337 239957012740
14 7 0 22 12 16 80808576226764 202368256967
14 10 4 22 12 17 80808576226764 105055028886
14 10 7 22 12 18 80809236418409 104732498613
14 10 6 22 12 19 80809236418409 209461460599
16 0 2 12 5 9 80812906124000 146984199294
16 0 14 12 5 22 80816005953351 143884372483
14 9 11 22 5 6 80835044016161 50605482882
14 9 1 22 5 16 80842664904459 90426847697
16 1 11 12 12 22 80864269031886 324526670819
2 10 2 22 10 14 80876699582575 47007321754
14 9 0 22 5 9 80885649334494 115850115731
14 9 9 22 5 19 80885649499043 47442361892
16 11 14 12 5 19 80895615467991 229691876091
2 11 14 9 5 15 80900105382594 232573584328
2 14 10 22 10 11 80900105516725 82734996937
14 10 11 22 12 17 80913631255650 105066271523
14 10 4 22 12 18 80913968917022 104729015264
16 17 0 12 12 20 80914373090506 186000188103
16 17 11 12 12 19 80914373090506 186000160296
2 2 12 9 18 4 80921746652959 122562336707
2 10 10 22 19 19 80923706624367 294594264722
2 10 14 22 19 10 80923706864377 147297397175
2 10 0 22 10 4 80923706904329 55905574482
2 14 0 22 10 18 80923706904329 140983126088
2 2 15 9 18 16 80924330930090 119978061827
2 11 0 9 5 14 80932547619071 339616277915
14 9 9 22 5 20 80933091860935 62443745238
14 9 1 22 5 19 80933091860935 62443724289
2 11 12 9 5 3 80952763170144 179915894297
16 11 10 12 5 4 80959890323294 395108821349
16 0 2 12 5 22 80959890325834 98777297810
16 0 1 12 5 12 80959890340636 212760061266
2 10 11 22 10 4 80979612478811 84349675376
2 10 0 22 19 1 80979612478811 190810413368
2 14 14 22 10 11 80982840513662 82735175623
2 0 15 9 18 15 80990713693806 191529246073
14 9 1 22 5 20 80995535606173 29685100679
14 9 0 22 5 22 81001499450225 115849861428
14 7 9 22 12 16 81010944483731 202371390359
14 7 0 22 12 6 81018697527173 108778036412
14 10 11 22 12 18 81018697932286 184268255972
14 10 10 22 12 19 81018697932286 108777826215
14 9 6 22 5 10 81025220706852 29685082692
2 0 14 9 18 10 81044308989666 329463019428
2 2 12 9 18 16 81044308991917 82365527245
2 2 7 9 18 5 81044308995077 177409449620
14 9 6 22 5 19 81054905789544 62443758499
14 9 7 22 5 10 81054905789544 62443776791
16 0 0 12 5 5 81058667623644 98777314889
2 14 10 22 10 4 81063962154187 84349600050
2 14 11 22 10 18 81064690030417 140982684246
2 14 2 22 10 11 81065575689285 82735415508
2 10 2 22 19 10 81071004261552 147297533070
16 17 11 12 12 20 81100373278609 88422579581
14 9 6 22 5 22 81117349548043 49608779218
14 9 7 22 5 19 81117349566335 46250855231
16 11 2 12 5 19 81125307344082 229691818501
2 2 2 9 18 18 81126674519162 82364701986
14 7 4 22 12 6 81127475563585 108777790124
14 10 7 22 12 19 81127475758501 108777838149
2 11 14 9 5 4 81132678966922 363300977726
2 11 2 9 5 15 81132679064441 139484972400
2 14 0 22 10 4 81148311754237 57361075124
2 14 10 22 10 20 81148311754237 149746239314
16 0 11 12 5 5 81157444938533 98777110211
14 9 4 22 5 9 81163600421566 79642374708
14 1 0 22 5 19 81163600421566 124458128877
14 9 7 22 5 22 81166958327261 77964000829
14 9 6 22 5 12 81166958327261 155927371974
2 10 11 22 19 1 81170422892179 190810561415
16 0 17 12 5 12 81172650401902 212760059560
2 0 12 9 18 15 81182242939879 191529084444
16 17 10 12 12 22 81188795702705 237359985703
16 17 16 12 12 10 81188795858190 76480372210
14 10 9 22 12 22 81202966188258 184268434769
2 14 0 22 10 7 81205672829361 82056814992
2 14 11 22 10 4 81205672829361 82056798157
2 2 0 9 18 18 81209039221148 82365277190
14 7 1 22 12 16 81213315874090 202368144568
2 10 10 22 19 5 81218300889089 312767473044
2 10 0 22 19 19 81218301794622 142931461816
2 2 11 9 18 5 81221718444697 177409156302
14 7 11 22 12 6 81236253353709 108778096338
14 7 0 22 12 19 81236253596650 108777817553
14 9 11 22 5 9 81243242796274 79642919363
14 9 4 22 5 22 81244922328090 77963388911
16 11 0 12 5 11 81256222048744 98777205899
16 17 16 12 12 19 81265276230400 160879685582
16 17 17 12 12 10 81265276230400 160879723634
2 11 2 9 5 0 81272164036841 198969920335
2 11 0 9 5 15 81272164036841 198969882042
2 14 11 22 10 7 81287729644353 39008954488
14 1 4 22 5 19 81288058550443 124458460651
2 0 2 9 18 20 81291404498338 82367631696
2 14 10 22 10 13 81298057993551 149746145481
14 1 0 22 5 4 81322885715637 214089619725
14 9 11 22 5 22 81322885717001 53522494357
14 9 10 22 5 12 81322885717001 115282611722
2 14 16 22 10 0 81326738598841 39008889174
14 7 0 22 12 9 81345031414203 226471417103
14 7 9 22 12 19 81345031450047 70652733823
16 11 11 12 5 11 81354999254643 115421921187
16 11 0 12 5 4 81354999254643 115380964352
2 10 0 22 19 2 81361233256438 163551323286
2 10 11 22 19 19 81361233453594 163551190371
2 14 16 22 10 4 81365747488015 82056807397
2 14 17 22 10 0 81365747488015 82056834967
2 0 0 9 18 20 81373772130034 96245723933
2 0 2 9 18 10 81373772130034 96212454881
14 9 9 22 5 5 81376408211358 53522458980
16 11 10 12 5 12 81385410461462 212760174165
14 10 1 22 12 22 81387234623027 184268210315
2 0 14 9 18 5 81399127600999 177409118474
14 1 11 22 5 19 81412517011094 124458334271
14 7 9 22 12 20 81415684183870 105611964653
14 7 1 22 12 19 81415684183870 105611948148
16 17 16 12 12 22 81426155915982 116783428799
16 17 17 12 12 19 81426155954034 116783364736
14 9 1 22 5 5 81429930670338 53522408429
14 9 7 22 5 12 81438168328723 115282613410
2 14 16 22 10 13 81447804295412 62680839907
2 14 17 22 10 4 81447804322982 62680784664
2 0 2 9 18 22 81469984584915 96242352173
2 0 0 9 18 10 81470017853967 96209150696
16 11 0 12 5 17 81470380218995 115428643594
16 11 11 12 5 4 81470421175830 115387766669
2 11 0 9 5 0 81471133957176 94589239172
14 1 9 22 5 11 81483453078767 53522397671
2 11 14 9 5 16 81495979944648 363300958507
2 14 14 22 10 20 81510485107646 78295199390
2 14 17 22 10 13 81510485135319 78331673405
2 14 16 22 10 6 81510485135319 179591917756
14 7 1 22 12 20 81521296148523 50206850215
2 10 11 22 19 2 81524784643965 77750474939
2 10 10 22 19 14 81531068362133 312767950227
14 1 1 22 5 11 81536975476438 62540389936
14 1 9 22 5 4 81536975476438 62519641686
16 17 14 12 12 9 81542939318770 155064235508
16 17 17 12 12 22 81542939344781 155131090170
16 17 16 12 12 12 81542939344781 265678917343
14 1 0 22 5 12 81553450942133 115282473752
2 11 6 9 5 12 81565723196348 94588207249
2 0 0 9 18 22 81566227004663 45745641733
14 7 0 22 12 22 81571502833342 134774270983
14 7 6 22 12 10 81571502998738 43426049233
2 0 14 9 18 0 81576536719473 177408823243
16 11 11 12 5 17 81585808942499 54860680276
2 14 2 22 10 20 81588780307036 78313996701
2 14 14 22 10 13 81588816808724 78314160366
16 11 10 12 5 20 81598170635627 212760530223
14 1 9 22 5 17 81599495118124 62538465237
14 1 1 22 5 4 81599515866374 62517762932
2 10 16 22 19 11 81602535118904 77750574513
2 0 6 9 18 17 81611972646396 45745555675
14 7 6 22 12 19 81614929047971 91348288799
14 7 7 22 12 10 81614929047971 91348311591
16 11 16 12 5 2 81640669622775 54860569578
2 0 6 9 18 10 81657718202071 96227689374
2 0 11 9 18 17 81657718202071 96227721517
2 11 6 9 5 15 81660311403597 198969699832
2 11 11 9 5 12 81660311403597 198969761694
14 1 1 22 5 17 81662033629306 29726189382
2 2 10 22 10 0 81667094303737 78332443272
2 14 2 22 10 13 81667130969090 78295774357
14 1 0 22 5 20 81668733415885 115282482049
2 10 16 22 19 19 81680285693417 163551127111
2 10 17 22 19 11 81680285693417 163551181859
2 14 1 22 10 6 81690077053075 179591432504
14 1 6 22 5 2 81691759818688 29726227197
16 11 16 12 5 4 81695530192353 115401319837
16 11 17 12 5 2 81695530192353 115401357711
16 17 2 12 12 9 81698003554278 155099222676
16 17 14 12 12 22 81698070434951 155032322629
14 7 6 22 12 22 81706277336770 66310307647
14 7 7 22 12 19 81706277359562 66310269262
14 1 6 22 5 4 81721486045885 62530189614
14 1 7 22 5 2 81721486045885 62530211846
2 14 0 22 10 8 81745426743447 241712059038
2 2 0 22 10 0 81745426747009 170709070873
2 2 10 22 10 2 81745426747009 66383039484
2 0 6 9 18 0 81753945891445 73671832290
2 0 11 9 18 10 81753945923588 73671774440
14 7 4 22 12 9 81772587628824 88047160979
14 7 7 22 12 22 81772587644417 88077211743
14 7 6 22 12 12 81772587644417 150860500337
14 1 6 22 5 20 81784016235499 47872977018
14 1 7 22 5 4 81784016257731 47872936999
16 17 17 12 12 12 81808618262124 265679968195
16 11 16 12 5 20 81810931512190 88351351364
16 11 17 12 5 4 81810931550064 88351283083
2 2 14 22 10 2 81811809786493 104326117330
2 2 10 22 10 4 81811809786493 208652102305
2 0 15 9 18 5 81827617698028 94550636512
2 0 11 9 18 0 81827617723735 94581907810
2 0 6 9 18 18 81827617723735 189132033239
14 1 4 22 5 12 81831889194730 61440989703
14 1 7 22 5 20 81831889212517 61461660446
14 1 6 22 5 5 81831889212517 122901564506
2 10 16 22 19 14 81843836820528 126215019507
2 10 17 22 19 19 81843836875276 126214959831
16 17 2 12 12 22 81853102776954 73731944260
2 11 6 9 5 16 81859281103429 152006181744
2 11 11 9 5 15 81859281165291 152006063503
14 7 11 22 12 9 81860634789803 88078956914
14 7 4 22 12 22 81860664856160 88048879059
2 14 17 22 10 6 81869668485579 179591359250
14 1 11 22 5 12 81893330184433 61460663139
14 1 4 22 5 20 81893350872963 61439959744
16 11 14 12 5 12 81899282833147 113390099097
16 11 17 12 5 20 81899282863554 113428179115
16 11 16 12 5 5 81899282863554 226819414433
2 2 11 22 10 0 81916135817882 170709075200
2 2 2 22 10 2 81916135903823 104326055818
2 0 12 9 18 5 81922168334540 94581488098
2 0 15 9 18 0 81922199631545 94550172924
14 7 7 22 12 12 81923448144754 150860405486
16 17 0 12 12 5 81926834721214 73732016534
14 7 11 22 12 22 81948713746717 41865027783
14 1 10 22 5 5 81954790832707 59759315504
14 1 11 22 5 20 81954790847572 39839602124
2 10 14 22 19 5 81970051835107 185775224455
2 10 17 22 19 14 81970051840035 185836003031
2 10 16 22 19 0 81970051840035 216274035371
2 14 11 22 10 8 81987138802485 241712222043
14 7 9 22 12 5 81990578774500 41865122821
14 1 9 22 5 6 81994630449696 39839508275
16 17 11 12 12 5 82000566737748 73731713085
2 11 15 9 5 4 82011287228794 192242327766
2 11 11 9 5 16 82011287285173 192305215258
2 11 6 9 5 5 82011287285173 413507792757
16 11 2 12 5 12 82012672932244 113429423215
16 11 14 12 5 20 82012711042669 113391286923
14 1 7 22 5 5 82014550148211 59759365710
2 0 7 9 18 18 82016749804469 101569657339
2 0 12 9 18 0 82016749822638 57558499264
2 2 0 22 10 4 82020461959641 66383025735
14 7 1 22 12 5 82032443897321 41864859969
14 1 1 22 5 6 82034469957971 39839630771
2 2 10 22 10 6 82049259844829 179591116946
2 0 2 9 18 3 82074308321902 59237221162
2 0 10 22 1 10 82074308757290 44010982853
2 10 10 22 5 1 82074309588742 164144679703
1 10 13 12 15 15 82074309588742 31313392195
1 10 10 12 15 14 82074309588742 31313383065
2 2 0 22 10 13 82086844985376 96250005856
2 2 11 22 10 4 82086844985376 96249987850
1 10 0 12 15 14 82105622971807 51438933964
1 10 10 12 15 15 82105622980937 22331483101
2 0 11 9 18 18 82118319461808 133700407917
2 0 14 22 1 10 82118319740143 66850246011
2 0 10 22 1 19 82118319740143 109836714278
16 11 1 12 5 5 82126102329592 110288025042
16 11 2 12 5 20 82126102355459 73524657774
1 10 14 12 15 15 82127954464038 46975200690
1 10 10 12 15 16 82127954464038 46975189234
2 0 0 9 18 3 82133545543064 59237238046
2 10 2 22 19 5 82155827059562 185837674108
2 10 14 22 19 14 82155887843066 185776865056
1 10 11 12 15 14 82157061905771 51439039906
1 10 10 12 15 17 82174929653272 76817624444
1 10 0 12 15 16 82174929664728 33571315743
2 2 11 22 10 13 82183094991232 45756298940
2 0 2 22 1 10 82185169986154 66850196958
2 10 17 22 19 0 82186325875406 216272151302
2 0 0 22 1 1 82192782781110 59237235569
16 11 0 12 5 6 82199627013233 73526203227
2 11 12 9 5 4 82203529556560 192306092714
2 11 15 9 5 16 82203592500431 192243131205
1 10 0 12 15 9 82208500980471 40688903316
1 10 11 12 15 16 82208500980471 40688878520
2 0 10 22 1 5 82228156454421 109836929587
2 2 10 22 10 8 82228851024528 127397510642
2 2 16 22 10 15 82228851290172 41049072254
16 11 17 12 5 5 82236390354634 110288206793
2 10 10 22 5 10 82238454268445 164144795532
1 10 11 12 15 9 82249189883787 19343203311
1 10 10 12 15 18 82251747277716 76817522775
2 0 11 22 1 1 82252020016679 49571051152
2 0 0 22 1 19 82252020183112 49554631419
1 10 16 12 15 10 82268533087098 19343050934
2 2 16 22 10 4 82269900362426 86348462856
2 2 17 22 10 15 82269900362426 86348484439
16 11 11 12 5 6 82273153216460 73525432307
1 10 16 12 15 16 82287876138032 40688890474
1 10 17 12 15 10 82287876138032 40689000295
2 0 0 22 1 2 82301574814531 49570434043
2 0 11 22 1 19 82301591067831 49554031664
1 10 10 12 16 14 82328564800491 94885758032
1 10 16 12 15 18 82328565028506 38636792588
1 10 17 12 15 16 82328565138327 38636673580
2 0 10 22 1 14 82337993384008 109836958712
2 10 2 22 19 14 82341664733670 88331964210
1 0 10 12 14 15 82346678648767 59427080182
1 0 0 12 14 14 82346678648767 166886139513
2 0 11 22 1 2 82351145248574 23561462022
2 2 16 22 10 8 82356248825282 62680820544
2 2 17 22 10 4 82356248846865 62680784020
1 10 14 12 15 17 82367201811907 53950216974
1 10 17 12 15 18 82367201821094 53969499622
1 10 16 12 15 19 82367201821094 75567138678
2 0 16 22 1 11 82374706710596 23561417306
2 11 12 9 5 16 82395835649274 91405353222
2 0 16 22 1 19 82398268127902 49562453278
2 0 17 22 1 11 82398268127902 49562476403
2 10 10 22 5 19 82402599063977 244079018770
2 10 14 22 5 10 82402599063977 150769865511
1 0 14 12 14 15 82406105728949 93394223191
1 0 10 12 14 16 82406105728949 186788169100
2 2 14 22 10 6 82418929630885 83229901974
2 2 17 22 10 8 82418929645826 83257654966
2 2 16 22 10 10 82418929645826 142604455581
1 10 2 12 15 17 82421152028881 53968932502
1 10 14 12 15 18 82421171320716 53949659287
1 10 10 12 16 15 82423450558523 94885599285
2 11 11 9 5 5 82424795077930 413507587352
2 10 0 22 19 4 82429996697880 88331685506
1 10 17 12 15 19 82442768959772 75567423415
2 0 16 22 1 14 82447830581180 39411924896
2 0 17 22 1 19 82447830604305 39411849181
1 14 10 12 15 10 82475120961383 72858687590
1 10 2 12 15 18 82475120980003 42686833255
2 11 2 9 5 18 82487241002496 155103803014
2 0 14 22 1 5 82487242453486 56524148928
2 11 10 22 1 19 82487242453486 113068337407
2 0 17 22 1 14 82487242506076 56543787031
2 0 16 22 1 0 82487242506076 113068577643
1 0 2 12 14 15 82499499952140 93394188822
2 2 2 22 10 6 82502159532859 83258573951
2 2 14 22 10 8 82502187300792 83230794988
1 0 11 12 14 14 82513564788280 166886030539
1 10 0 12 15 22 82517807813258 42687286206
2 10 11 22 19 4 82518328383386 185809448824
2 10 0 22 5 1 82518328383386 185809437596
1 10 10 12 16 16 82518336157808 211556662227
1 14 0 12 15 21 82518336383187 111668634421
1 10 14 12 16 15 82518336383187 105778619388
2 0 2 22 1 5 82543766602414 56544550378
2 0 14 22 1 14 82543786293107 56524850832
1 14 14 12 15 10 82547979648973 72858685120
2 10 2 22 5 10 82553368929488 150769911688
1 10 11 12 15 22 82560495099464 66600821677
1 10 0 12 16 14 82560495099464 136065013901
2 2 17 22 10 10 82561534101407 142604618391
2 2 2 22 10 8 82585418106810 39574002832
1 0 10 12 14 17 82592893898049 213805248735
1 0 0 12 14 16 82592894140962 87556776568
2 11 14 22 1 19 82600310790893 118996944611
2 0 1 22 1 0 82600311143939 51913917793
2 0 2 22 1 14 82600311152792 51913826789
2 11 10 22 1 21 82600311152792 158285883954
1 14 2 12 15 10 82620838334093 72858583492
1 10 2 12 16 15 82624115002575 105778570674
2 2 0 22 10 16 82624992109642 39573347069
1 14 10 12 15 22 82627095921141 66601039310
1 14 11 12 15 21 82630005017608 111668668069
2 11 0 9 5 18 82642344805510 155103828663
2 10 10 22 5 5 82646678082747 244078342444
2 0 0 22 1 4 82652224979581 51913832030
2 0 17 22 1 0 82652225061732 51913926945
2 2 11 22 10 16 82664565456711 39573461809
1 0 0 12 14 9 82680450917530 115242134798
1 0 11 12 14 16 82680450917530 115242098692
1 14 10 12 15 11 82693696960451 123567439724
1 14 0 12 15 22 82693696960451 47976873875
1 10 11 12 16 14 82696560113365 136065372678
2 10 11 22 5 1 82704137832210 113992917997
2 0 11 22 1 4 82704138811611 54458353556
2 10 0 22 5 19 82704138841176 113929601978
2 0 0 22 19 1 82704138918520 37036630609
2 0 2 22 19 17 82704138988677 37036614259
2 11 2 22 1 19 82719307735504 118996632622
1 10 10 12 16 17 82729892820035 224206904608
1 10 0 12 16 16 82729893573249 102731740457
2 0 6 22 19 1 82741175549129 60840731574
2 0 0 22 19 17 82741175602936 26413286083
1 14 0 12 15 7 82741673834326 67493469939
1 14 11 12 15 22 82741673834326 67493454518
2 11 10 22 1 22 82758597165167 38853159612
2 0 9 22 19 17 82767588889019 55561272877
2 0 0 22 19 10 82767588889019 55561259550
1 0 11 12 14 9 82795693052328 54784880586
2 11 0 22 1 17 82797450324779 40854285899
2 11 10 22 1 0 82797450324779 131517695669
2 0 7 22 19 1 82802016280703 60840984799
1 0 10 12 14 18 82806699146784 213805408338
1 14 11 12 15 7 82809167304265 32085689624
1 14 10 12 15 0 82817264400175 123567583375
2 10 0 22 5 2 82818068443154 114050697420
2 10 11 22 5 19 82818130750207 113987409155
2 0 0 22 19 3 82823150148569 90858164941
2 0 6 22 19 10 82823150161896 39707178417
1 10 0 12 16 9 82832625313706 117149699917
1 10 11 12 16 16 82832625486043 117149599458
2 11 0 22 1 21 82838304610678 56228162764
2 11 11 22 1 17 82838304610678 56247346232
1 14 16 12 15 19 82841252993889 32085706887
1 0 16 12 14 10 82850477932914 54784829592
2 0 6 22 19 13 82862857340313 48125856260
2 0 7 22 19 10 82862857340313 48125828056
1 14 16 12 15 22 82873338700776 67493445287
1 14 17 12 15 19 82873338700776 67493468650
2 10 10 22 5 14 82890756425191 244078583542
2 11 0 22 1 7 82894532773442 56247162124
2 11 11 22 1 21 82894551956910 56227985033
1 0 16 12 14 16 82905262762506 115242022797
1 0 17 12 14 10 82905262762506 115242056358
2 0 7 22 19 13 82910983196573 22878496662
2 0 0 22 19 19 82914008313510 90858254739
2 11 10 22 1 2 82928968020448 131519069381
2 10 11 22 5 2 82932119140574 54176200553
2 0 4 22 19 6 82933861693235 22878474952
1 14 16 12 15 0 82940832146063 51593162428
1 14 17 12 15 22 82940832169426 51593115592
1 10 11 12 16 9 82949775085501 55691634162
2 11 11 22 1 7 82950779941943 26734879767
1 10 10 12 16 18 82954099724643 224207213704
2 0 4 22 19 10 82956740168187 48126672601
2 0 11 22 19 6 82956740168187 48126871052
2 11 16 22 1 9 82977514821710 26734855008
2 10 16 22 5 11 82986295341127 54176245584
1 14 14 12 15 11 82992425285018 64445678092
1 14 17 12 15 0 82992425308491 64476670244
1 14 16 12 15 12 82992425308491 147825060350
2 11 16 22 1 21 83004249676718 56237737753
2 11 17 22 1 9 83004249676718 56237931956
2 0 0 22 2 1 83004866568249 103677468266
2 0 4 22 19 19 83004866840788 46526363424
2 0 11 22 19 10 83004867039239 46526159646
1 10 16 12 16 10 83005466719663 55691804104
1 0 16 12 14 18 83020504785303 90303519403
1 0 17 12 14 16 83020504818864 86478915896
2 10 16 22 5 19 83040471586711 113943173432
2 10 17 22 5 11 83040471586711 113981536581
2 0 9 22 19 3 83051393198885 68228816794
2 0 11 22 19 19 83051393204212 68251527138
2 0 4 22 19 12 83051393204212 80414325990
1 14 2 12 15 11 83056870963110 64459410919
1 14 14 12 15 0 83056901978735 64462640950
2 11 10 22 19 10 83060487089829 159826018424
2 11 16 22 1 2 83060487414471 54052715530
2 11 17 22 1 21 83060487608674 54052521616
1 10 16 12 16 16 83061158523767 117149275603
1 10 17 12 16 10 83061158523767 117149978354
1 0 14 12 14 17 83106983734760 143829401281
1 11 10 12 14 16 83106983734760 245845703756
2 0 0 22 2 10 83108544036515 103677407052
1 0 17 12 14 18 83110808304706 141918850079
1 0 16 12 14 19 83110808304706 283836213630
2 11 16 22 1 4 83114540130001 83528635748
2 11 14 22 1 0 83114540130290 83489908894
2 11 17 22 1 2 83114540130290 83509121489
2 0 1 22 19 3 83119622015679 68250939792
2 0 9 22 19 19 83119644731350 68228216883
1 2 10 12 15 19 83121330374029 64484045283
1 14 2 12 15 0 83121364619685 64449797187
2 0 11 22 19 12 83131807530202 80414240718
2 10 10 22 14 1 83134835008733 244078536288
1 14 1 12 15 12 83140250368841 147825076716
2 10 16 22 5 14 83154414760143 113979148394
2 10 17 22 5 19 83154453123292 113940784402
1 10 10 12 17 14 83178306938347 243937800985
1 10 16 12 16 18 83178307799370 114609979584
1 10 17 12 16 16 83178308502121 114609270954
1 14 0 12 15 2 83185814416872 198955423572
1 2 10 12 15 9 83185814419312 54640450557
1 2 0 12 15 19 83185814419312 140512189141
2 0 1 22 19 19 83187872955471 32440556886
2 11 2 22 1 0 83198030039184 83527015754
2 11 14 22 1 2 83198049251779 83507791331
2 11 17 22 1 4 83198068765749 83488405349
2 0 0 22 2 19 83212221443567 120499240577
2 0 9 22 2 10 83212221770920 72372622501
2 0 6 22 19 14 83220313512357 44031475312
2 11 10 22 19 19 83220313512357 72266359632
1 2 14 12 15 9 83240454869869 85871733655
1 2 10 12 15 22 83240454869869 171743329012
1 0 2 12 14 17 83250813136041 143831323196
1 0 14 12 14 18 83252727154785 141917314036
2 0 7 22 19 14 83264344987669 92621890696
2 0 6 22 2 1 83264344987669 92621883540
2 10 14 22 5 5 83268393907694 175418918739
2 10 17 22 5 14 83268393908537 175477922119
2 10 16 22 5 0 83268393908537 177300818015
2 11 2 22 1 2 83281557054938 41644029656
2 11 14 22 19 10 83281557171098 76343478328
2 0 1 22 2 10 83284594393421 72372444722
1 14 17 12 15 12 83288075445557 147825064836
2 11 10 22 19 12 83292579871989 72266184830
1 10 14 12 16 17 83292917773075 172602474759
1 10 17 12 16 18 83292917778954 172658320485
1 10 16 12 16 19 83292917778954 186633910289
2 11 0 22 1 10 83323201084594 41644931054
1 2 2 12 15 9 83326326603524 85871664372
1 2 11 12 15 19 83326326608453 140512078260
2 0 0 22 2 5 83332720684144 120499340844
1 11 14 12 14 16 83352829438516 245846841229
2 0 6 22 2 19 83356966871209 54854471985
2 0 7 22 2 1 83356966878365 54872818924
2 11 2 22 19 10 83357900649426 76343286995
2 11 11 22 1 10 83364846015648 69397981104
2 11 10 22 19 5 83364846056819 126212610347
2 11 0 22 19 1 83364846056819 69397963060
2 10 10 22 14 10 83378913545021 244078742520
1 14 11 12 15 2 83384769840444 198955497504
1 11 10 12 14 6 83394644459237 304039479248
1 0 2 12 14 18 83394644468821 101346540115
1 0 1 12 14 19 83394644518336 224743395882
2 0 6 22 2 2 83411821343194 54871527512
2 0 7 22 2 19 83411839697289 54853194579
1 2 0 12 15 22 83412198267896 54640515527
1 10 10 12 17 15 83422244739332 243939636177
2 11 11 22 19 1 83434244019879 46334619608
2 11 0 22 19 19 83434244019879 46318437564
1 2 10 12 15 12 83435900510393 147824765087
2 10 2 22 5 5 83443812826433 175482806869
2 10 14 22 5 14 83443871830656 175423781046
2 10 17 22 5 0 83445694726552 177298275319
2 0 0 22 2 14 83453220024988 120499155104
1 10 2 12 16 17 83465520247834 172657024688
1 10 14 12 16 18 83465576099439 172601153949
2 0 7 22 2 2 83466692891868 26081599814
1 2 0 12 15 0 83466838783423 79224354598
1 2 11 12 15 22 83466838783423 79224339562
1 10 17 12 16 19 83479551689243 186633372328
2 11 0 22 19 2 83480562457443 46334842363
2 11 11 22 19 19 83480578639487 46318656227
2 11 10 22 19 14 83491058667166 126212619470
2 0 4 22 2 11 83492774491682 26081727630
1 0 0 12 14 22 83495991008936 101346569688
2 0 4 22 2 19 83518856219312 54863486526
2 0 11 22 2 11 83518856219312 54863511226
2 11 11 22 19 2 83526897299806 22023449360
1 2 11 12 15 0 83546063138021 37662460460
2 11 16 22 19 11 83548920749166 22023544678
2 11 16 22 19 19 83570944293844 46327217345
2 11 17 22 19 11 83570944293844 46327254510
2 0 4 22 2 14 83573719705838 43552050807
2 0 11 22 2 19 83573719730538 43551845605
1 2 10 12 15 2 83583725337948 104862121295
1 2 16 12 15 13 83583725598481 33787939584
1 0 11 12 14 22 83597337578624 101346485673
1 11 2 12 14 16 83598676279745 245845578368
2 11 16 22 19 14 83617271511189 39754207683
2 11 17 22 19 19 83617271548354 39754152576
2 0 9 22 2 5 83617271576143 64956011112
2 11 10 22 2 19 83617271576143 129934371907
2 0 11 22 2 14 83617271756645 64977949637
2 0 4 22 2 0 83617271756645 137334267284
1 2 16 12 15 22 83617513538065 71074212046
1 2 17 12 15 13 83617513538065 71074230259
2 10 2 22 5 14 83619295633302 83409626295
1 0 17 12 14 19 83619387914218 224753975604
2 10 10 22 14 19 83622992287541 260626622259
2 10 14 22 14 10 83622993001871 169288112366
1 10 2 12 16 18 83638177272522 82066221714
2 11 14 22 19 5 83657025700930 50569200374
2 11 17 22 19 14 83657025718872 50586773775
2 11 16 22 19 0 83657025718872 105646681160
1 10 10 12 17 16 83666184375509 316170036390
1 10 14 12 17 15 83666185061571 158090716110
2 0 1 22 2 5 83682227587255 64978401922
2 0 9 22 2 14 83682249706282 64956283138
1 2 16 12 15 2 83688587750111 51593243503
1 2 17 12 15 22 83688587768324 51593212670
1 11 10 12 14 1 83698684064297 72919024759
2 10 0 22 5 4 83702705259597 83409303241
2 11 2 22 19 5 83707594901304 50588012018
2 11 14 22 19 14 83707612492647 50570416467
1 10 0 12 16 22 83720243494236 82065932950
1 2 14 12 15 12 83740180980994 68507855761
1 2 17 12 15 2 83740180993614 68530672589
1 2 16 12 15 15 83740180993614 117379213630
2 0 1 22 2 14 83747205989420 35021229557
2 11 10 22 2 21 83747205989177 89067080100
2 0 11 22 2 0 83754606023929 137334187507
2 11 2 22 19 14 83758182913322 24044340845
2 11 17 22 19 0 83762672400032 105646712826
1 11 0 12 14 3 83771603089056 72918985791
2 0 6 22 2 4 83782227218977 54856629881
2 11 0 22 19 4 83782227254167 31793708799
2 11 13 22 2 14 83782227254167 54045929263
2 10 11 22 5 4 83786114562838 175454691255
2 10 0 22 14 1 83786114562838 175454670643
2 10 2 22 14 10 83792281114237 169288095235
1 10 11 12 16 22 83802309427186 172629359001
1 10 0 12 17 14 83802309427186 172629856252
1 2 2 12 15 12 83808688836755 68530875339
1 2 14 12 15 2 83808711666203 68508036750
2 11 11 22 19 4 83814020962966 66879310206
2 11 0 22 2 19 83814020962966 66879310326
1 10 2 12 17 15 83824275777681 158090386761
2 11 10 22 2 14 83836273183430 32046106162
2 0 7 22 2 4 83837083848858 54856582106
1 11 10 12 14 19 83844141889822 224753217349
1 11 11 12 14 3 83844522074847 113703622425
1 11 0 12 14 6 83844522074847 113661546025
1 2 17 12 15 15 83857560207244 117379132540
2 11 14 22 2 14 83868319289592 23621202815
1 2 2 12 15 2 83877219712094 32573259006
2 11 11 22 2 19 83880900273292 31793725978
2 10 10 22 14 5 83883618909800 260626695921
2 11 10 22 2 4 83891940430964 47485447166
2 11 0 22 2 9 83891940492407 20753543725
1 2 0 12 15 8 83909792971100 32573254071
2 11 0 22 2 21 83912694036132 25151877662
2 11 11 22 2 9 83912694036132 25151856261
2 11 11 22 2 21 83937845913794 11956929986
2 11 10 22 2 22 83939425878130 47485498757
1 2 11 12 15 8 83942366225171 32573314023
2 11 16 22 2 16 83949802843780 11956948883
1 11 0 12 14 7 83958183620872 113696097071
1 11 11 12 14 6 83958225697272 113654034625
2 10 0 22 14 19 83961569233481 112187501016
2 10 11 22 14 1 83961569254093 112226311699
2 11 16 22 2 9 83961759792663 25151865507
2 11 17 22 2 16 83961759792663 25151883093
1 10 11 12 17 14 83974939283438 165263362458
1 0 0 12 16 14 83974939539194 44183890381
1 0 2 12 16 3 83974939539194 44183897889
1 10 10 12 17 17 83982354411899 317148898314
1 10 0 12 17 16 83982366164442 157835526643
2 11 16 22 2 22 83986911658170 19356432897
2 11 17 22 2 9 83986911675756 19356400900
2 11 14 22 2 4 84006268076656 25702154045
2 11 17 22 2 22 84006268091067 25710955588
2 11 16 22 2 17 84006268091067 44037403280
1 0 6 12 16 14 84019123429575 72581492380
1 0 0 12 16 3 84019123437083 31510342330
2 11 2 22 2 4 84031970230701 25710895143
2 11 14 22 2 22 84031979046655 25702077043
2 11 17 22 2 17 84050305494347 44037371458
1 0 9 12 16 3 84050633779413 66283276957
1 0 0 12 16 15 84050633779413 66283261465
2 11 2 22 2 22 84057681125844 12220671046
1 11 10 12 14 9 84068895107171 224753190889
2 11 0 22 2 2 84069901796890 12220631167
1 11 11 12 14 7 84071879731897 54043387313
2 10 0 22 14 2 84073756734497 112226713290
2 10 11 22 14 19 84073795565792 112187905422
2 11 11 22 2 2 84082122428057 12220649441
1 0 7 12 16 14 84091704921955 72581983437
2 16 13 22 11 10 84094343077498 19356415537
2 16 10 22 11 1 84094343077498 19356403244
2 16 0 22 11 1 84113699480742 31797122381
2 16 10 22 11 10 84113699493035 13804306577
1 0 0 12 16 4 84116917040878 108391277897
1 0 6 12 16 15 84116917056370 47369870812
1 11 16 12 14 20 84125923119210 54043404712
2 16 14 22 11 10 84127503799612 29037899641
2 16 10 22 11 19 84127503799612 29037890992
1 10 0 12 17 9 84140201691085 161467328470
1 10 11 12 17 16 84140202645896 161466423541
2 10 10 22 14 14 84144245605721 260625438555
2 16 11 22 11 1 84145496603123 31797219022
2 16 10 22 11 5 84156541690604 47485094129
2 16 0 22 11 19 84156541699253 20752170203
1 0 6 12 16 0 84164286927182 57413022917
1 0 7 12 16 15 84164286927182 57412990484
2 16 0 22 11 2 84177293869456 25151947267
2 16 11 22 11 19 84177293869456 25151926159
1 11 16 12 14 6 84179966523922 113682177470
1 11 17 12 14 20 84179966523922 113682218301
2 10 11 22 14 2 84185983471214 53341263616
2 16 11 22 11 2 84202445816723 11956956927
2 16 10 22 11 14 84204026784733 47484654891
2 16 16 22 11 11 84214402773650 11956961945
1 0 7 12 16 0 84221699950099 27293537580
1 0 0 12 16 16 84225308318775 108391404636
2 16 16 22 11 19 84226359735595 25151918039
2 16 17 22 11 11 84226359735595 25151965757
2 10 16 22 14 11 84239324734830 53341434656
1 0 4 12 16 12 84248993487679 27293540857
2 16 10 22 19 2 84251511439624 72064577429
2 16 16 22 11 14 84251511653634 22951646827
2 16 17 22 11 19 84251511701352 22951542644
2 17 10 22 11 19 84274463243996 87667130879
2 16 14 22 11 5 84274463243996 36170481629
2 16 17 22 11 14 84274463300461 36183122997
2 16 16 22 11 0 84274463300461 60588720519
1 0 4 12 16 15 84276287028536 57412927011
1 0 11 12 16 12 84276287028536 57413055377
2 10 16 22 14 19 84292666169486 112205381965
2 10 17 22 14 11 84292666169486 112205431083
1 11 16 12 14 9 84293648701392 88351322075
1 11 17 12 14 6 84293648742223 88351286383
1 10 10 12 17 18 84299503310213 317148355433
1 10 11 12 17 9 84301669069437 76759210193
2 16 2 22 11 5 84310633725625 36182430012
2 16 14 22 11 14 84310646423458 36169732684
2 16 10 22 19 8 84323576017053 72064477031
1 0 0 12 9 14 84333699723411 138959526774
1 0 4 12 16 16 84333699955547 54089452593
1 0 11 12 16 15 84333700083913 54089278918
2 16 17 22 11 0 84335052020980 60588759652
2 16 2 22 11 14 84346816156142 17198114706
2 17 0 22 11 19 84362130374875 87667933833
2 16 0 22 11 4 84364014270848 42182645544
2 17 10 22 11 14 84364014270848 31629722965
1 10 16 12 17 10 84378428279630 76759605492
1 11 16 12 14 22 84382000023467 136534121669
1 11 14 12 14 19 84382000028606 136468320110
1 11 17 12 14 9 84382000028606 136499804075
1 0 9 12 16 4 84387789362831 91233574968
1 11 10 12 16 15 84387789362831 225875440422
1 0 11 12 16 16 84387789408140 91263208326
1 0 4 12 16 5 84387789408140 111914780981
2 16 10 22 19 14 84395640494084 97077382600
2 16 14 22 19 8 84395640780632 49644563117
2 17 14 22 11 14 84395643993813 49642980774
2 17 10 22 11 9 84395643993813 99285904976
2 10 16 22 14 14 84404871551451 90021376583
2 10 17 22 14 19 84404871600569 90021273759
2 16 11 22 11 4 84406196916392 88732943622
2 16 0 22 19 2 84406196916392 88732946601
2 16 2 22 19 8 84445285343749 49644767060
2 17 2 22 11 14 84445286974587 49643021356
2 17 11 22 11 19 84449798308708 87668267334
1 10 16 12 17 16 84455187885122 161465636524
1 10 17 12 17 10 84455187885122 161467609622
1 0 0 12 9 15 84472659250185 138959366996
1 0 1 12 16 4 84479022937799 91263485462
1 0 9 12 16 16 84479052616466 91233803308
2 16 10 22 19 20 84492717876684 97077777986
2 10 14 22 14 5 84494892874328 108199458611
2 10 17 22 14 14 84494892928034 108238986689
2 10 16 22 14 0 84494892928034 310427003808
2 16 11 22 19 2 84494929862993 48592304354
2 17 10 22 11 4 84494929898789 106133765921
2 17 0 22 11 9 84494929995943 42536806781
2 16 0 22 19 14 84494930110809 48575637939
1 0 11 12 16 5 84499704189121 111914757146
1 11 2 12 14 19 84518468348716 136527693412
1 11 14 12 14 9 84518499832681 136496189579
1 11 17 12 14 22 84518534145136 136462015714
2 17 0 22 11 21 84537466802724 57520825150
2 17 11 22 11 9 84537466802724 57520808165
2 16 0 22 19 18 84543505748748 48592300688
2 16 11 22 19 14 84543522167347 48575938783
1 0 1 12 16 16 84570286423261 43378498294
2 16 10 22 19 3 84589795654670 97079001848
2 16 11 22 19 18 84592098106130 23096380764
2 17 11 22 11 21 84594987627874 27344751193
2 17 10 22 11 22 84601063664710 106133981758
2 10 2 22 14 5 84603092332939 108241523999
2 10 14 22 14 14 84603131914723 108202136790
1 0 0 12 9 16 84611618617181 166685368793
1 0 9 12 9 15 84611618946267 98397429219
1 0 6 12 16 18 84613664921555 62750559296
1 11 10 12 16 16 84613664921555 90092367202
2 16 16 22 19 1 84615194486894 23096461452
1 10 10 12 18 14 84616651665646 330111711019
1 10 16 12 17 18 84616653521646 159792696802
1 10 17 12 17 16 84616655494744 159790721550
2 17 16 22 11 16 84622332379067 27344738099
2 16 16 22 19 14 84638290948346 48584259107
2 16 17 22 19 1 84638290948346 48584279621
2 17 16 22 11 9 84649677117166 57520771296
2 17 17 22 11 16 84649677117166 57520792505
1 11 2 12 14 9 84654996042128 69421001943
1 11 14 12 16 15 84654996160850 120645490739
1 0 7 12 16 18 84676415480851 131998222802
1 0 6 12 9 14 84676415480851 131998213947
2 16 16 22 19 3 84686875207453 37842316829
2 16 17 22 19 14 84686875227967 37842273225
1 11 10 12 16 5 84703757288757 90092605124
2 17 16 22 11 22 84707197888462 44045733501
2 17 17 22 11 9 84707197909671 44045693130
1 0 1 12 9 15 84710016375486 98397300344
2 16 10 22 14 11 84711333856938 116373686939
2 10 2 22 14 14 84711334051513 101103427800
1 11 0 12 14 15 84724417044071 69420968873
2 16 14 22 19 20 84724717501192 45858456916
2 16 17 22 19 3 84724717524282 45875067366
2 16 16 22 19 9 84724717524282 125039154437
2 17 14 22 11 4 84751243602801 55416113332
2 17 17 22 11 22 84751243621963 55435162509
2 17 16 22 11 17 84751243621963 122418620023
2 16 2 22 19 20 84770575958108 45874536399
2 16 14 22 19 3 84770592591648 45857911010
1 11 2 12 16 15 84775641651589 120645436225
1 10 14 12 17 17 84776446216294 245193964547
1 10 17 12 17 18 84776446218448 245271396618
1 10 16 12 17 19 84776446218448 250215517733
1 0 0 12 9 17 84778303985974 166685130062
1 11 11 12 14 15 84793838012944 102449142717
1 11 0 12 16 14 84793849893881 102449107420
1 11 10 12 16 17 84793849893881 189177432741
2 10 17 22 14 0 84805319931842 310427188280
2 17 2 22 11 4 84806659716133 55434050969
2 17 14 22 11 22 84806678784472 55414976813
1 0 6 12 9 16 84808413694798 76746886864
1 0 7 12 9 14 84808413703653 76772191765
2 10 0 22 14 4 84812437479313 101103296877
2 17 10 22 19 1 84816450494507 72516501450
2 16 2 22 19 3 84816450502658 33306409812
2 16 10 22 14 19 84827707543877 116373627080
2 16 17 22 19 9 84849756678719 143878968184
2 16 0 22 19 4 84849756912470 52287902863
2 16 13 22 14 14 84849756912470 94326515053
2 17 2 22 11 22 84862093767102 26348681555
2 17 17 22 11 17 84873662241986 122418864210
1 0 6 12 9 9 84885160581662 76772652908
1 0 7 12 9 16 84885185895418 76747371373
2 17 13 22 19 19 84888442448657 73041047770
2 17 0 22 11 2 84888442448657 44510464573
2 17 10 22 19 3 84888966995957 72516440549
1 11 0 12 16 16 84896299001301 69822840516
1 11 11 12 16 14 84896299001301 69847120752
2 16 11 22 19 4 84902044815333 109989725273
2 16 0 22 14 11 84902044815333 109989725136
2 10 11 22 14 4 84913540776190 101103396300
2 17 11 22 11 2 84932952913230 93629480983
2 17 0 22 19 1 84932952913230 93629480975
2 16 10 22 14 14 84944083427523 49552399769
1 0 0 12 9 18 84944989116036 166685504099
1 10 10 12 18 15 84946763376665 330111575324
2 17 10 22 19 19 84961483496427 34597791260
1 0 7 12 9 9 84961933266791 36490888414
1 11 0 12 16 9 84966121841817 69848095451
1 11 11 12 16 16 84966146122053 69823807249
1 11 10 12 16 18 84983027326622 189177363637
2 16 14 22 14 14 84993635827292 35343036738
2 17 14 22 19 19 84996081287687 37505921915
2 17 10 22 19 9 84996081287687 97582357071
1 0 4 12 9 10 84998424155205 36491034370
2 16 11 22 14 11 85012034540606 52287916151
2 16 10 22 14 20 85014644172490 101103198640
1 10 2 12 17 17 85021640180841 245272612399
1 10 14 12 17 18 85021717615066 245195149074
2 17 11 22 19 1 85026582394213 44510473160
1 10 17 12 17 19 85026661736181 250214561085
2 16 0 22 14 17 85028978864030 35343624849
2 17 0 22 19 14 85033587209602 37505651383
1 0 4 12 9 16 85034915189575 76759944304
1 0 11 12 9 10 85034915189575 76759975356
1 11 11 12 16 9 85035969937268 33199421172
2 16 0 22 14 19 85064322488879 42231230963
2 16 11 22 14 17 85064322488879 42231202901
1 11 16 12 16 10 85069169358440 33199418504
2 17 0 22 19 3 85071092860985 40719170756
2 17 11 22 19 14 85071092867373 40719103749
2 17 10 22 19 4 85093663644758 97582303199
1 11 16 12 16 16 85102368776944 69836131829
1 11 17 12 16 10 85102368776944 69836171097
2 16 11 22 14 19 85106553719842 20076274220
1 0 4 12 9 18 85111675133879 61069276763
1 0 11 12 9 16 85111675164931 60530840831
2 17 11 22 19 3 85111812031741 19357561519
2 16 10 22 14 0 85115747371130 73187659789
2 16 16 22 14 22 85126629994062 20076376868
2 17 16 22 19 21 85131169593260 19357460138
2 16 16 22 14 17 85146706370930 42231168675
2 16 17 22 14 22 85146706370930 42231204723
2 17 16 22 19 14 85150527053398 40719137676
2 17 17 22 19 21 85150527053398 40719160204
1 11 16 12 16 18 85172204908773 57764030354
1 11 17 12 16 16 85172204948041 57763967131
1 0 9 12 9 17 85172206005762 94424839449
1 11 10 12 9 16 85172206005762 188853923679
1 0 11 12 9 18 85172744410642 94160270362
1 0 4 12 9 19 85172744410642 199255342297
2 16 10 22 0 10 85188935030919 152540378583
2 16 16 22 14 0 85188937539605 36403657713
2 16 17 22 14 17 85188937575653 36403623371
2 17 16 22 19 4 85191246191074 32856363883
2 17 17 22 19 14 85191246213602 32856329562
2 17 14 22 19 9 85224102543164 43449159582
2 17 17 22 19 4 85224102554957 43463926491
2 17 16 22 19 22 85224102554957 75775946765
2 16 16 22 14 3 85225341197318 56241770401
2 16 14 22 14 20 85225341199024 56241585388
2 16 17 22 14 0 85225341199024 56241702606
1 11 14 12 16 17 85229968915172 73478150371
1 11 17 12 16 18 85229968939127 73509718620
1 11 16 12 16 19 85229968939127 153489008705
1 0 1 12 9 17 85266630845211 94429110940
1 0 9 12 9 18 85266904681004 94155275332
1 10 2 12 17 18 85266912793240 116579865292
2 17 2 22 19 9 85267551702746 43465039075
2 17 14 22 19 4 85267566481448 43450255429
1 10 10 12 18 16 85276874951989 361955120265
1 10 14 12 18 15 85276876297266 234212900688
2 16 2 22 14 20 85281582784412 59895275631
2 16 14 22 14 0 85281582901630 59895146085
2 16 17 22 14 3 85281582967719 50092955797
2 17 17 22 19 22 85299878501722 75775941610
1 11 2 12 16 17 85303447065543 73513622070
1 11 14 12 16 18 85303478657747 73482024148
2 17 2 22 19 4 85311016741821 20659262193
2 17 0 22 19 7 85331676004014 21989369573
2 17 13 22 14 19 85331676004014 43978534835
2 16 10 22 0 19 85341475409502 233328672646
2 16 14 22 0 10 85341478047715 141131238900
2 16 2 22 14 0 85341478060043 34176397248
2 17 11 22 19 7 85353665373587 21989266650
1 11 10 12 9 6 85361059956151 129343085427
1 0 1 12 9 18 85361059956336 50838956289
1 0 11 12 9 19 85371999752939 199256249049
2 16 0 22 14 12 85375654457291 79936693537
2 17 13 22 14 0 85375654538849 31663206083
2 14 0 22 5 2 85375654640237 25182360951
2 14 9 22 5 12 85375654640237 70718514265
2 17 1 22 14 19 85375654640237 88661930629
1 11 2 12 16 18 85376960687613 34938261697
1 11 17 12 16 19 85383457947832 153489147144
1 10 0 12 17 22 85383492658532 116580124524
2 14 4 22 5 2 85400837001188 39576048803
2 14 0 22 5 15 85400837001188 79152008379
2 17 14 22 14 0 85407317744932 49761341518
2 17 13 22 14 4 85407317744932 99522519368
1 0 6 12 9 22 85411898912625 79678747264
1 11 0 12 16 22 85411898949310 46179200647
1 11 13 12 9 18 85411898949310 78504214359
2 14 11 22 5 2 85440413049991 39576104745
2 14 1 22 5 12 85446373154502 70718408568
2 16 11 22 14 12 85455591150828 168149819658
2 16 0 22 0 1 85455591150828 168149809654
2 17 11 22 14 0 85457079086450 49761324620
1 11 11 12 16 22 85458078149957 97139459242
1 11 0 12 9 16 85458078149957 97139459179
2 17 18 22 14 19 85464316570866 88661939646
2 14 0 22 5 5 85479989009567 90600128533
2 14 9 22 5 15 85479989154736 37102520026
2 16 2 22 0 10 85482609286615 141131641947
1 11 10 12 9 18 85490403163669 46544103282
1 0 7 12 9 22 85491577659889 79678574817
1 10 11 12 17 22 85500072783056 245230310222
1 10 0 12 18 14 85500072783056 245230282627
2 17 13 22 14 8 85506840264300 116901047473
2 17 1 22 14 4 85506840411070 46138104303
1 10 2 12 18 15 85511089197954 234213856825
2 14 9 22 5 16 85517091674762 48834208684
2 14 1 22 5 15 85517091674762 48834191490
1 11 14 12 9 18 85536947266951 34309017580
2 17 1 22 14 22 85552978515373 60902296885
2 17 18 22 14 4 85552978515373 60902276408
1 11 11 12 9 16 85555217609199 46179059790
2 14 1 22 5 16 85565925883446 23215252077
2 14 0 22 5 18 85570589138100 90601185323
1 11 10 12 9 22 85571256234706 68965609955
1 11 0 12 9 20 85571256284531 30140412644
2 16 10 22 0 5 85574804082148 233327862216
2 14 6 22 5 6 85589141135523 23215254467
1 11 0 12 9 6 85601396697175 36529708424
1 11 11 12 9 20 85601396697175 36529685308
2 14 6 22 5 15 85612356389990 48834173788
2 14 7 22 5 6 85612356389990 48834188251
2 17 18 22 14 22 85613880812258 28952266483
2 16 0 22 0 19 85623740960482 105709286399
2 16 11 22 0 1 85623740970486 105746891452
2 17 13 22 14 12 85623741311773 108946585170
1 11 11 12 9 6 85637926405599 17365848944
1 10 10 12 18 17 85638830072254 361955056843
1 11 10 12 9 1 85640221844661 68965663607
2 17 5 22 14 3 85642833078741 28952317986
1 11 16 12 9 8 85655292254543 17365820726
2 14 6 22 5 18 85661190563778 39272141780
2 14 7 22 5 15 85661190578241 35764583453
2 17 5 22 14 4 85671785396727 60902738457
2 17 10 22 14 3 85671785396727 60902759478
1 11 16 12 9 20 85672658075269 36529697055
1 11 17 12 9 8 85672658075269 36529713823
2 14 4 22 5 5 85696955161694 63472517446
2 2 14 22 5 15 85696955161694 92079446238
2 14 7 22 5 18 85700462705558 61719135434
2 14 6 22 5 8 85700462705558 123437793676
1 11 16 12 9 1 85709187772324 28112578211
1 11 17 12 9 20 85709187789092 28112550672
2 16 0 22 0 2 85729450246881 105752069982
2 16 11 22 0 19 85729487861938 105714489550
2 17 5 22 14 12 85732688135184 46314531394
2 17 10 22 14 4 85732688156205 46314501473
1 11 14 12 9 22 85737300339764 37328497219
1 11 17 12 9 1 85737300350535 37341595743
1 11 16 12 9 3 85737300350535 63958159796
1 10 0 12 18 16 85745303065683 156255859302
1 10 11 12 18 14 85745303093278 156304553746
2 14 11 22 5 5 85760427679140 63472906743
2 14 4 22 5 18 85762181840992 61718721841
1 11 2 12 9 22 85774628836983 37341547068
1 11 14 12 9 1 85774641946278 37328433100
2 17 14 22 14 8 85779002657678 63516904737
2 17 10 22 14 12 85779002666578 63547520773
2 17 5 22 14 16 85779002666578 95298774039
2 2 15 22 5 15 85789034607932 92079623679
1 11 17 12 9 3 85801258510331 63958212519
2 16 10 22 0 14 85808131944364 233328135018
1 11 2 12 9 1 85811970384051 17748812707
2 14 10 22 5 8 85823900562833 49764326384
2 14 11 22 5 18 85823900585883 47515159280
1 11 0 12 9 9 85829719196758 17748876396
2 16 11 22 0 2 85835202351488 50264910436
2 17 11 22 14 8 85842519562415 63531876993
2 17 14 22 14 12 85842550187351 63531777820
1 11 11 12 9 9 85847468073154 17748847301
1 16 13 12 10 15 85865216920455 28112542832
1 16 10 12 10 14 85865216920455 28112533174
2 14 9 22 5 1 85871415745163 98184679497
2 2 14 22 5 18 85871415745163 101777715380
2 14 7 22 5 8 85873664889217 49764291391
2 17 10 22 14 16 85874301440617 95298781545
2 2 12 22 5 15 85881114231611 92079246319
2 16 16 22 0 11 85885467261924 50263818950
1 16 0 12 10 14 85893329453629 46181070234
1 16 10 12 10 15 85893329463287 20048832381
1 10 0 12 18 9 85901558924985 156305739915
1 10 11 12 18 16 85901607647024 156257050551
2 14 0 22 14 10 85906051439408 63548696780
2 17 11 22 14 12 85906081965171 63518304715
1 16 14 12 10 15 85913378295668 42173548570
1 16 10 12 10 16 85913378295668 42173537842
2 2 2 22 5 12 85923429180608 49764382019
2 16 16 22 0 19 85935731080874 105731894551
2 16 17 22 0 11 85935731080874 105731938358
1 16 11 12 10 14 85939510523863 46180966633
1 16 10 12 10 17 85955551833510 68965282201
1 16 0 12 10 16 85955551844238 30139684602
2 14 4 22 14 10 85969600136188 67257202906
2 14 0 22 14 19 85969600222162 134514106262
2 17 1 22 14 5 85969600269886 80452241689
2 14 1 22 5 1 85969600424660 120178279315
2 14 9 22 14 1 85969600424660 120178219800
2 2 14 22 5 21 85973193460543 121499751548
2 2 0 22 5 12 85973193562627 61517358138
2 2 2 22 5 18 85973193562627 61496575571
1 16 0 12 10 9 85985691528840 36529749269
1 16 11 12 10 16 85985691528840 36529726131
1 10 10 12 18 18 86000785129097 361952487258
1 16 11 12 10 9 86022221278109 17365857246
1 16 10 12 10 18 86024517115711 68965371635
2 2 2 22 5 20 86034690138198 61517247240
2 2 0 22 5 18 86034710920765 61496494701
2 14 11 22 14 10 86036857339094 67257121814
1 16 16 12 10 10 86039587135355 17365836167
2 16 16 22 0 14 86041462975425 84009312691
2 16 17 22 0 19 86041463019232 84009238581
2 17 18 22 14 5 86050052511575 80452126278
1 16 16 12 10 16 86056952971522 36529719216
1 16 17 12 10 10 86056952971522 36529774807
1 10 11 12 18 9 86057864697575 74295239447
2 14 1 22 14 1 86089778703975 57131703958
1 16 10 12 16 9 86093482487346 104676234023
1 16 16 12 10 18 86093482690738 33333439836
1 16 17 12 10 16 86093482746329 33333310757
2 2 14 22 5 1 86094693212091 121499454383
2 2 0 22 5 20 86096207415466 29239500752
2 14 9 22 14 19 86104114460908 42795789506
2 2 6 22 5 0 86125446916218 29239516588
2 16 14 22 0 5 86125472257813 107818900135
2 16 17 22 0 14 86125472288116 107856698952
2 16 16 22 0 0 86125472288116 215670718904
1 17 10 12 10 16 86126816057086 127204262050
1 16 14 12 10 17 86126816057086 52530854462
1 16 17 12 10 18 86126816130574 52552239450
1 16 16 12 10 19 86126816130574 88008410337
2 14 0 22 14 5 86130504637853 80452119221
1 10 16 12 18 10 86132159937022 74295699309
2 14 9 22 14 2 86146910250414 48969808962
2 14 1 22 14 19 86146910407933 48969763874
2 2 6 22 5 18 86154686432806 61506465875
2 2 11 22 5 0 86154686432806 61506489840
1 16 2 12 10 17 86179346911548 52558288416
1 16 14 12 10 18 86179368370024 52536829109
2 14 1 22 14 2 86195880171807 23279713140
1 16 10 12 16 2 86198158721369 104676194791
1 10 16 12 18 16 86206455636331 156283142548
1 10 17 12 18 10 86206455636331 156283208984
2 14 0 22 14 14 86210956757074 80452264384
1 16 17 12 10 19 86214824540911 88010657083
2 2 6 22 5 1 86216192898681 47793150007
2 2 11 22 5 18 86216192922646 47793107962
2 14 6 22 14 11 86219159884947 23279691762
1 16 2 12 10 18 86231905199964 24981079655
2 16 2 22 0 5 86233291157948 107851927252
2 16 14 22 0 14 86233328987068 107814073250
2 14 6 22 14 19 86242439576709 48969740910
2 14 7 22 14 11 86242439576709 48969757006
1 17 0 12 10 16 86254020319136 127205514974
1 16 0 12 10 22 86256886279619 61257490702
1 17 10 12 10 18 86256886279619 45952053403
2 2 15 22 5 21 86263986030608 61337063811
2 2 11 22 5 1 86263986048688 61357987747
2 2 6 22 5 4 86263986048688 122695487728
2 14 6 22 14 14 86291409317619 36510995674
2 14 7 22 14 19 86291409333715 36510965793
1 16 10 12 16 18 86302834916160 141343315121
1 16 14 12 16 2 86302835197994 72083268316
1 17 14 12 10 18 86302838333022 72081543726
1 17 10 12 10 20 86302838333022 144163153789
1 16 11 12 10 22 86318143770321 128857668925
1 16 0 12 16 9 86318143770321 128857673214
2 2 12 22 5 21 86325323094419 61358497331
2 2 15 22 5 1 86325344036435 61337545510
2 14 4 22 14 5 86327920299508 46858111252
2 14 7 22 14 14 86327920313293 46873794102
2 14 6 22 14 0 86327920313293 93731921018
2 16 1 22 0 0 86341143060318 102305208815
2 16 2 22 0 14 86341143085200 71131199970
1 10 16 12 18 18 86362738778879 125316548891
1 10 17 12 18 16 86362738845315 125316408104
2 14 11 22 14 5 86374778410760 46873863433
2 14 4 22 14 14 86374794107395 46858170441
1 16 2 12 16 2 86374918466310 72083452653
1 17 2 12 10 18 86374919876748 72081719047
1 17 11 12 10 16 86381225834110 127205054381
2 2 7 22 5 4 86386681581945 74395126588
2 2 12 22 5 1 86386681591750 34970737709
2 16 0 22 0 4 86412274285170 71131243892
2 14 11 22 14 14 86421652277836 41367340019
2 14 10 22 14 0 86421652277836 62050967542
2 2 2 22 5 13 86421652329459 62050962358
2 2 10 22 14 11 86421652329459 39424470280
2 16 17 22 0 0 86443448269133 102305042495
1 16 10 12 16 11 86444178231281 141343715303
1 16 11 12 16 9 86447001443535 70849741559
1 17 10 12 10 22 86447001486811 153468766234
1 17 0 12 10 20 86447001595795 61429507016
1 16 0 12 16 18 86447001918963 70825674650
2 2 11 22 5 4 86461076708533 116067359594
2 2 14 22 14 11 86461076799739 58033693972
2 2 10 22 14 19 86461076799739 84678449670
2 14 9 22 14 4 86463019617855 41367353022
2 16 11 22 0 4 86483405529062 71131161678
2 14 7 22 14 0 86483703245378 62050897574
2 2 0 22 5 13 86483703291817 62050931329
1 10 14 12 18 17 86488055253419 150256658960
1 10 17 12 18 18 86488055327770 150305532690
1 10 16 12 18 19 86488055327770 437892000938
2 14 1 22 14 4 86504386970877 41367346442
1 17 0 12 10 6 86508431102811 83201336604
1 17 11 12 10 20 86508431102811 83201313824
1 16 0 12 16 21 86517827593613 70851007082
1 16 11 12 16 18 86517851185094 70827467050
2 2 2 22 14 11 86519110493711 58033717110
2 2 0 22 14 3 86545754223146 31389988296
2 1 10 22 0 18 86545754317319 26853606135
2 2 10 22 14 4 86545755249409 82743030122
2 1 0 22 0 12 86554536690740 71131377346
2 1 14 22 0 18 86572607923454 42202494418
2 1 10 22 0 1 86572607923454 84404934378
2 2 11 22 14 3 86577144211442 33949454109
2 2 0 22 14 19 86577144211442 33936843375
1 16 10 12 16 4 86585521946584 141345436377
1 16 11 12 16 21 86588678652144 33675233289
1 17 11 12 10 6 86591632439415 39552919814
1 17 10 12 10 1 86600470253045 153468788552
2 2 0 22 14 9 86611081054817 33947575674
2 2 11 22 14 19 86611093665551 33934971124
2 1 2 22 0 18 86614810417872 42202597529
1 16 16 12 16 14 86622353885433 33675799005
2 1 11 22 0 12 86625668068086 71130515700
2 2 10 22 14 12 86628498279531 82742977561
1 17 16 12 10 8 86631185359229 39552960650
1 10 2 12 18 17 86638311912379 150304447742
1 10 14 12 18 18 86638360860460 150255928784
2 2 11 22 14 9 86645028636675 16135567873
1 16 16 12 16 18 86656029684438 70838221717
1 16 17 12 16 14 86656029684438 70838248878
2 1 10 22 0 7 86657012857832 95389967162
2 1 0 22 0 1 86657013015401 39786589288
2 2 16 22 14 17 86661164204548 16135595029
1 17 16 12 10 20 86670738319879 83200961095
1 17 17 12 10 8 86670738319879 83200989289
2 2 16 22 14 19 86677299799577 33941705960
2 2 17 22 14 17 86677299799577 33941727704
2 1 0 22 0 5 86696799604689 51170791888
2 1 11 22 0 1 86696799604689 51170771541
2 2 16 22 14 12 86711241505537 27472091678
2 2 17 22 14 19 86711241527281 27472056168
1 16 16 12 16 4 86726867906155 55159711403
1 16 17 12 16 18 86726867933316 55159652445
2 2 14 22 14 4 86738713583449 35237207214
2 2 17 22 14 12 86738713597215 35258617049
2 2 16 22 14 20 86738713597215 70513155931
2 1 11 22 0 5 86747970396577 24326025739
2 1 10 22 0 13 86752402824994 95390089474
1 17 16 12 10 1 86753939280974 63705617867
1 17 17 12 10 20 86753939309168 63705562970
2 1 16 22 0 11 86772296422316 24326024988
2 2 2 22 14 4 86773950790663 35276032378
2 2 14 22 14 12 86773972214264 35254598717
1 16 14 12 16 11 86782027585761 66818896206
1 16 17 12 16 4 86782027617558 66840863369
1 16 16 12 16 20 86782027617558 182621527311
1 16 10 12 18 10 86788616360121 157344383977
1 10 2 12 18 18 86788616789244 143805591455
2 1 16 22 0 1 86796622447304 51170704742
2 1 17 22 0 11 86796622447304 51170723220
2 2 1 22 14 20 86809226812981 34293110170
2 2 2 22 14 12 86809226823041 22862069863
1 17 14 12 10 22 86817644872138 80064530251
1 17 17 12 10 1 86817644898841 80091684201
1 17 16 12 10 3 86817644898841 177874841520
2 2 0 22 14 21 86832088892904 22862072099
2 2 17 22 14 20 86843519923151 34293075602
2 1 16 22 0 13 86847793152046 39468726766
2 1 17 22 0 1 86847793170524 39076653033
1 16 2 12 16 11 86848846481967 66841976334
1 16 14 12 16 4 86848868480927 66819989640
2 2 11 22 14 21 86854950965003 22862109793
2 0 10 22 4 10 86877813074796 18478327818
2 0 0 22 4 1 86877813074796 51891745963
2 17 10 22 0 1 86886869823557 119851043232
2 1 14 22 0 7 86886869823557 62220854377
2 1 17 22 0 13 86887261878812 62027352680
2 1 16 22 0 19 86887261878812 124052243903
2 0 14 22 4 10 86896291402614 29040088120
2 0 10 22 4 19 86896291402614 58080129984
1 17 2 12 10 22 86897709402389 80089742556
1 17 14 12 10 1 86897736583042 80062554257
1 17 10 12 16 14 86915688458301 103768251911
1 16 2 12 16 4 86915688470567 48960961997
2 0 2 22 4 10 86925331490734 29040169823
1 10 17 12 18 19 86925947328708 437892071982
2 0 11 22 4 1 86929704820759 51891670701
1 10 0 12 18 22 86932422380699 143805364111
1 16 10 12 18 16 86945960744098 157343644625
2 1 2 22 0 7 86949090677934 62223253116
2 1 14 22 0 13 86949289231492 62024947124
2 0 10 22 4 5 86954371532598 66480751797
2 0 0 22 4 19 86954371660557 27224949798
1 16 17 12 16 20 86964649144869 208745490850
1 16 0 12 16 22 86964649432564 77039182939
1 16 13 12 18 18 86964649432564 138658061995
1 17 2 12 10 1 86977799144945 38067888713
2 0 0 22 4 2 86981596610355 35833534547
2 0 11 22 4 19 86981596610355 35833520035
1 17 17 12 10 3 86995519740361 177875042623
2 17 0 22 0 1 87006720866789 119851642874
2 17 10 22 0 10 87011313931050 64422380103
2 1 2 22 0 13 87011314178616 109130734410
2 1 1 22 0 19 87011314178616 64422334100
1 17 13 12 16 16 87015867033658 107358252024
1 17 0 12 10 9 87015867033658 63624532143
2 0 11 22 4 2 87017430144902 17034887634
1 17 10 12 16 4 87019456710212 103768517425
2 0 10 22 4 14 87020852284395 66480907826
2 0 16 22 4 11 87034465032536 17034888588
1 16 11 12 16 22 87041688615503 162055006469
1 16 0 12 18 10 87041688615503 162055006470
2 0 16 22 4 19 87051499921124 35833519929
2 0 17 22 4 11 87051499921124 35833533290
2 17 14 22 0 10 87075736311153 64422415522
2 1 17 22 0 19 87075736512716 64422316392
1 10 11 12 18 22 87076227744810 143805800394
1 17 11 12 10 9 87079491565801 133833405723
1 17 0 12 16 14 87079491565801 133833405725
2 0 16 22 4 14 87087333441053 28468160395
2 0 17 22 4 19 87087333454414 26541189319
1 16 10 12 18 18 87103307494559 70087326171
2 0 14 22 4 5 87113874643733 45703050808
2 11 10 22 4 19 87113874643733 71420698882
2 0 17 22 4 14 87115801601448 44739824551
2 0 16 22 4 0 87115801601448 89479352264
2 1 0 22 0 14 87120444913026 109130821919
1 17 10 12 16 16 87123225285682 50169677089
2 17 11 22 0 1 87126572509663 119851738877
2 17 2 22 0 10 87140158726675 64422462698
2 17 10 22 0 19 87140158829108 64422337741
2 0 2 22 4 5 87159577694541 45703293733
2 0 14 22 4 14 87160541425999 44739563069
1 16 14 12 18 18 87173394820730 53694026101
1 17 14 12 16 16 87173394962771 51775822268
1 17 10 12 16 20 87173394962771 136038356150
2 11 14 22 4 19 87185295342615 71420702300
1 16 11 12 18 10 87203743621973 77039132625
2 17 10 22 0 5 87204581166849 134125158600
2 17 0 22 0 19 87204581189373 41843229903
2 11 10 22 4 21 87205280988274 122855870576
2 0 2 22 4 14 87205280989068 30714075905
2 0 1 22 4 0 87205280989068 66155446602
1 17 11 12 16 14 87213324971526 63622635489
1 16 10 12 18 11 87220033545204 143806112357
1 17 0 12 16 18 87225170785039 51776806993
1 16 0 12 18 3 87227088846831 53693923659
2 1 11 22 0 14 87229575734945 109130568853
2 0 0 22 4 4 87235995064973 30714000010
2 17 0 22 0 2 87246424419276 62547583408
2 17 11 22 0 19 87246424419276 62547573074
2 11 2 22 4 19 87256716044915 71420819360
2 0 11 22 4 4 87266709064983 30713987969
2 0 17 22 4 0 87271436435670 66155456789
1 17 0 12 16 4 87276947592032 57111699657
1 17 11 12 16 18 87276947607015 57111626101
1 16 0 12 18 16 87280782770490 63351148248
1 16 11 12 18 3 87280782770490 63351105308
2 11 0 22 4 17 87297423052952 30713966861
2 17 11 22 0 2 87308972002684 29734472633
1 17 10 12 16 22 87309433318921 136038055486
2 11 11 22 4 17 87328137019813 35889136221
2 11 0 22 4 21 87328137019813 35876852814
1 17 11 12 16 4 87334059291689 27150302713
2 11 10 22 4 0 87337591892459 66155468814
2 17 10 22 0 14 87338706325449 79818538142
2 17 16 22 0 11 87338706475317 25718605251
1 16 11 12 18 16 87344133918738 30116472195
1 17 16 12 16 6 87361209594402 27150304916
1 16 10 12 18 19 87363839657561 103874921230
2 11 0 22 4 7 87364013872627 35889201621
2 11 11 22 4 21 87364026156034 35876947070
2 17 16 22 0 19 87364425080568 54099997405
2 17 17 22 0 11 87364425080568 54100012137
1 16 16 12 18 1 87374250390933 30116467552
1 17 16 12 16 18 87388359899318 57111715233
1 17 17 12 16 6 87388359899318 57111743206
2 11 11 22 4 7 87399903103104 17058510635
2 11 10 22 4 2 87403747361273 66155489761
1 16 16 12 18 3 87404366858485 63351076711
1 16 17 12 18 1 87404366858485 63351120743
2 11 16 22 4 9 87416961613739 17058443291
2 17 16 22 0 14 87418525077973 39271062974
2 17 17 22 0 19 87418525092705 39271037991
2 11 16 22 4 21 87434020057030 35883128393
2 11 17 22 4 9 87434020057030 35883144840
1 17 16 12 16 22 87445471614551 46032751620
1 17 17 12 16 18 87445471642524 46032706558
2 17 14 22 0 5 87457796130696 52145757978
2 17 17 22 0 14 87457796140947 52164271781
2 17 16 22 0 0 87457796140947 89345758087
1 16 10 12 19 15 87467714578791 228198237894
1 16 16 12 18 19 87467717935196 53830492064
1 16 17 12 18 3 87467717979228 53830449799
2 11 16 22 4 2 87469903185423 27472121074
2 11 17 22 4 21 87469903201870 27472092298
1 17 14 12 16 20 87491504349082 59562608379
1 17 17 12 16 22 87491504366171 59582504183
1 17 16 12 16 1 87491504366171 114613113809
2 11 14 22 4 0 87497375294168 35257427369
2 11 17 22 4 2 87497375306497 35269422191
2 11 16 22 4 4 87497375306497 70527231452
2 17 2 22 0 5 87509941888674 52164272897
2 17 14 22 0 14 87509960412728 52145741694
1 16 16 12 18 4 87521548427260 83165365023
1 16 14 12 18 11 87521548429027 83165189481
1 16 17 12 18 19 87521548429027 83165298240
2 11 2 22 4 0 87532632721537 35269885107
2 11 14 22 4 2 87532644728688 35257868370
2 17 17 22 0 0 87547141899034 89346008323
1 17 2 12 16 20 87551066957461 59582823207
1 17 14 12 16 22 87551086870354 59562911177
2 17 2 22 0 14 87562106161571 24793972049
2 11 1 22 4 4 87567902597058 34293076377
2 11 2 22 4 2 87567902606644 22862072252
2 17 0 22 0 4 87586900133620 24794007291
2 11 0 22 4 10 87590764678896 22862077666
2 11 17 22 4 4 87602195673435 34293169727
1 16 2 12 18 11 87604713618508 91202681093
1 16 14 12 18 19 87604713727267 91202556086
1 16 17 12 18 4 87604713792283 70610030416
1 17 17 12 16 1 87606117479980 114613037421
17 0 10 12 16 6 87610649780668 147686537253
1 17 2 12 16 22 87610649781531 36693623159
2 17 11 22 0 4 87611694140911 24793973814
2 11 11 22 4 10 87613626756562 22862163103
0 10 13 5 6 6 87636488919665 21179536763
0 10 10 5 6 16 87636488919665 21179526551
0 0 10 5 16 6 87636488919665 44333324222
0 0 0 5 16 16 87636488919665 124498802236
1 17 0 12 16 7 87647343404690 36693641529
0 10 0 5 6 16 87657668446216 34791990305
0 10 10 5 6 6 87657668456428 15104488629
0 10 14 5 6 6 87672772945057 31772838027
0 10 10 5 6 19 87672772945057 31772829112
1 17 13 12 18 16 87675323822699 70610186920
0 0 14 5 16 6 87680822243887 69672965658
0 0 10 5 16 19 87680822243887 139345815406
1 17 11 12 16 7 87684037046219 36693658938
0 10 11 5 6 16 87692460436521 34792001395
1 16 10 12 19 16 87695912816685 392713393341
1 16 14 12 19 15 87695916283353 232289118328
1 16 2 12 18 19 87695916299601 50017716153
0 10 10 5 6 9 87704545774169 51957169306
0 10 0 5 6 19 87704545783084 22706699238
1 14 0 12 17 9 87720730705157 41678142837
1 14 9 12 17 5 87720730705157 117042726084
17 0 0 12 16 16 87720730705157 361199589845
0 10 0 5 6 20 87727252482322 27520935206
0 10 11 5 6 19 87727252482322 27520913862
1 17 1 12 18 16 87745934009619 146426592086
1 16 0 12 18 5 87745934015754 133577222654
1 17 13 12 18 19 87745934015754 52406211583
0 0 2 5 16 6 87750495209545 69673049101
0 10 11 5 6 20 87754773417528 13083058775
0 10 10 5 6 22 87756502943475 51957428756
17 0 14 12 16 6 87758336317921 232100626261
17 0 10 12 16 19 87758336317921 464200551775
0 0 11 5 16 16 87760987721901 124498887757
1 14 4 12 17 9 87762408847994 65500433196
1 14 0 12 17 13 87762408847994 131000636130
0 10 16 5 6 10 87767856476303 13083286659
0 10 16 5 6 19 87780939762962 27520835906
0 10 17 5 6 10 87780939762962 27520918388
1 17 14 12 18 19 87798340227337 82360491497
1 17 13 12 18 22 87798340227337 164720778550
0 10 10 5 19 16 87808460372231 64195325758
0 10 16 5 6 22 87808460598868 26131452080
0 10 17 5 6 19 87808460681350 26131361511
0 0 10 5 16 9 87820168059293 159501323197
0 0 0 5 16 19 87820168258646 65318472820
1 14 11 12 17 9 87827909281190 65500394749
0 10 14 5 6 9 87834592042861 36483152991
0 10 17 5 6 22 87834592050948 36496078338
0 10 16 5 6 12 87834592050948 51129674489
1 14 1 12 17 5 87837773431241 117042608956
0 10 2 5 6 9 87871075195852 36495493557
0 10 14 5 6 22 87871088129286 36482573988
0 10 10 5 19 6 87872655697989 64195232621
1 16 11 12 18 5 87879511238408 280984867793
1 16 0 12 19 14 87879511238408 280984859194
1 17 11 12 18 19 87880700718834 82360468036
0 0 0 5 16 20 87885486731466 85972035799
0 0 11 5 16 19 87885486731466 85972008186
0 10 17 5 6 12 87885721725437 51129446650
1 17 18 12 18 16 87892360601705 146426611215
1 14 0 12 17 17 87893409484124 149948847397
1 14 9 12 17 13 87893409675939 61406467266
0 14 10 5 6 10 87907570689409 49254456242
0 10 2 5 6 22 87907570703274 28871636608
1 16 2 12 19 15 87928205401681 232290690030
0 10 0 5 6 5 87936442339882 28872015727
0 10 10 5 19 19 87936850930610 143250579571
0 14 0 5 6 15 87936851172087 75456044048
0 10 14 5 19 6 87936851172087 71625455534
1 14 9 12 17 8 87954816143205 80823146554
1 14 1 12 17 13 87954816143205 80823120429
0 14 14 5 6 10 87956825145651 49254526904
1 17 13 12 18 2 87963061005887 197435324256
1 17 1 12 18 22 87963061186870 75726111315
0 10 11 5 6 5 87965314355609 45009983605
0 10 0 5 19 16 87965314355609 92173196408
0 0 11 5 16 20 87971458767265 40870188135
0 0 10 5 16 22 87979669382490 159501465473
17 0 2 12 16 6 87990436944182 232100539896
0 14 2 5 6 10 88006079672555 49254781139
0 10 2 5 19 6 88008476627621 71625509161
0 14 10 5 6 5 88010324339214 45010164136
0 14 11 5 6 15 88012307216135 75456279986
0 0 16 5 16 10 88012328955400 40870133906
1 14 1 12 17 8 88035639289759 38422541495
1 17 1 12 18 1 88038787298185 100176940054
1 17 18 12 18 22 88038787298185 100176909242
1 14 0 12 17 21 88043358331521 149948841511
0 0 16 5 16 19 88053199089306 85971991225
0 0 17 5 16 10 88053199089306 85972016908
0 14 10 5 6 0 88055334503350 83516676909
0 14 0 5 6 5 88055334503350 32429155426
0 10 11 5 19 16 88057487552017 92173451097
1 14 6 12 17 12 88074061831254 38422455386
0 10 10 5 19 9 88080101510181 151833362925
0 10 0 5 19 19 88080102136782 69558724538
17 0 11 12 16 16 88081930295002 361199125090
0 14 0 5 6 17 88087763658776 45616600321
0 14 11 5 6 5 88087763658776 45616588241
1 16 10 12 19 17 88088626210026 392715348483
1 14 6 12 17 13 88112484286640 80823118868
1 14 7 12 17 12 88112484286640 80823139931
0 14 11 5 6 17 88133380259097 21685666853
0 14 10 5 6 18 88138851180259 83516779286
1 17 18 12 18 1 88138964238239 47623002191
0 0 16 5 16 22 88139171080531 67367617063
0 0 17 5 16 19 88139171106214 64514466578
0 10 0 5 19 20 88149660861320 79337777660
0 10 11 5 19 19 88149661003114 79337707608
0 14 16 5 6 12 88155065925950 21685640350
1 16 0 12 19 16 88160496097602 180584875424
1 16 11 12 19 14 88160496106201 180644174734
1 17 13 12 18 5 88160496330143 173890588633
0 14 16 5 6 5 88176751566300 45616565911
0 14 17 5 6 12 88176751566300 45616584084
1 17 5 12 18 4 88186587240430 47623053356
1 14 6 12 17 21 88193307405508 65130587299
1 14 7 12 17 13 88193307426571 59081543133
0 0 14 5 16 9 88203685572792 107298558507
0 11 10 5 16 19 88203685572792 183404141946
0 0 17 5 16 22 88206538697594 105873099324
0 0 16 5 16 12 88206538697594 211745146173
0 14 16 5 6 18 88222368132211 34870320538
0 14 17 5 6 5 88222368150384 34870285536
17 0 10 12 16 9 88222536869696 515223770348
17 0 0 12 16 19 88222537484078 220591776545
0 10 11 5 19 20 88228998710722 37716349905
0 10 10 5 19 22 88231934873106 151833357470
1 17 5 12 18 22 88234210293786 100176857703
1 17 10 12 18 4 88234210293786 100176888390
1 14 4 12 17 17 88252388969704 105382341714
1 2 14 12 17 13 88252388969704 151037705525
0 14 14 5 6 0 88257238435920 43556095492
0 14 17 5 6 18 88257238452749 43577338446
0 14 16 5 6 13 88257238452749 99909557674
1 14 7 12 17 21 88258437992807 102358450201
1 14 6 12 17 2 88258437992807 204715775752
0 10 16 5 19 10 88266715060627 37716370029
0 14 2 5 6 0 88300794531412 43567195630
0 14 14 5 6 18 88300815791195 43567508143
0 10 16 5 19 19 88304431430656 79337567447
0 10 17 5 19 10 88304431430656 79338033196
0 0 2 5 16 9 88310984131299 107299681704
0 0 14 5 16 22 88312411796918 105872023389
1 17 5 12 18 5 88334387151489 75661297502
1 17 10 12 18 22 88334387182176 75661253300
1 16 0 12 19 9 88341080973026 180643155513
1 16 11 12 19 16 88341140280935 180583913927
0 2 10 5 6 12 88344361727042 43577751612
0 14 2 5 6 18 88344383299338 43556176799
0 14 1 5 6 13 88357148010423 99909306166
1 14 11 12 17 17 88357771311418 105382561675
1 14 4 12 17 21 88360796443008 102357390746
0 10 10 5 9 16 88383768230576 165883348458
0 10 16 5 19 22 88383768998103 77538338791
0 10 17 5 19 19 88383769463852 77537868422
0 11 14 5 16 19 88387089714738 183404233111
0 14 0 5 6 21 88387939476137 134468314126
0 2 10 5 6 20 88387939478654 36929940274
0 2 0 5 6 12 88387939478654 94967977683
1 2 15 12 17 13 88403426675229 151038301154
1 17 14 12 18 2 88410048435476 103767183350
1 17 10 12 18 5 88410048448991 103818171272
1 17 5 12 18 8 88410048448991 155685477756
0 11 10 5 16 4 88418283813003 226817144004
0 0 2 5 16 22 88418283820307 75605493917
0 0 1 5 16 12 88418283843767 167668651913
0 2 14 5 6 20 88424869418928 58038327047
0 2 10 5 6 5 88424869418928 116076429382
17 0 0 12 16 20 88443129260623 274454661247
17 0 11 12 16 19 88443129420092 274454547083
0 14 17 5 6 13 88457057316589 99909330108
0 10 14 5 19 9 88461307332274 116409757655
0 10 17 5 19 22 88461307336894 116447476738
0 10 16 5 19 12 88461307336894 127114200646
1 14 10 12 17 2 88463153833754 80783290862
1 14 11 12 17 21 88463153873093 80536138314
1 16 10 12 19 18 88481341558509 392715248414
0 2 11 5 6 12 88482907456337 94968304875
0 2 2 5 6 20 88482907745975 58038169619
0 0 0 5 16 5 88493889314224 75605876924
1 17 11 12 18 2 88513815618826 103789012048
1 17 14 12 18 5 88513866620263 103786578872
1 16 11 12 19 9 88521724194862 85861572630
0 14 11 5 6 21 88522407790263 134468120598
0 2 0 5 6 5 88540945915594 36929950984
1 14 9 12 17 14 88543690011407 177729026218
1 2 14 12 17 21 88543690011407 161813713469
1 14 7 12 17 2 88543937124616 80783293703
0 10 10 5 9 6 88549651579034 165883140702
1 2 12 12 17 13 88554464976383 151038766651
0 2 10 5 6 13 88556966646697 99909200949
1 17 10 12 18 8 88565733926747 155685017124
0 0 11 5 16 5 88569495191148 75605890241
0 11 2 5 16 19 88570493947849 183404257525
0 10 2 5 19 9 88577717089929 116448302604
0 10 14 5 19 22 88577754813632 116410565739
0 2 0 5 6 18 88577875866578 53545418814
0 2 11 5 6 5 88577875866578 53545407848
0 0 17 5 16 12 88585952495680 167668509007
0 10 17 5 19 12 88588421537540 127113857519
1 16 16 12 19 10 88607585767492 85861594861
1 14 0 12 18 15 88617604630874 103814229601
1 17 11 12 18 5 88617653199135 103765785893
1 2 2 12 17 5 88624720418319 80783383121
0 2 11 5 6 18 88631421285392 25454884404
0 11 10 5 16 8 88645101081389 54398413785
0 2 10 5 6 21 88656875910861 70873100644
0 2 16 5 6 3 88656876169796 22836238266
0 2 16 5 6 5 88679712408062 48036902652
0 2 17 5 6 3 88679712408062 48036916793
1 16 16 12 19 16 88693447362353 180613170042
1 16 17 12 19 10 88693447362353 180613240488
0 10 2 5 19 22 88694165392533 55349226754
0 11 0 5 16 11 88699499495174 54398932248
1 2 14 12 17 6 88705503724876 211195127238
1 2 0 12 17 5 88705503801440 97845700448
1 2 2 12 17 21 88705503801440 97814250138
0 10 10 5 9 19 88715534719736 215195274532
0 10 14 5 9 6 88715535395059 107598537623
17 0 11 12 16 20 88717583967175 130472783372
1 14 4 12 18 15 88721418860475 112949711620
1 14 0 12 18 16 88721418943871 225899149657
1 17 1 12 18 17 88721418985028 136836848752
1 14 1 12 17 14 88721419037625 195279703064
1 14 9 12 18 14 88721419037625 195279467578
0 2 16 5 6 21 88727749310714 34870347006
0 2 17 5 6 5 88727749324855 34870322718
17 0 10 12 16 22 88737760640044 515223299241
0 10 0 5 19 5 88749514619287 55349220176
0 11 10 5 16 12 88753621004687 167668613871
0 11 11 5 16 11 88753898427422 84822606244
0 11 0 5 16 4 88753898427422 84794054607
0 2 14 5 6 13 88762619647573 46302141642
0 2 17 5 6 21 88762619657720 46317985255
0 2 16 5 6 6 88762619657720 79332871279
1 2 2 12 17 11 88803318051578 97845564745
1 2 0 12 17 21 88803349501888 97814166773
0 10 11 5 19 5 88804863839463 116420750011
0 10 0 5 9 16 88804863839463 116436757404
0 2 2 5 6 13 88808921789215 46317752689
0 2 14 5 6 21 88808937642975 46301892524
0 10 2 5 9 6 88823133932682 107598937739
1 14 11 12 18 15 88834368572095 112949661706
0 11 0 5 16 17 88838692482029 84823736278
0 11 11 5 16 4 88838721033666 84795195316
0 2 17 5 6 6 88841952528999 79332639354
17 0 16 12 16 10 88848056750547 130472923583
0 2 2 5 6 21 88855239541904 22015256185
1 17 18 12 18 17 88858255833780 136837181522
1 16 16 12 19 18 88874060532395 143094605407
1 16 17 12 19 16 88874060602841 143094485606
0 2 0 5 6 7 88877254798089 22015285770
0 2 11 5 6 7 88899270083859 22015284298
1 2 0 12 17 11 88901163668661 46507175383
1 14 1 12 18 14 88916698740689 102489979243
1 2 14 12 17 14 88916698852114 175308571211
0 0 0 5 19 16 88921285368157 29671491068
0 0 2 5 19 11 88921285368157 29671498023
0 11 10 5 16 20 88921289618558 167668655198
0 10 11 5 9 16 88921300596867 116344079083
0 11 11 5 16 17 88923516228982 40317017791
0 10 10 5 9 9 88930729994268 217866291779
0 10 0 5 9 19 88930732870421 106911402581
1 14 9 12 18 16 88947318233801 71870254969
1 2 6 12 17 19 88947670844044 46507278807
0 0 6 5 19 16 88950956859225 48741790123
0 0 0 5 19 11 88950956866180 21160574683
0 11 16 5 16 2 88963833246773 40317028520
0 0 9 5 19 11 88972117440863 44512135760
0 0 0 5 19 6 88972117440863 44512124415
17 0 16 12 16 19 88978529674130 274454531619
17 0 17 12 16 10 88978529674130 274454607822
1 2 6 12 17 21 88994178122851 97829526723
1 2 11 12 17 19 88994178122851 97829558191
1 14 0 12 18 17 88995093015302 136836881732
0 0 7 5 19 16 88999698649348 48741816322
0 11 16 5 16 4 89004150275293 84808405463
0 11 17 5 16 2 89004150275293 84808436655
0 0 0 5 19 1 89016629565278 72789539925
0 0 6 5 19 6 89016629576623 31810923393
1 16 14 12 19 17 89017155088447 183649577551
1 16 17 12 19 18 89017155137802 183709040565
1 16 16 12 19 19 89017155137802 367358861751
1 14 9 12 18 9 89019188488770 84580673411
1 14 1 12 18 16 89019188719932 84580616396
0 10 0 5 9 20 89037644273002 111435134815
0 10 11 5 9 19 89037644675950 111434785526
0 0 6 5 19 18 89048440500016 38555331430
0 0 7 5 19 6 89048440500016 38555307405
0 0 7 5 19 18 89086995831446 18328805939
0 11 16 5 16 20 89088958680756 65911168000
0 11 17 5 16 4 89088958711948 65911140674
0 0 0 5 19 19 89089419105203 72789412156
1 2 6 12 17 14 89092007649574 74425780889
1 2 11 12 17 21 89092007681042 74425723724
1 14 1 12 18 9 89103769336328 40208646954
0 0 4 5 19 13 89105324637385 18328798682
0 0 4 5 19 6 89123653436067 38555303010
0 0 11 5 19 13 89123653436067 38555391927
1 14 0 12 18 18 89131929897034 136836782901
1 14 6 12 18 10 89143977983282 40208624011
0 10 10 5 9 22 89148596286047 217866098771
0 10 11 5 9 20 89149079461476 52975031142
0 11 16 5 16 5 89154869848756 101852712520
0 11 14 5 16 12 89154869852622 101805491729
0 11 17 5 16 20 89154869852622 101828989467
0 0 0 5 20 16 89162208517359 94221543744
0 0 4 5 19 19 89162208739077 36251205961
0 0 11 5 19 6 89162208827994 36251083564
1 2 15 12 17 6 89166433404766 95517227490
1 2 11 12 17 14 89166433430463 95550763611
1 2 6 12 17 22 89166433430463 191068024338
1 14 6 12 18 16 89184186607293 84580426197
1 14 7 12 18 10 89184186607293 84580450215
0 0 9 5 19 1 89198459911558 60848510787
0 11 10 5 19 6 89198459911558 150648563964
0 0 11 5 19 19 89198459945038 60868750475
0 0 4 5 19 14 89198459945038 76095958552
1 16 2 12 19 17 89200804665998 183709424057
1 16 14 12 19 18 89200864178367 183649870567
0 10 16 5 9 10 89202054492618 52975004718
17 0 16 12 16 22 89252984205749 215616695147
17 0 17 12 16 19 89252984281952 206484913246
0 10 16 5 9 19 89255029497336 111434416221
0 10 17 5 9 10 89255029497336 111435681519
0 0 0 5 20 6 89256430061103 94221398117
0 11 2 5 16 12 89256675344351 101852244699
0 11 14 5 16 20 89256698842089 101828731325
0 11 17 5 16 5 89256722561276 101805100796
0 0 1 5 19 1 89259308422345 60868522922
0 0 9 5 19 19 89259328695513 60848247121
1 2 12 12 17 6 89261950632256 95550897796
1 2 15 12 17 14 89261984194074 95517313567
1 14 6 12 18 18 89268767033490 62828785599
1 14 7 12 18 16 89268767057508 62828740265
0 0 11 5 19 14 89274555903590 76095862101
0 0 1 5 19 19 89320176945267 28931651768
1 14 4 12 18 17 89331595797773 80636410059
1 14 7 12 18 18 89331595819089 80664622146
1 14 6 12 18 19 89331595819089 161298298331
0 0 6 5 19 22 89349108597035 43427840733
0 11 10 5 19 19 89349108597035 57172844819
0 0 0 5 20 19 89350651459220 113760278278
0 0 9 5 20 6 89350651765691 66618229969
1 2 7 12 17 22 89357501507641 92904893148
1 2 12 12 17 14 89357501530052 61936617090
0 11 2 5 16 20 89358527589050 52462691902
0 11 14 5 19 6 89358527662072 88106634853
0 10 10 5 22 16 89366462384818 227600837144
0 10 16 5 9 22 89366463913557 110172181610
0 10 17 5 9 19 89366465178855 110170914794
1 16 1 12 19 19 89384514048934 173705959596
1 16 2 12 19 18 89384514090055 121434298932
0 0 7 5 19 22 89392536437768 91351906089
0 0 6 5 20 16 89392536437768 91351900079
0 11 10 5 19 14 89406281441854 57172842350
0 11 0 5 16 6 89410990280952 52462410605
1 14 11 12 18 17 89412232207832 80661883915
1 14 4 12 18 18 89412260441235 80633688142
0 0 1 5 20 6 89417269995660 66618311164
1 2 2 12 17 0 89419438147142 61936596265
0 11 2 5 19 6 89446634296925 88103372880
1 2 11 12 17 22 89450406400789 92905070342
17 0 14 12 16 9 89459469195198 343420107366
17 11 10 12 16 19 89459469195198 587005133688
0 11 11 5 16 6 89463452691557 71285047118
0 11 0 5 19 16 89463454284204 71285012517
0 11 10 5 19 9 89463454284204 133014885978
0 0 0 5 20 9 89464411737498 113760443517
17 0 17 12 16 22 89468600900896 338856947412
17 0 16 12 16 12 89468600900896 677712783344
0 10 14 5 9 9 89476636093649 169052250567
0 10 17 5 9 22 89476636095167 169106150119
0 10 16 5 9 12 89476636095167 172515674696
1 2 0 12 17 0 89481374743407 61936812753
0 0 6 5 20 19 89483888337847 52650188824
0 0 7 5 20 16 89483888343857 52667980566
1 2 10 12 18 10 89492894091747 99821857558
1 14 11 12 18 18 89492894129377 79677566855
1 14 10 12 18 19 89492894129377 119516419877
1 16 0 12 19 22 89505948388987 121434344568
0 11 11 5 19 16 89534739296721 49301277573
0 11 0 5 19 19 89534739296721 49284691375
0 0 6 5 20 20 89536538526671 52667661909
0 0 7 5 20 19 89536556324423 52649888463
17 10 13 12 6 6 89543311556160 74425722256
17 10 10 12 6 16 89543311556160 74425705213
1 16 17 12 19 19 89558220008530 173706069351
1 14 9 12 18 22 89572571696232 79677631315
0 0 0 5 20 22 89578172181015 113760469512
0 11 0 5 19 20 89584023988096 49301373786
0 11 11 5 19 19 89584040574294 49284779918
0 0 7 5 20 20 89589206212886 25033754671
1 2 14 12 18 10 89592715949305 156878853705
1 2 10 12 18 16 89592715949305 313750630268
0 10 10 5 22 6 89594063221962 227601242289
0 11 10 5 19 22 89596469170182 133014955011
1 14 7 12 18 19 89612410549254 119516354068
0 0 4 5 20 10 89614239967557 25033755208
17 10 0 12 6 16 89617737261373 122260465740
17 10 10 12 6 6 89617737278416 53077738776
1 16 11 12 19 22 89627382733555 121434302162
0 11 11 5 19 20 89633325361882 23433199005
0 0 4 5 20 19 89639273722765 52659460061
0 0 11 5 20 10 89639273722765 52659482251
0 10 2 5 9 9 89645688344216 169104811427
0 10 14 5 9 22 89645742245286 169050889749
0 10 17 5 9 12 89649151769863 172513942446
1 14 1 12 18 22 89652249327547 79677728306
0 11 16 5 19 10 89656758560887 23433188216
17 10 14 12 6 6 89670815017192 111651126584
17 10 10 12 6 19 89670815017192 111651101666
0 11 16 5 19 19 89680191749103 49292606819
0 11 17 5 19 10 89680191749103 49292635773
0 0 4 5 20 22 89691933182826 41998937062
0 0 11 5 20 19 89691933205016 41341427283
0 11 16 5 19 22 89729484355922 40600648607
0 11 17 5 19 19 89729484384876 40600601952
1 2 0 12 18 4 89731926903322 165485021941
1 1 10 12 19 21 89731927055853 46172620151
0 0 9 5 20 9 89733274632299 64971730263
0 11 10 5 20 19 89733274632299 129944934853
0 0 11 5 20 22 89733932119888 64644510202
0 0 4 5 20 12 89733932119888 137514015381
17 10 11 12 6 16 89739997727113 122260741470
1 1 0 12 19 5 89748817035717 121433829700
1 2 2 12 18 10 89749594803010 156878600022
0 11 14 5 19 9 89770084986828 51694321959
0 11 17 5 19 22 89770085004529 51712127506
0 11 16 5 19 12 89770085004529 107496198890
1 1 14 12 19 21 89778099676004 72563820524
1 1 10 12 19 14 89778099676004 145127544873
17 10 10 12 6 9 89782466118858 182580544287
17 10 0 12 6 19 89782466143776 79792328368
0 0 1 5 20 9 89798246362562 64973240286
0 0 9 5 20 22 89798576630090 64642972654
17 0 2 12 16 9 89802889302564 343424174369
17 0 14 12 16 22 89807457848308 338855650444
0 10 2 5 9 22 89814793155643 80378442782
0 10 10 5 22 19 89821664464251 249555884376
0 10 14 5 22 6 89821665712309 161481840552
0 11 2 5 19 9 89821779308787 51712563134
0 11 14 5 19 22 89821797132035 51694735276
1 1 2 12 19 21 89850663496528 72563946280
17 10 0 12 6 20 89862258472144 96709601673
17 10 11 12 6 19 89862258472144 96709549928
0 11 10 5 20 4 89863219602848 89521701663
0 0 1 5 20 22 89863219602848 34851525251
1 1 11 12 19 5 89870250865417 121433620082
0 0 11 5 20 12 89871446135269 137514403616
0 11 2 5 19 22 89873491871921 24579303862
0 11 17 5 19 12 89877581203419 107496221082
0 10 0 5 9 5 89895171598425 80378504622
1 2 11 12 18 4 89897411925263 165485380565
0 0 6 5 20 5 89898071128099 55444836622
0 11 13 5 20 22 89898071175783 54670256395
0 11 0 5 19 5 89898071175783 32129840199
1 2 10 12 18 22 89906466579573 315503394324
1 2 0 12 18 16 89906473403032 156423222954
1 1 10 12 19 7 89923227220877 163755725782
1 1 0 12 19 14 89923227442808 68458005817
0 11 11 5 19 5 89930201015982 67586383553
0 11 0 5 20 19 89930201015982 67586383608
0 11 10 5 20 22 89952741432178 32336168589
0 0 7 5 20 5 89953515964721 55444793856
17 10 11 12 6 20 89958968073817 45974693360
17 10 10 12 6 22 89965046663145 182580307721
0 10 11 5 9 5 89975550103047 169079220701
0 10 0 5 22 16 89975550103047 169079201197
0 10 2 5 22 6 89983147552861 161481726267
0 11 14 5 20 22 89985077600767 23883232849
1 1 0 12 19 17 89991685448625 87791678840
1 1 11 12 19 14 89991685448625 87791646015
0 11 11 5 20 19 89997787399590 32129847612
17 10 16 12 6 10 90004942767177 45974805823
0 11 10 5 20 5 90008960758577 47961554198
0 11 0 5 20 2 90008960833616 20956450048
0 11 0 5 20 4 90029917283664 25405879419
0 11 11 5 20 2 90029917283664 25405859279
17 11 14 12 16 19 90046474328886 587002982287
17 10 16 12 6 19 90050917573000 96709568759
17 10 17 12 6 10 90050917573000 96709601944
0 11 11 5 20 4 90055323163083 12077634031
0 11 10 5 20 8 90056922312775 47961638646
1 2 0 12 18 20 90062896625986 160831464012
1 2 11 12 18 16 90062897305828 160830726974
0 11 16 5 20 7 90067400797114 12077656584
0 10 10 5 22 9 90071220348627 249555548821
1 1 11 12 19 17 90079477127465 41735286952
0 11 16 5 20 2 90079478453698 25405791372
0 11 17 5 20 7 90079478453698 25405809854
1 1 10 12 19 0 90086982946659 163755988700
0 11 16 5 20 8 90104884245070 19551599256
0 11 17 5 20 2 90104884263552 19551567565
1 1 16 12 19 10 90121212414417 41735179524
0 11 14 5 20 5 90124435831117 25961245067
0 11 17 5 20 8 90124435844326 25970150203
0 11 16 5 20 11 90124435844326 44481309002
0 10 0 5 22 19 90144629304244 107735202481
0 10 11 5 22 16 90144629323748 107770746196
17 11 10 12 16 4 90146313476933 725952517931
17 0 2 12 16 22 90146313498752 241983920368
17 0 1 12 16 12 90146313684240 536638650634
17 10 16 12 6 22 90147627141759 74425735320
17 10 17 12 6 19 90147627174944 74425686940
0 11 2 5 20 5 90150397076184 25970150395
0 11 14 5 20 8 90150405994529 25961229952
1 1 16 12 19 14 90162947593941 87791574385
1 1 17 12 19 10 90162947593941 87791603285
0 11 17 5 20 11 90168917153328 44481372799
0 11 2 5 20 8 90176367226579 12343836641
0 11 0 5 20 20 90188711063220 12343829481
0 11 11 5 20 20 90201054892701 12343841618
0 16 13 5 10 6 90213398734319 19551569539
0 16 10 5 10 16 90213398734319 19551556748
1 2 10 12 18 5 90221969973897 315503534366
17 10 14 12 6 9 90222052861884 101280638170
17 10 17 12 6 22 90222052877079 101314608003
17 10 16 12 6 12 90222052877079 156732440872
1 2 11 12 18 20 90223728089998 76457682965
0 16 0 5 10 16 90232950291067 32117538502
0 16 10 5 10 6 90232950303858 13943519414
0 16 14 5 10 6 90246893823272 29330687595
0 16 10 5 10 19 90246893823272 29330678931
1 1 16 12 19 0 90250739168326 67723245950
1 1 17 12 19 14 90250739197226 67050895013
0 10 0 5 22 20 90252364506725 107769101817
0 10 11 5 22 19 90252400069944 107733561691
0 16 11 5 10 16 90265067829569 32118096441
0 16 10 5 10 9 90276224502203 47963623498
0 16 0 5 10 19 90276224510867 20961461786
0 16 0 5 10 20 90297185972653 25405515223
0 16 11 5 10 19 90297185972653 25405493570
1 2 16 12 18 3 90300185772963 76456967192
1 17 10 12 19 14 90317790092239 205651005575
1 1 14 12 19 7 90317790092239 106764116140
1 1 17 12 19 0 90318462414276 106431218049
1 1 16 12 19 16 90318462414276 212860441364
0 10 10 5 22 22 90320775897448 249556949669
0 16 11 5 10 20 90322591487876 12077512834
17 10 2 12 6 9 90323333500054 101314521122
17 10 14 12 6 22 90323367485082 101280611021
0 16 10 5 10 22 90324188125701 47963668203
0 16 16 5 10 10 90334669000710 12077497002
0 16 16 5 10 19 90346746497712 25405510584
0 16 17 5 10 10 90346746497712 25405561363
0 10 11 5 22 20 90360133631635 51224189978
0 16 10 5 19 20 90372151793904 72815343656
0 16 16 5 10 22 90372152008296 23181799999
0 16 17 5 10 19 90372152059075 23181691938
1 2 16 12 18 16 90376642740155 160830999013
1 2 17 12 18 3 90376642740155 160831054706
17 10 17 12 6 12 90378785317951 156731524538
17 0 0 12 16 5 90388297419120 241984616314
0 17 10 5 10 19 90395333751013 88377721959
0 16 14 5 10 9 90395333751013 36541099441
0 16 17 5 10 22 90395333808295 36558403307
0 16 16 5 10 12 90395333808295 61224365517
0 10 16 5 22 10 90411357821613 51224195376
1 1 2 12 19 7 90424554208379 106768288279
17 14 10 12 6 10 90424648021176 118098164254
17 10 2 12 6 22 90424648096103 88573057431
1 1 14 12 19 0 90424893632325 106429276426
0 16 2 5 10 9 90431874850454 36567210724
0 16 14 5 10 22 90431892211602 36549849527
0 16 10 5 19 21 90444967137560 72815083154
0 16 17 5 10 12 90456558173812 61224333574
0 10 16 5 22 19 90462582016989 107752035821
0 10 17 5 22 10 90462582016989 107752082978
0 16 2 5 10 22 90468442061178 17375276143
0 17 0 5 10 19 90483711472972 88378315411
0 16 0 5 10 5 90485817337321 42596506796
0 17 10 5 10 22 90485817337321 31967028426
17 10 0 12 6 5 90513221153534 88573677995
0 16 10 5 19 22 90517782220714 98578590768
0 16 14 5 19 21 90517782507386 50117673937
0 17 14 5 10 22 90517784365747 50116492293
0 17 10 5 10 2 90517784365747 100232976303
1 17 0 12 19 14 90523441097814 205651888407
0 16 11 5 10 5 90528413844117 89603465810
0 16 0 5 19 20 90528413844117 89603469735
1 17 10 12 19 15 90531322496658 110541543529
1 1 2 12 19 0 90531322908751 187255561902
1 1 1 12 19 16 90531322908751 110541454055
17 14 0 12 6 15 90535516842489 156731895210
1 2 16 12 18 5 90537473739168 124790002315
1 2 17 12 18 16 90537473794861 124789904076
17 14 14 12 6 10 90542746185430 118097904785
0 16 2 5 19 21 90567900181323 50117595522
0 17 2 5 10 22 90567900858040 50116578332
0 10 16 5 22 22 90570334052810 86401817595
0 10 17 5 22 19 90570334099967 86401716388
0 17 11 5 10 19 90572089788383 88378564137
17 10 11 12 6 5 90601794831529 88573655875
0 16 10 5 19 0 90616360811482 98579452004
0 16 11 5 19 20 90618017313852 49493742277
0 17 10 5 10 5 90618017342050 106208003340
0 17 0 5 10 2 90618017436372 42451142966
0 16 0 5 19 22 90618017776845 49476251409
17 0 11 12 16 5 90630282035434 241984094033
17 11 2 12 16 19 90633477311173 587004400574
1 17 14 12 19 15 90641864040187 110541737833
1 1 17 12 19 16 90641864362806 110541473098
0 10 14 5 22 9 90656735816355 103259386896
0 10 17 5 22 22 90656735870405 103294107000
0 10 16 5 22 12 90656735870405 307348191891
0 17 0 5 10 4 90660468579338 57599989760
0 17 11 5 10 2 90660468579338 57599972992
17 14 2 12 6 10 90660844090215 118098219853
1 2 14 12 18 22 90662263698937 160159562014
1 2 17 12 18 5 90662263741483 160212414701
1 2 16 12 18 11 90662263741483 320366248217
0 16 0 5 19 15 90667494028254 49492710297
0 16 11 5 19 22 90667511056129 49475739566
17 0 17 12 16 12 90682952334874 536638675843
17 14 10 12 6 5 90690368487404 88573859212
17 14 11 12 6 15 90692248737699 156731875903
0 16 10 5 19 1 90714940263486 98579281059
0 16 11 5 19 15 90716986795695 23524497723
0 17 11 5 10 4 90718068569098 27382390041
1 1 0 12 19 18 90718578470653 187256030351
0 17 10 5 10 8 90724225345390 106207835570
1 17 11 12 19 14 90729092986221 205651973365
0 16 16 5 19 16 90740511293418 23524367279
0 17 16 5 10 7 90745450959139 27382445592
1 17 2 12 19 15 90752405778020 110541306241
1 17 10 12 19 16 90752405835904 110541211965
0 10 2 5 22 9 90759995203251 103294947781
0 10 14 5 22 22 90760029977405 103260731207
0 16 16 5 19 22 90764035660697 49484435696
0 16 17 5 19 16 90764035660697 49484456276
0 17 16 5 10 2 90772833404731 57600019095
0 17 17 5 10 7 90772833404731 57600040065
17 14 10 12 6 0 90778942346616 178589517924
17 14 0 12 6 5 90778942346616 70038403595
0 16 16 5 19 1 90813520096393 38519384409
0 16 17 5 19 22 90813520116973 38519340058
1 2 2 12 18 22 90822423260951 160206812144
1 2 14 12 18 5 90822476156184 160153882043
0 17 16 5 10 8 90830433423826 44099833425
0 17 17 5 10 2 90830433444796 44099792433
17 14 0 12 6 17 90848980750211 97310336395
17 14 11 12 6 5 90848980750211 97310313576
0 16 14 5 19 0 90852039457031 46644809282
0 16 17 5 19 1 90852039480802 46661589639
0 16 16 5 19 2 90852039480802 127760427563
1 17 10 12 19 17 90862947047869 230143328857
1 17 0 12 19 16 90862947084261 71798040048
0 16 10 5 22 10 90863290151032 105972657659
0 10 2 5 22 22 90863290708612 100709918568
17 11 10 12 16 8 90872266129467 174108189831
0 17 14 5 10 5 90874533237229 55307634260
0 17 17 5 10 8 90874533257251 55326342636
0 17 16 5 10 11 90874533257251 124226535945
0 16 2 5 19 0 90898684266313 46660679222
0 16 14 5 19 1 90898701070441 46643885095
1 1 11 12 19 18 90905834501004 187255878806
0 17 2 5 10 5 90929840871489 55326506713
0 17 14 5 10 8 90929859599887 55307772572
1 17 0 12 19 9 90934745124309 107324464851
1 17 11 12 19 16 90934745124309 107324448089
0 17 10 5 19 16 90945344945535 71283971447
0 16 2 5 19 1 90945344955536 34455217786
17 14 11 12 6 17 90946291086606 46260224855
17 14 10 12 6 18 90957531864540 178589794129
0 10 0 5 22 5 90964000627180 100710365302
0 10 17 5 22 12 90964084062296 307347351714
0 16 10 5 22 19 90969262808691 105972812639
0 16 17 5 19 2 90979799908365 143186734424
0 16 0 5 19 5 90979800173322 55350472560
0 16 13 5 22 22 90979800173322 95438682114
1 2 1 12 18 11 90982630038227 155774126921
1 2 2 12 18 5 90982630073095 103849450443
0 17 2 5 10 8 90985167378202 26297159905
17 14 16 12 6 12 90992551311461 46260232877
0 17 17 5 10 11 90998759793196 124226909109
0 17 13 5 19 19 91011464538107 76448480523
0 17 0 5 10 20 91011464538107 43156941838
0 17 10 5 19 1 91016628916982 71284041744
0 16 11 5 19 5 91035150645882 116431991382
0 16 0 5 22 10 91035150645882 116431991233
17 14 16 12 6 5 91038811544338 97310273443
17 14 17 12 6 12 91038811544338 97310305662
1 17 11 12 19 9 91042069589160 51020955576
17 11 0 12 16 11 91046374319298 174107583081
0 17 11 5 10 20 91054621479945 90782328980
0 17 0 5 19 16 91054621479945 90782329050
0 10 11 5 22 5 91064710992482 100710212293
0 16 10 5 22 22 91075238855436 47748005804
1 2 0 12 18 6 91086479523538 103849287148
0 17 10 5 19 19 91087913018630 35073866437
1 17 10 12 19 18 91093090379810 136959651954
1 17 16 12 19 10 91093090544736 44130316735
0 16 14 5 22 22 91122986861240 42437910909
0 17 14 5 19 19 91122986885067 32786946345
0 17 10 5 19 2 91122986885067 87800653003
17 14 16 12 6 18 91136121817781 74425745555
17 14 17 12 6 5 91136121850000 74425681031
1 17 16 12 19 16 91137220861471 92829400191
1 17 17 12 19 10 91137220861471 92829417683
1 2 17 12 18 11 91138404165148 155773955592
0 17 11 5 19 16 91145403808995 43156971002
0 16 11 5 22 10 91151582637264 55350461189
0 17 0 5 19 22 91155773831412 32786971869
0 16 10 5 22 0 91165421204775 106010460233
0 16 0 5 22 11 91165424772149 41508343580
0 17 0 5 19 1 91188560803281 37287698794
0 17 11 5 19 22 91188560803281 37287660578
1 2 11 12 18 6 91190328810686 103849407797
0 16 0 5 22 19 91206933115729 47473359212
0 16 11 5 22 11 91206933115729 47473315681
17 14 14 12 6 0 91210547531031 92968612177
17 14 17 12 6 18 91210547563336 93010443441
17 14 16 12 6 13 91210547563336 213243189379
0 17 10 5 19 5 91210787538070 87800623379
17 11 10 12 16 12 91219591010717 536639132067
17 11 11 12 16 11 91220481902379 271476656242
17 11 0 12 16 4 91220481902379 271390304369
0 17 11 5 19 1 91225848502075 17726160920
1 17 16 12 19 18 91230050261662 70975905360
1 17 17 12 19 16 91230050279154 64130205241
0 17 16 5 19 4 91243574662995 17726125039
0 16 11 5 22 19 91254406474941 22568402846
0 17 16 5 19 22 91261300788034 37287627143
0 17 17 5 19 4 91261300788034 37287648422
0 16 10 5 22 12 91271431665008 75581275723
0 16 16 5 22 8 91276974877787 22568289169
1 0 10 12 22 15 91294178218483 84744089587
1 0 0 12 22 14 91294178218483 237982565683
1 17 14 12 19 17 91294180484395 101398214363
17 10 10 12 19 16 91294180484395 193559084452
0 17 16 5 19 5 91298588415177 29991036068
0 17 17 5 19 22 91298588436456 29991003620
0 16 16 5 22 11 91299543166956 47473258706
0 16 17 5 22 8 91299543166956 47473292030
1 17 17 12 19 18 91301026167022 124246806224
1 17 16 12 19 19 91301026167022 186370310774
17 14 2 12 6 0 91303516143208 92987898860
17 14 14 12 6 18 91303558006777 92988405777
0 17 14 5 19 2 91328579440076 39804556422
0 17 17 5 19 5 91328579451245 39826007382
0 17 16 5 19 8 91328579451245 68226970939
0 16 10 5 12 6 91347012940731 169821954121
0 16 16 5 22 12 91347016425662 40051013645
0 16 17 5 22 11 91347016458986 40050982033
0 17 2 5 19 2 91368383996498 39841430114
0 17 14 5 19 5 91368405458627 39819963544
1 0 14 12 22 15 91378922308070 133181973978
1 0 10 12 22 16 91378922308070 266363455106
0 16 16 5 22 1 91387067439307 61876913472
0 16 14 5 22 0 91387067441019 61876779838
0 16 17 5 22 12 91387067441019 61876862190
1 17 2 12 19 17 91395578698758 101398250519
17 2 10 12 6 12 91396504042068 93009077008
17 14 2 12 6 18 91396546412554 92966702789
0 17 17 5 19 8 91396806422184 68224456283
0 17 2 5 19 5 91408225426612 18935222909
17 14 1 12 6 13 91423790752715 213243030926
1 17 14 12 19 18 91425272973246 124246925452
0 17 0 5 19 17 91427160649521 18935223780
0 17 11 5 19 17 91446095873301 18935277913
0 16 2 5 22 0 91448944220857 67894282421
0 16 14 5 22 12 91448944303209 67894187646
0 16 17 5 22 1 91448944352779 52489693986
11 10 10 5 19 11 91465030878467 85274097834
0 14 0 5 9 20 91465031151214 33546937050
0 14 9 5 9 14 91465031151214 94208422549
11 10 13 5 19 19 91465031151214 85274028438
1 17 17 12 19 19 91487396477796 186370060876
17 10 0 12 19 16 91487739568847 193559981514
17 14 0 12 6 21 91489513115343 287003009855
17 2 10 12 6 20 91489513119076 78821628924
17 2 0 12 6 12 91489513119076 202695903059
17 11 0 12 16 17 91491872206748 271480521072
17 11 11 12 16 4 91491958558621 271394200452
17 10 10 12 19 6 91496976949277 101397928727
0 14 4 5 9 20 91498578088264 52721529490
0 14 0 5 9 3 91498578088264 105443234108
0 17 13 5 22 19 91501434046765 52489722369
1 0 2 12 22 15 91512104282048 133181795526
0 16 10 5 12 19 91516834894852 298647404296
0 16 14 5 12 6 91516838490855 173547320028
0 16 2 5 22 12 91516838503278 37085271080
1 0 11 12 22 14 91532160784166 237982800535
1 17 2 12 19 18 91549519898698 124246666635
11 10 0 5 19 11 91550304976301 140081455720
11 10 10 5 19 19 91550305179652 60814373423
0 14 11 5 9 20 91551299617754 52721873430
0 17 1 5 22 19 91553923769134 108286806756
0 16 0 5 22 14 91553923774358 99889131185
0 17 13 5 22 12 91553923774358 38833134574
0 14 1 5 9 14 91559239573763 94208219887
17 2 14 12 6 20 91568334748000 123874243512
17 2 10 12 6 5 91568334748000 247748391207
0 17 14 5 22 12 91592756908932 61029310727
0 17 13 5 22 5 91592756908932 122058540620
17 10 14 12 19 6 91598374878004 101398053663
0 14 0 5 9 9 91604021322372 120694558447
0 14 9 5 9 3 91604021491184 49426401507
11 10 14 5 19 19 91611119553075 127925368749
11 10 10 5 19 4 91611119553075 127925340451
17 14 17 12 6 13 91637033783641 213243127740
1 0 10 12 22 17 91645285763176 304890688408
1 0 0 12 22 16 91645286077574 124857597579
0 14 9 5 9 7 91653447892691 65054815619
0 14 1 5 9 3 91653447892691 65054794026
0 17 11 5 22 12 91653786219659 61029373536
0 16 11 5 22 14 91653812905543 210120521797
0 16 0 5 12 16 91653812905543 210120520667
0 17 18 5 22 19 91662210575890 108286921870
1 17 0 12 19 22 91673766565333 179851738203
17 10 10 12 19 19 91673766565333 127404319288
17 10 11 12 19 16 91681299550361 193559855512
0 16 2 5 12 6 91690385810883 173547607517
11 10 11 5 19 11 91690386432021 140081327076
17 2 2 12 6 20 91692208991512 123874220152
17 2 11 12 6 12 91692209022135 202695754248
17 10 2 12 19 6 91699772931667 101398082682
0 17 13 5 22 21 91714815449552 149118116916
0 17 1 5 22 5 91714815593195 55681999595
0 14 1 5 9 7 91718502708310 30926476634
0 14 0 5 9 15 91724715880819 120694469197
11 10 10 5 19 12 91739044893526 209193471732
11 10 0 5 19 4 91739044921824 91423017446
0 14 6 5 9 13 91749429184944 30926455328
17 11 10 12 16 20 91756230142784 536638994315
17 11 11 12 16 17 91763352759073 129039655175
1 0 0 12 22 9 91770143675153 164337568049
1 0 11 12 22 16 91770143675153 164337517893
0 17 1 5 22 8 91770497592790 73808847481
0 17 18 5 22 5 91770497592790 73808824239
17 14 11 12 6 21 91776516125198 287003365965
0 14 6 5 9 3 91780355640272 65054945857
0 14 7 5 9 13 91780355640272 65054963611
17 10 10 12 19 9 91801170884621 232299148093
17 10 0 12 19 19 91801171014349 73688554857
0 16 10 5 12 9 91815482299148 298648290734
17 2 0 12 6 5 91816083211664 78821651948
11 10 0 5 19 17 91830467939270 110806089734
11 10 11 5 19 4 91830467939270 110806031030
0 17 18 5 22 8 91844306440271 35088001001
0 14 6 5 9 15 91845410586129 52430599870
0 14 7 5 9 3 91845410603883 47549483769
17 2 10 12 6 13 91850276911381 213242516695
1 17 11 12 19 22 91853618303536 179851820990
0 16 0 5 12 19 91863933426210 138900128103
0 16 11 5 12 16 91863933427340 138945025948
0 17 13 5 22 14 91863933566468 124357495864
17 10 0 12 19 20 91874859569206 107504298137
17 10 11 12 19 19 91874859569206 107504278956
0 17 5 5 22 1 91879394441272 35088017337
17 11 16 12 16 2 91892392414248 129038882773
0 14 4 5 9 9 91892960087652 84839075517
0 2 14 5 9 3 91892960087652 121505426252
17 2 0 12 6 18 91894904863612 114284945645
17 2 11 12 6 5 91894904863612 114284924589
0 14 7 5 9 15 91897841185999 82398812558
0 14 6 5 9 21 91897841185999 164797116659
0 17 5 5 22 5 91914482458609 73808840069
0 17 10 5 22 1 91914482458609 73808862745
1 0 11 12 22 9 91934481243202 78124293855
11 10 11 5 19 17 91941274029004 52676011850
11 10 10 5 19 20 91948238365258 209193433663
1 0 10 12 22 18 91950176451584 304890576667
0 14 11 5 9 9 91977799163169 84839237098
0 14 4 5 9 15 91980239998557 82398368810
17 10 11 12 19 20 91982363867343 51106415455
0 17 5 5 22 14 91988291298678 55360919520
0 17 10 5 22 5 91988291321354 55360886848
11 10 16 5 19 2 91993950040854 52675990339
0 16 0 5 12 20 92002833554313 138945233058
0 16 11 5 12 19 92002878453288 138900393328
17 2 11 12 6 18 92009189809257 54329951062
1 0 16 12 22 10 92012605537057 78124299864
0 2 15 5 9 3 92014465513904 121505464763
17 11 16 12 16 4 92021431297021 271438226920
17 11 17 12 16 2 92021431297021 271438318354
17 10 10 12 19 22 92033470124526 136228153997
17 10 16 12 19 10 92033470282798 43894523472
0 17 14 5 22 21 92043652208202 75882742030
0 17 10 5 22 14 92043652218198 75941841718
0 17 5 5 22 7 92043652218198 113901191803
11 10 16 5 19 4 92046626031193 110805937677
11 10 17 5 19 2 92046626031193 110805975290
0 14 10 5 9 21 92062638367367 64946000642
0 14 11 5 9 15 92062638400267 64920284761
17 2 10 12 6 21 92063519491163 151268676513
17 2 16 12 6 3 92063519760319 48740759130
17 10 16 12 19 19 92077364806270 92333739565
17 10 17 12 19 10 92077364806270 92333818014
1 0 16 12 22 16 92090729836921 164337417233
1 0 17 12 22 10 92090729836921 164337460508
17 2 16 12 6 5 92112260519449 102527935536
17 2 17 12 6 3 92112260519449 102527960680
0 16 10 5 12 22 92114130589882 298650543694
0 17 11 5 22 21 92119534950232 75956008112
0 17 14 5 22 14 92119594059916 75937433246
0 14 9 5 9 16 92127558685028 143896319225
0 2 14 5 9 15 92127558685028 129917732891
0 14 7 5 9 21 92127584368009 64946067298
0 2 12 5 9 3 92135970978667 121505456531
0 16 11 5 12 20 92141778846616 66041633379
11 10 16 5 19 20 92157431968870 85274287983
11 10 17 5 19 4 92157432006483 85274233132
0 17 10 5 22 7 92157553410001 113901928316
17 10 10 12 9 16 92169698278523 229082379144
17 10 16 12 19 22 92169698545835 80710978248
17 10 17 12 19 19 92169698624284 80710873895
0 2 2 5 9 14 92192530435307 64946072554
0 14 0 5 22 6 92195490958344 75964350474
0 17 11 5 22 14 92195531493162 75923889635
0 16 16 5 12 10 92207820479995 66042436954
17 2 16 12 6 21 92214788454985 74425643400
17 2 17 12 6 5 92214788480129 74425601047
11 10 14 5 19 12 92242706239615 116045964193
11 10 17 5 19 20 92242706256853 116083039701
11 10 16 5 19 5 92242706256853 179577341393
17 10 14 12 19 9 92250409498179 106299705289
17 10 17 12 19 22 92250409524083 106334935974
17 10 16 12 19 12 92250409524083 188727284163
1 0 16 12 22 18 92255067254154 130558909543
1 0 17 12 22 16 92255067297429 121721498965
0 2 14 5 9 4 92257476417919 162030429550
0 2 0 5 9 14 92257476507861 79576873198
0 2 2 5 9 15 92257476507861 79549491815
0 14 1 5 9 16 92271455004253 148051523404
0 14 4 5 22 6 92271455308818 83660831899
0 14 0 5 22 19 92271455338317 167321448704
0 17 1 5 22 9 92271455382797 100463619181
0 14 9 5 22 16 92271455382797 148050852903
0 16 16 5 12 19 92273862916949 138922080557
0 16 17 5 12 10 92273862916949 138922135129
17 2 14 12 6 13 92289214081176 98826467733
17 2 17 12 6 21 92289214098385 98858591626
17 2 16 12 6 6 92289214098385 169324658326
17 11 16 12 16 20 92292869523941 210955272057
17 11 17 12 16 4 92292869615375 210955166151
0 2 2 5 9 0 92337025999676 79575310652
0 2 0 5 9 15 92337053381059 79547969641
0 14 11 5 22 6 92355116140717 83660783260
17 10 2 12 19 9 92356709203468 106334544339
17 10 14 12 19 22 92356744460057 106299280071
11 10 2 5 19 12 92358752203808 116080448895
11 10 14 5 19 20 92358789296554 116043441269
0 17 18 5 22 9 92371919001978 100463650693
1 0 14 12 22 17 92376788796394 209600463200
1 11 10 12 22 16 92376788796394 327544713916
1 0 17 12 22 18 92385626163697 205183124393
1 0 16 12 22 19 92385626163697 410364855485
17 2 2 12 6 13 92388040548909 98858123378
17 2 14 12 6 21 92388072690011 98825969523
17 10 10 12 9 6 92398780657667 229082611457
0 16 16 5 12 22 92412784997506 109818901050
0 16 17 5 12 19 92412785052078 109818807882
0 2 0 5 9 0 92416601350700 37823039968
0 14 1 5 22 16 92419506527657 72504108903
0 2 14 5 9 16 92419506847469 152302673860
11 10 17 5 19 5 92422283598246 179577669522
0 14 9 5 22 19 92438776923977 53233471240
17 10 17 12 19 12 92439136808246 188726805610
0 2 6 5 9 12 92454424390668 37823050055
17 2 17 12 6 6 92458538756711 169325008860
17 10 2 12 19 22 92463043747807 50542308712
0 14 0 5 22 9 92472382652671 100463429793
11 14 10 5 19 2 92474832652703 135312194955
11 10 2 5 19 20 92474832737823 101484128965
17 2 2 12 6 21 92486898672287 46988398968
0 14 9 5 22 20 92492010395217 61441424876
0 14 1 5 22 19 92492010636560 61441374471
0 2 6 5 9 15 92492247440723 79562309670
0 2 11 5 9 12 92492247440723 79562338307
17 11 14 12 16 12 92503824781526 305839827719
17 11 17 12 16 20 92503824795998 305939436330
17 11 16 12 16 5 92503824795998 374642433425
17 10 0 12 19 5 92513586056519 50542346683
0 16 14 5 12 9 92522603859960 140942159012
0 16 17 5 12 22 92522603898556 140987531077
0 16 16 5 12 12 92522603898556 281930374251
17 2 0 12 6 7 92533887071255 46988488674
0 14 1 5 22 20 92553452011031 29208596190
17 10 11 12 19 5 92564128403202 63735504949
17 10 0 12 9 16 92564128403202 292898578402
0 2 6 5 9 16 92571809750393 61412631926
0 2 11 5 9 15 92571809779030 61412581203
0 14 0 5 22 22 92572846082464 100464074091
11 10 0 5 19 6 92576316866788 101484278614
17 2 11 12 6 7 92580875559929 46988407507
0 14 6 5 22 10 92582660607221 29208579451
1 0 2 12 22 17 92586389259594 209601712100
1 0 14 12 22 18 92590809288090 205181687196
11 14 0 5 19 21 92601861267768 179577301157
11 14 14 5 19 2 92610144847658 135312119137
0 14 6 5 22 19 92611869186672 61441342963
0 14 7 5 22 10 92611869186672 61441361707
17 10 10 12 9 19 92627863269124 354586005642
17 10 14 12 9 6 92627863613856 177293364094
17 0 0 12 19 16 92627863967436 44244647094
17 0 2 12 19 11 92627863967436 44244633180
0 2 15 5 9 4 92633222360233 78817734567
0 2 11 5 9 16 92633222382319 78843648988
0 2 6 5 9 5 92633222382319 157660246046
0 16 2 5 12 9 92663546018972 140988375738
0 16 14 5 12 22 92663591429633 140942904238
17 0 6 12 19 16 92672108614530 72681564679
17 0 0 12 19 11 92672108614530 31553666404
0 14 6 5 22 22 92673310529635 45757525207
0 14 7 5 22 19 92673310548379 45757490227
11 10 11 5 19 6 92677801145402 101484262434
17 0 9 12 19 11 92703662280934 66374428194
17 0 0 12 19 6 92703662280934 66374412568
1 11 14 12 22 16 92704333510310 327545615049
0 2 12 5 9 4 92712040094800 78842590421
0 2 15 5 9 16 92712066031307 78816640809
0 14 4 5 22 9 92719068038606 58725749434
0 14 7 5 22 22 92719068054842 58745271147
0 14 6 5 22 12 92719068054842 117471121253
17 0 7 12 19 16 92744790179209 72681475599
11 14 2 5 19 2 92745456966795 135312163689
17 0 0 12 19 1 92770036693502 108540257433
17 0 6 12 19 6 92770036709128 47434959966
0 14 11 5 22 9 92777793788040 58745413534
0 14 4 5 22 22 92777813325989 58725893887
11 14 10 5 19 6 92779285407836 101483756135
11 14 11 5 19 21 92781438568925 179577660980
0 2 7 5 9 5 92790882672116 92636730520
0 2 12 5 9 16 92790882685221 45656564486
1 11 10 12 22 6 92795990971694 563433696875
1 0 2 12 22 18 92795990975286 140858399495
1 0 1 12 22 19 92795991019182 303398732650
0 16 1 5 12 12 92804534333871 110440429022
0 16 2 5 12 22 92804534394710 109203848930
17 10 2 12 9 6 92805156977950 177293020912
17 11 2 12 16 12 92809664609245 305937767484
17 11 14 12 16 20 92809764232328 305838106461
17 0 6 12 19 18 92817471669094 57491962290
17 0 7 12 19 6 92817471669094 57491929769
0 14 11 5 22 22 92836539219876 62958894130
0 14 10 5 22 12 92836539219876 73632578961
0 2 2 5 9 18 92836539249707 73632591993
0 2 10 5 22 10 92836539249707 46980383466
17 10 11 12 9 16 92857026981604 292898119523
17 0 7 12 19 18 92874963631384 27331029467
17 11 17 12 16 5 92878467229423 374641822951
17 0 0 12 19 19 92878576950935 108540446131
11 14 10 5 19 10 92880769163971 204621080105
11 14 0 5 19 6 92880769163971 80247196913
0 2 11 5 9 5 92883519402636 100284977941
0 2 14 5 22 10 92883519633173 70948303983
0 2 10 5 22 19 92883519633173 141896481059
0 14 9 5 22 5 92899498114006 62958920957
17 0 4 12 19 13 92902294660851 27331045234
0 2 0 5 9 18 92910171841700 73632600308
0 14 7 5 22 12 92910171798837 73632566471
0 16 0 5 12 5 92913738243640 109203744569
0 16 17 5 12 12 92914974762893 110440402674
17 0 4 12 19 6 92929625706085 57491906944
17 0 11 12 19 13 92929625706085 57492003141
1 0 0 12 22 22 92936849374781 140858321581
0 2 2 5 22 10 92954467937156 70948257721
11 14 0 5 19 1 92961016360884 111494365716
11 14 11 5 19 6 92961016360884 111494339803
0 14 1 5 22 5 92962457034963 62959110640
17 10 10 12 9 9 92982449274766 398950688797
17 10 0 12 9 19 92982449998862 167474969884
11 10 10 5 4 11 92983804442008 70056067875
0 2 0 5 22 1 92983804442008 41611710119
17 0 0 12 20 16 92987117397066 152682063468
17 0 4 12 19 19 92987117613029 53182165779
17 0 11 12 19 6 92987117709226 53181998660
0 16 11 5 12 5 93022941988209 109203908516
0 2 10 5 22 5 93025416145603 92509262592
0 1 10 5 12 15 93025416145603 57236756334
0 2 11 5 22 1 93025416152127 46840283843
0 2 0 5 22 19 93025416194877 46823452899
1 11 2 12 22 16 93031879125359 327545568259
17 0 9 12 19 1 93040299707886 85957480157
17 11 10 12 19 6 93040299707886 212812286711
17 0 11 12 19 19 93040299778808 85986643899
17 0 4 12 19 14 93040299778808 126091125772
11 10 10 5 4 19 93053860509883 99121209125
11 10 0 5 4 11 93053860509883 278357558505
0 2 0 5 22 2 93072239647776 46839431986
0 2 11 5 22 19 93072256435970 46822650192
11 14 11 5 19 1 93072510726600 53003390311
1 0 11 12 22 22 93077707696362 140858585727
0 1 14 5 12 15 93082652901937 89952016016
0 1 10 5 12 16 93082652901937 179903475551
11 14 10 5 19 14 93085390244076 204621225984
1 0 17 12 22 19 93099389751832 303398560100
17 11 2 12 16 20 93115602376729 145415615811
0 2 10 5 22 14 93117925408195 92509300149
0 2 11 5 22 2 93119079086162 22262676622
11 14 16 5 19 5 93125514116911 53003233334
17 0 1 12 19 1 93126257188043 85985309776
17 0 9 12 19 19 93126286422707 85956072965
0 1 0 5 12 14 93132145896725 109203661179
17 0 0 12 20 6 93139799460534 152682261807
0 2 16 5 22 11 93141341762784 22262690394
17 10 0 12 9 20 93149924968746 213646941367
17 10 11 12 9 19 93149925101127 213646864240
11 10 14 5 4 19 93152981719008 155777048687
11 10 10 5 4 4 93152981719008 311553416744
0 2 16 5 22 19 93163604453178 46830499001
0 2 17 5 22 11 93163604453178 46830519058
17 0 11 12 19 14 93166390904580 126091129406
0 1 2 5 12 15 93172604917953 89952071720
11 14 16 5 19 6 93178517350245 111494276381
11 14 17 5 19 5 93178517350245 111494312890
0 2 16 5 22 14 93210434952179 36389335427
0 2 17 5 22 19 93210434972236 36389300678
17 0 1 12 19 19 93212242497819 40869728229
1 11 0 12 22 3 93218566282089 140858469654
0 1 11 5 12 14 93241349557904 109203847322
0 2 14 5 22 5 93246824272914 46701429649
0 2 17 5 22 14 93246824287606 46717194971
0 2 16 5 22 0 93246824287606 93419558318
17 11 14 12 19 6 93253111994597 149369948586
17 0 6 12 19 22 93253112226048 81633297455
17 11 10 12 19 19 93253112226048 82745737352
17 11 0 12 16 6 93261017992540 145415509353
0 1 10 5 12 17 93262556377488 187847404536
0 1 0 5 12 16 93262556989673 87997316425
11 14 16 5 19 14 93290011626626 85273930324
11 14 17 5 19 6 93290011663135 85273857199
17 0 0 12 20 19 93292481722341 193375109975
17 0 9 12 20 6 93292482033986 106998219799
0 2 2 5 22 5 93293525702563 46718212637
0 2 14 5 22 14 93293541482577 46702420545
11 10 2 5 4 19 93308758767695 155776722894
11 10 11 5 4 11 93332218068388 278357543744
17 0 7 12 19 22 93334745523503 171733029524
17 0 6 12 20 16 93334745523503 171733023286
17 11 10 12 19 14 93335857963400 82745726952
0 2 1 5 22 0 93340243903122 45424412029
0 2 2 5 22 14 93340243915200 30282962806
0 1 0 5 12 9 93350554306098 97498880771
0 1 11 5 12 16 93350554306098 97498766945
1 11 11 12 22 3 93359424751743 164592455923
1 11 0 12 22 6 93359424751743 164538992221
17 10 11 12 9 20 93363571965367 101565901251
0 2 0 5 22 4 93370526878006 30283025085
11 14 14 5 19 10 93375285520334 106518065767
11 14 17 5 19 14 93375285556950 106571814431
11 14 16 5 19 18 93375285556950 244326359181
17 10 10 12 9 22 93381399963563 398950352568
0 2 17 5 22 0 93385668315151 45424457157
17 0 1 12 20 6 93399480253785 106998318841
0 2 11 5 22 4 93400809903091 30282944936
17 11 2 12 19 6 93402481943183 149369945980
1 11 10 12 22 19 93402788311932 303398261630
17 11 11 12 16 6 93406433501893 145415523141
17 11 0 12 19 16 93418603690352 133248367333
17 11 10 12 19 9 93418603690352 248635706321
0 0 10 5 5 6 93431092848027 24476265514
0 0 0 5 5 16 93431092848027 68735714344
0 1 11 5 12 9 93448053186869 46349854566
0 1 10 5 12 18 93450403782024 187847608252
0 0 14 5 5 6 93455569113541 38466702097
0 0 10 5 5 19 93455569113541 76932860076
11 10 10 5 4 12 93464535135752 356616784102
11 10 0 5 4 4 93464535490589 146040187687
17 10 16 12 9 10 93465137866618 101565698119
11 14 2 5 19 10 93481803586101 106544883369
11 14 14 5 19 14 93481857371381 106540270968
17 0 0 12 20 9 93485856832316 193375597138
0 0 2 5 5 6 93494035815638 38466300709
0 1 16 5 12 10 93494403041435 46349877753
0 0 11 5 5 16 93499828562371 68735662012
17 0 7 12 20 16 93506478553027 92689197882
17 0 6 12 20 19 93506478572626 92655899803
1 11 0 12 22 7 93523963743964 164592428761
1 11 11 12 22 6 93524017207666 164539076184
0 0 10 5 5 9 93532501973617 88060010418
0 0 0 5 5 19 93532502116347 36062220996
0 1 16 5 12 16 93540752919188 97498704346
0 1 17 5 12 10 93540752919188 97498737465
17 11 11 12 19 16 93551852057685 92155917972
17 11 0 12 19 19 93551852057685 92124858892
17 10 16 12 9 19 93566703564737 213647314680
17 10 17 12 9 10 93566703564737 213647382707
0 0 0 5 5 20 93568564337343 47464918402
0 0 11 5 5 19 93568564337343 47464901410
11 2 10 5 19 5 93588348469470 106566846349
11 14 2 5 19 14 93588397642349 106517669279
17 0 6 12 20 20 93599134472429 92692713337
17 0 7 12 20 19 93599167750909 92659483465
11 10 0 5 4 17 93610575678276 192218379838
11 10 11 5 4 4 93610575678276 192218321785
0 0 11 5 5 20 93616029255745 22564304273
11 14 1 5 19 18 93619611916131 244326153883
0 0 10 5 5 22 93620561984035 88060519039
0 1 16 5 12 18 93638251623534 75739069961
0 1 17 5 12 16 93638251656653 74987498550
0 0 16 5 5 10 93638593560018 22564322966
17 11 0 12 19 20 93643976916577 92154415347
17 11 11 12 19 19 93644007975657 92123354705
0 0 16 5 5 19 93661157882984 47464861112
0 0 17 5 5 10 93661157882984 47464876263
17 11 10 12 19 22 93667239396673 248635875811
17 0 0 12 20 22 93679232429454 193376217497
1 11 11 12 22 7 93688556283850 78232410295
17 0 7 12 20 20 93691827234374 44055197713
11 14 0 5 19 7 93694915311628 328837259797
11 2 10 5 19 17 93694915315819 90310700180
11 2 0 5 19 5 93694915315819 232241091963
1 11 10 12 22 9 93706186573562 303398987096
0 0 16 5 5 22 93708622744096 37708735448
0 0 17 5 5 19 93708622759247 35156281823
0 17 10 5 12 16 93713239155203 229992717136
0 1 14 5 12 17 93713239155203 119399427035
0 1 17 5 12 18 93713990693495 119029061585
0 1 16 5 12 19 93713990693495 238053705044
17 0 4 12 20 10 93735882432087 44055009815
17 11 11 12 19 20 93736131331924 43802088912
0 0 14 5 5 9 93743779041070 60537937117
0 11 10 5 5 19 93743779041070 94603335847
0 0 17 5 5 22 93746331479544 59262145536
0 0 16 5 5 12 93746331479544 118523876094
1 11 16 12 22 20 93766788694145 78232408992
17 11 16 12 19 10 93779933420836 43802239010
17 0 4 12 20 19 93779937441902 92671714861
17 0 11 12 20 10 93779937441902 92671748822
17 10 16 12 9 22 93780350879417 164026919660
17 10 17 12 9 19 93780350947444 164026795464
11 2 14 5 19 17 93785226015999 141930012506
11 2 10 5 19 6 93785226015999 283860180721
11 10 11 5 4 17 93802794058114 91378490711
0 0 2 5 5 9 93804316978187 60538404078
0 0 14 5 5 22 93805593625080 59261757738
11 10 10 5 4 20 93821151919854 356616791819
17 11 16 12 19 19 93823735659846 92139834250
17 11 17 12 19 10 93823735659846 92139883256
0 1 2 5 12 17 93832638582238 119405412432
0 1 14 5 12 18 93833019755080 119024695919
0 11 14 5 5 19 93838382376917 94603640412
1 11 16 12 22 6 93845021103137 164564799258
1 11 17 12 22 20 93845021103137 164564851751
11 14 17 5 19 18 93863938070014 244325553075
0 11 10 5 5 4 93864855382265 162734121469
0 0 2 5 5 22 93864855382818 40683569806
0 0 1 5 5 12 93864855382818 87629148485
17 0 4 12 20 22 93872609156763 73537240353
17 0 11 12 20 19 93872609190724 72126144826
11 10 16 5 4 2 93894172548825 91378431625
0 0 0 5 5 5 93905538952624 40683633562
17 11 16 12 19 22 93915875494096 75892201586
17 11 17 12 19 19 93915875543102 75892122843
11 2 2 5 19 17 93927156028505 141930242429
11 2 11 5 19 5 93927156407782 232240961798
0 11 2 5 5 19 93932986017329 94603493856
0 17 0 5 12 16 93943231872339 229993289132
17 10 14 12 9 9 93944377742908 209527101980
17 10 17 12 9 22 93944377799077 209597976652
17 10 16 12 9 12 93944377799077 428732032500
17 0 9 12 20 9 93944735335550 113352099298
17 11 10 12 20 19 93944735335550 226706735551
17 0 11 12 20 22 93946146397116 112649268712
17 0 4 12 20 12 93946146397116 243122727071
0 0 11 5 5 5 93946222586186 40683556565
0 17 10 5 12 6 93952043994670 123625787754
0 1 2 5 12 18 93952044450999 209420230981
0 1 1 5 12 19 93952044450999 123625596019
0 0 17 5 5 12 93952484531303 87629116157
11 10 16 5 4 4 93985550980450 192217957655
11 10 17 5 4 2 93985550980450 192218018836
0 11 0 5 5 11 93986906142751 40683512189
17 11 14 12 19 9 93991767665945 96908664609
17 11 17 12 19 22 93991767695682 96940972069
17 11 16 12 19 12 93991767695682 198669136234
1 11 16 12 22 9 94009585902395 125990696659
1 11 17 12 22 6 94009585954888 125990582032
11 14 11 5 19 7 94023752571425 328836597998
0 11 11 5 5 11 94027589654940 47538612409
0 11 0 5 5 4 94027589654940 47522377104
0 11 10 5 5 12 94040113647460 87628973064
17 0 1 12 20 9 94058087434848 113354650479
17 0 9 12 20 22 94058795665828 112646419125
11 2 0 5 19 6 94069086270934 90311181581
0 11 0 5 5 17 94075112032044 47538544266
0 11 11 5 5 4 94075128267349 47522344764
0 17 14 5 12 6 94075669782424 123625892332
0 1 17 5 12 19 94075670047018 123625532193
17 11 2 12 19 9 94088676330554 96942858052
17 11 14 12 19 22 94088708667751 96910513419
11 2 10 5 19 18 94108263623089 244325482727
0 11 11 5 5 17 94122650612113 22595376430
0 11 10 5 5 20 94127742620524 87629082916
1 11 14 12 22 19 94135576536920 154021539934
1 11 17 12 22 9 94135576599054 154071108923
1 11 16 12 22 22 94135576599054 398599222450
0 11 16 5 5 2 94145245988543 22595520988
17 10 2 12 9 9 94153904844888 209602766512
17 10 14 12 9 22 94153975775729 209531816499
11 2 0 5 19 14 94159397452515 130943077276
11 2 11 5 19 6 94159397452515 130943053449
0 1 0 5 12 22 94161464681980 209420288964
0 11 16 5 5 4 94167841509531 47530527687
0 11 17 5 5 2 94167841509531 47530546299
17 0 1 12 20 22 94171442085327 60254349640
17 11 10 12 20 4 94171442085327 159425537981
0 17 11 5 12 16 94173225161471 229992299553
11 10 16 5 4 20 94177768938105 147365759182
11 10 17 5 4 4 94177768999286 147365661146
17 11 2 12 19 22 94185619188606 46077285675
17 0 11 12 20 12 94189269124187 243123101193
17 11 17 12 19 12 94190436831916 198669339063
0 17 10 5 12 19 94199295579211 123625522734
0 17 2 5 12 6 94199295674756 123625467156
0 11 16 5 5 20 94215372037218 36389366474
0 11 17 5 5 4 94215372055830 36389333476
17 0 6 12 20 5 94231696434967 100348101342
17 11 0 12 19 5 94231696474281 58131245199
17 11 13 12 20 22 94231696474281 99171286955
0 11 14 5 5 12 94251761389306 46701605273
0 11 17 5 5 20 94251761403692 46717194516
0 11 16 5 5 5 94251761403692 93419713844
1 11 2 12 22 19 94289598076854 154073722952
1 11 14 12 22 9 94289647707977 154024078605
17 11 11 12 19 5 94289827719480 122281279578
17 11 0 12 20 19 94289827719480 122281279566
11 2 11 5 19 14 94290340529791 62248912989
0 11 2 5 5 12 94298462994579 46718192881
0 11 14 5 5 20 94298478598208 46702576635
0 17 10 5 12 9 94322921101945 257384192037
0 17 0 5 12 19 94322921141912 80296482343
11 10 14 5 4 12 94325134660432 195371531595
11 10 17 5 4 20 94325134697287 195435862792
11 10 16 5 4 5 94325134697287 337028218549
17 11 10 12 20 22 94330867761236 58238573983
17 0 7 12 20 5 94332044536309 100347933638
0 11 1 5 5 5 94345181174843 45424395099
0 11 2 5 5 20 94345181187460 30282954223
11 2 10 5 19 7 94352589169423 173317725245
11 2 16 5 19 3 94352589442780 55845187163
17 10 2 12 9 22 94363507611400 99626410524
0 1 11 5 12 22 94370884970944 209420332961
17 10 17 12 9 12 94373109831577 428731030991
0 11 0 5 5 6 94375464141683 30282958047
17 11 14 12 20 22 94389106335219 43286180025
0 11 17 5 5 5 94390605569942 45424397190
0 17 0 5 12 20 94403217624255 120027920058
0 17 11 5 12 19 94403217624255 120027901494
0 11 11 5 5 6 94405747099730 30282943733
11 2 16 5 19 6 94408434629943 117472550785
11 2 17 5 19 3 94408434629943 117472579394
17 11 11 12 20 19 94412108999058 58131276332
17 11 10 12 20 5 94432392469947 86668181271
17 11 0 12 20 2 94432392515244 37847775041
11 0 10 5 11 19 94436030043463 24476289888
11 0 0 5 11 11 94436030043463 68735498906
1 11 2 12 22 9 94443671799806 73232437243
11 0 14 5 11 19 94460506333351 38466337508
11 0 10 5 11 4 94460506333351 76932550789
17 10 0 12 9 5 94463134021924 169353592546
17 10 13 12 22 6 94463134021924 273467557800
17 11 0 12 20 4 94470240290285 45916414840
17 11 11 12 20 2 94470240290285 45916388046
11 0 2 5 11 19 94498972670859 38466356854
11 0 11 5 11 11 94504765542369 68735419254
17 11 11 12 20 4 94516156705125 21828142139
1 11 0 12 22 15 94516904237049 73232433339
17 11 10 12 20 8 94519060651218 86668270441
11 10 2 5 4 12 94520506192027 195438680323
11 10 14 5 4 20 94520570560079 195374292435
0 17 11 5 12 20 94523245544313 57059922626
11 2 16 5 19 7 94525907180728 85274048563
11 2 17 5 19 6 94525907209337 85274000408
1 11 1 12 22 22 94534175821504 398597681907
11 0 10 5 11 12 94537438884140 88060104052
11 0 0 5 11 4 94537439027713 36062047871
17 11 16 12 20 7 94537984847264 21827953753
17 11 16 12 20 2 94559812801017 45916383780
17 11 17 12 20 7 94559812801017 45916402002
11 0 0 5 11 17 94573501075584 47464834255
11 0 11 5 11 4 94573501075584 47464817446
0 17 10 5 12 22 94580305303905 153170718083
0 17 16 5 12 10 94580305466939 49353541798
1 11 11 12 22 15 94590136670388 73232022504
17 11 16 12 20 8 94605729184797 35334710688
17 11 17 12 20 2 94605729203019 35334681247
11 2 14 5 19 18 94611181209745 113231167760
11 2 17 5 19 7 94611181229291 113267817476
11 2 16 5 19 19 94611181229291 194005136731
11 0 11 5 11 17 94620965909839 22564490192
11 0 10 5 11 20 94625498988192 88060264326
0 17 16 5 12 19 94629659008737 103817244184
0 17 17 5 12 10 94629659008737 103817269623
17 10 11 12 9 5 94632487614470 169353475385
17 11 14 12 20 5 94641063884266 46918784519
17 11 17 12 20 8 94641063895485 46934773792
17 11 16 12 20 11 94641063895485 80389374064
11 0 16 5 11 2 94643530400031 22564279121
11 10 17 5 4 5 94662162915836 337029081966
17 10 10 12 22 16 94663368692892 73232439768
11 0 16 5 11 4 94666094679152 47464815700
11 0 17 5 11 2 94666094679152 47464833135
17 11 2 12 20 5 94687982668785 46934661517
17 11 14 12 20 8 94687998669277 46918655975
11 0 16 5 11 20 94713559494852 36564816968
11 0 17 5 11 4 94713559512287 36215588900
11 10 2 5 4 20 94715944872350 92891872411
17 11 17 12 20 11 94721453269549 80389277992
11 2 2 5 19 18 94724412377505 113267366153
11 2 14 5 19 7 94724449046767 113230682363
0 17 16 5 12 22 94733476252921 75361619594
0 17 17 5 12 19 94733476278360 75361374575
17 11 2 12 20 8 94734917330302 22308442779
17 10 0 12 22 16 94736601132660 189542972431
17 10 10 12 22 6 94736601579724 83923469816
11 0 14 5 11 12 94749775101187 57636589283
11 11 10 5 11 4 94749775101187 111180859440
11 0 17 5 11 20 94750124311820 57463868156
11 0 16 5 11 5 94750124311820 114925449295
17 11 0 12 20 20 94757225773081 22308485580
17 11 11 12 20 20 94779534258661 22308484572
17 16 13 12 10 6 94801842743233 29999042716
17 16 10 12 10 16 94801842743233 29999033471
11 2 17 5 19 19 94805186366022 194005502179
11 0 2 5 11 12 94807411690470 57638123444
11 0 14 5 11 20 94807588179976 57461632999
11 10 0 5 4 6 94808836744761 95177877305
0 17 14 5 12 9 94808837652935 100811530967
11 10 13 5 12 19 94808837652935 393384769042
0 17 17 5 12 22 94808837872515 100844518368
0 17 16 5 12 12 94808837872515 295930871202
17 10 10 12 22 19 94820525049540 176536034584
17 10 14 12 22 6 94820525049540 176536061779
17 16 0 12 10 16 94831841776704 49279934397
17 16 10 12 10 6 94831841785949 21394219068
11 2 2 5 19 7 94837679743658 53837242174
17 16 14 12 10 6 94853236005017 45003557297
17 16 10 12 10 19 94853236005017 45003546220
11 11 14 5 11 4 94860955960627 111181383723
11 0 1 5 11 5 94865049812975 67072488049
11 11 10 5 11 16 94865049813914 139509515826
11 0 2 5 11 20 94865049813914 46503211357
17 16 11 12 10 16 94881121711101 49280026581
11 2 0 5 19 9 94891516985832 53837471793
17 16 10 12 10 9 94898239551237 73593220806
17 16 0 12 10 19 94898239562314 32162211460
11 10 11 5 4 6 94904014622066 95177914070
0 17 2 5 12 9 94909649183902 100844342953
0 17 14 5 12 22 94909682390883 100811128121
11 0 0 5 11 6 94911553025271 46503332724
17 10 11 12 22 16 94926144105091 189542808601
17 16 0 12 10 20 94930401773774 38981062547
17 16 11 12 10 19 94930401773774 38981038503
11 0 17 5 11 5 94932122301024 67072393499
1 11 17 12 22 22 94932773503411 398599822667
11 2 11 5 19 9 94945354457625 53837597062
11 0 11 5 11 6 94958056357995 46503095335
17 16 11 12 10 20 94969382836321 18531184315
17 16 10 12 10 22 94971832772043 73593264860
11 11 2 5 11 4 94972137344350 111181308088
17 16 16 12 10 10 94987914020636 18531167293
17 10 10 12 22 9 94997061084124 334313021416
17 10 0 12 22 19 94997061111319 118626232676
11 0 0 5 4 11 94999192054687 36321745393
11 0 2 5 4 15 94999194694523 36321415376
11 11 10 5 11 22 95004559453330 33459130422
17 16 16 12 10 19 95006445187929 38981052123
17 16 17 12 10 10 95006445187929 38981110248
0 17 2 5 12 22 95010493526855 47932298526
11 0 6 5 4 11 95035513800080 59666178084
11 0 0 5 4 15 95035516109899 25903241055
11 11 0 5 11 15 95038018583752 45300290622
11 11 10 5 11 5 95038018583752 150606803999
17 16 10 12 19 20 95045426036903 111730552208
17 16 16 12 10 22 95045426240052 35568564248
17 16 17 12 10 19 95045426298177 35568427943
0 17 0 5 12 5 95058425825381 47932314111
11 0 9 5 4 15 95061419350954 54488428288
11 0 0 5 4 19 95061419350954 54488415146
17 17 10 12 10 19 95080994726120 135514921265
17 16 14 12 10 9 95080994726120 56075911639
17 16 17 12 10 22 95080994804300 56095155556
17 16 16 12 10 12 95080994804300 93946424504
11 11 11 5 11 15 95083318874374 64786903327
11 11 0 5 11 16 95083318874374 64764385728
11 0 7 5 4 11 95095179978164 59666086071
0 17 17 5 12 12 95104768743717 295931051666
0 17 11 5 12 5 95106358139492 47932297257
17 10 0 12 22 20 95115687343995 146189918178
17 10 11 12 22 19 95115687343995 146189850585
11 0 0 5 4 0 95115907766100 89103612233
11 0 6 5 4 19 95115907779242 38940616431
17 16 2 12 10 9 95137070637759 56095965478
17 16 14 12 10 22 95137089959856 56076642359
11 11 0 5 11 1 95148083260102 64786293310
11 11 11 5 11 16 95148105777701 64763789444
11 10 10 5 12 11 95154290436749 47932309931
11 0 6 5 4 14 95154848395673 47196639252
11 0 7 5 4 19 95154848395673 47196611146
17 16 10 12 19 21 95157156589111 111730774552
17 16 17 12 10 12 95174941228804 93946417029
11 11 10 5 11 17 95188625387751 150607099264
17 16 2 12 10 22 95193166603237 26662591188
11 0 7 5 4 14 95202045034925 22436829287
11 10 10 5 12 19 95202222746680 63951862484
11 10 0 5 12 11 95202222746680 136796694447
11 0 0 5 4 4 95205011378333 89103627705
11 11 11 5 11 1 95212869567145 30793666941
17 17 0 12 10 19 95216509647385 135515650186
17 16 0 12 10 5 95219829194425 65353530786
17 17 10 12 10 22 95219829194425 49060708581
11 0 4 5 4 18 95224481864212 22436766184
11 11 16 5 11 13 95243663234086 30793790624
11 0 4 5 4 19 95246918630396 47196621373
11 0 11 5 4 18 95246918630396 47196766791
17 10 11 12 22 20 95261877262173 69497090275
11 10 14 5 12 19 95266174609164 134525515113
11 10 10 5 12 4 95266174609164 134525508480
17 16 10 12 19 22 95268887363663 151514141835
17 16 14 12 19 21 95268887645833 76884749758
17 17 14 12 10 22 95268889903006 76883296081
17 17 10 12 10 2 95268889903006 153766155051
11 11 16 5 11 16 95274457024710 64775723970
11 11 17 5 11 13 95274457024710 64775790875
17 16 11 12 10 5 95285182725211 137473290854
17 16 0 12 19 20 95285182725211 137473296480
11 0 0 5 17 11 95294115006038 106764610525
11 0 4 5 4 4 95294115251769 45117519446
11 0 11 5 4 19 95294115397187 45117359215
17 10 10 12 22 22 95331374105540 202809924954
17 10 16 12 22 10 95331374352448 65347977972
11 10 11 5 12 11 95339019441127 136796774951
11 11 16 5 11 17 95339232748680 57569535851
11 0 9 5 4 0 95339232756402 70604598320
11 11 10 5 4 19 95339232756402 174802352244
11 0 11 5 4 4 95339232771215 70627922838
11 0 4 5 4 8 95339232771215 84205407749
11 11 17 5 11 16 95339232815585 57569469911
17 16 2 12 19 21 95345772395591 76884536259
17 17 2 12 10 22 95345773199087 76882966971
17 17 11 12 10 19 95352025297571 135515595182
17 10 16 12 22 19 95396722330420 137461884057
17 10 17 12 22 10 95396722330420 137461916867
11 11 16 5 11 6 95396802284531 88963122401
11 11 14 5 11 5 95396802285496 88920594620
11 11 17 5 11 17 95396802285496 88941579191
11 10 10 5 12 12 95400700117644 181059850513
11 10 0 5 12 4 95400700124277 75116112004
11 0 0 5 17 19 95400879616563 106763675168
11 0 1 5 4 0 95409837354722 70627919913
11 0 9 5 4 4 95409860694053 70604575667
17 16 10 12 19 0 95420401505498 151515821929
17 16 11 12 19 20 95422656021691 76144477684
17 17 10 12 10 5 95422656058057 162474185506
17 17 0 12 10 2 95422656166058 64884939717
17 16 0 12 19 22 95422656931850 76117171306
11 0 11 5 4 8 95423438178964 84205435426
11 10 0 5 12 17 95475816236281 97263906206
11 10 11 5 12 4 95475816236281 97263872209
11 0 1 5 4 4 95480465274635 33569979272
11 11 2 5 11 5 95485722880116 88961468552
11 11 14 5 11 17 95485743864687 88940470931
11 11 17 5 11 6 95485765406932 88919057791
17 17 0 12 10 4 95487541105775 88133816150
17 17 11 12 10 2 95487541105775 88133792541
17 16 0 12 19 15 95498774103156 76143142452
17 16 11 12 19 22 95498800499375 76116797192
11 0 0 5 17 4 95507643291731 125647749396
11 0 9 5 17 19 95507643614390 75076774922
11 0 6 5 4 20 95514035253907 46321876295
11 11 10 5 4 4 95514035253907 74765729065
17 10 16 12 22 22 95534184214477 99784604560
17 10 17 12 22 19 95534184247287 99784510059
11 0 7 5 4 20 95560357130202 97439931518
11 0 6 5 17 11 95560357130202 97439923928
17 16 10 12 19 1 95571917327427 151515868040
11 10 11 5 12 17 95573080142487 46238162167
11 11 2 5 11 17 95574684348668 44441542198
11 11 14 5 4 19 95574684464723 81028621571
17 16 11 12 19 15 95574917296567 36192273683
17 17 11 12 10 4 95575674921925 41898051614
11 10 10 5 12 20 95581759968157 181059828259
11 0 1 5 17 19 95582720389312 75076633567
17 17 10 12 10 8 95585130243563 162474310045
11 11 10 5 4 8 95588800982972 74766534118
17 16 16 12 19 16 95611109570250 36192300684
17 17 16 12 10 7 95617572973539 41898022238
11 11 0 5 11 19 95619125890866 44441593678
11 10 16 5 12 2 95619318304654 46238446082
11 0 0 5 17 12 95633291041127 125647868518
17 10 14 12 22 9 95633968757346 118174394389
17 10 17 12 22 22 95633968819037 118212795808
17 10 16 12 22 12 95633968819037 373777445942
17 16 16 12 19 22 95647301870934 76131844950
17 16 17 12 19 16 95647301870934 76131873671
11 11 2 5 4 19 95655713086294 81028650645
11 0 6 5 17 4 95657797054130 57393362757
11 0 7 5 17 11 95657797061720 57413217424
17 17 16 12 10 2 95659470995777 88133798064
17 17 17 12 10 7 95659470995777 88133827742
11 11 11 5 11 19 95663567484544 73174314062
11 11 10 5 4 12 95663567517090 133279135001
11 11 0 5 4 11 95663567517090 73174294653
11 10 16 5 12 4 95665556750736 97263522043
11 10 17 5 12 2 95665556750736 97264082928
11 0 6 5 17 17 95715190416887 57413993021
11 0 7 5 17 4 95715210279144 57394153403
17 16 16 12 19 1 95723433715884 59249887882
17 16 17 12 19 22 95723433744605 59249825144
11 11 0 5 4 4 95736741811743 48939472727
11 11 11 5 4 11 95736741811743 48956374563
17 17 16 12 10 8 95747604793841 67474027629
17 17 17 12 10 2 95747604823519 67473969739
17 10 2 12 22 9 95752143151735 118213050018
17 10 14 12 22 22 95752181614845 118174765127
11 0 0 5 17 20 95758938909645 125648029832
11 10 10 5 20 11 95762819796416 197572222374
11 10 16 5 12 20 95762820272779 95031066472
11 10 17 5 12 4 95762820833664 95030503501
11 0 7 5 17 17 95772604432547 27289368615
17 16 14 12 19 0 95782683569749 71707177597
17 16 17 12 19 1 95782683603766 71731491180
17 16 16 12 19 2 95782683603766 197099190579
11 11 0 5 4 17 95785681284470 48957190617
11 11 11 5 4 4 95785698186306 48940284325
11 11 10 5 4 20 95796846652091 133278913943
11 0 4 5 17 2 95799893801162 27289369084
17 17 14 12 10 5 95815078793258 84767444807
17 17 17 12 10 8 95815078821470 84795212110
17 17 16 12 10 11 95815078821470 188707074420
11 0 4 5 17 4 95827183170246 57404295048
11 0 11 5 17 2 95827183170246 57404320502
11 11 11 5 4 17 95834638475087 23269502376
17 16 2 12 19 0 95854390747346 71731183023
17 16 14 12 19 1 95854415094946 71706850978
11 10 14 5 12 12 95857851337165 145222304437
11 10 17 5 12 20 95857851339251 145270194224
11 10 16 5 12 5 95857851339251 150057026712
11 11 16 5 4 2 95857907977463 23269469110
17 16 10 12 22 10 95870356201753 128431149427
17 10 2 12 22 22 95870356379972 109424384145
11 11 16 5 4 4 95881177446573 48948342582
11 11 17 5 4 2 95881177446573 48948379999
11 0 4 5 17 20 95884587465294 45538631684
11 0 11 5 17 4 95884587490748 45538378623
17 17 2 12 10 5 95899846238065 84794521027
17 17 14 12 10 8 95899874033580 84766717471
17 17 10 12 19 16 95926121930369 106862627874
17 16 2 12 19 1 95926121945924 53661290152
11 11 16 5 4 20 95930125789155 41795570297
11 11 17 5 4 4 95930125826572 41795514514
11 0 9 5 17 12 95930125869371 68291785796
11 11 10 5 17 4 95930125869371 136606590692
11 0 11 5 17 20 95930126096978 68314339140
11 0 4 5 17 5 95930126096978 144386303422
11 10 10 5 20 19 95960392018790 197572141861
11 11 14 5 4 12 95971921341086 53166728377
11 11 17 5 4 20 95971921359452 53185070580
11 11 16 5 4 5 95971921359452 111071889931
17 10 0 12 22 5 95979780764117 132351034616
17 16 17 12 19 2 95979782794345 212709767397
17 16 0 12 19 5 95979783236076 76996954697
17 16 13 12 22 22 95979783236076 147437653524
17 17 2 12 10 8 95984640759092 40303935656
11 0 1 5 17 12 95998417655167 68314844036
11 0 9 5 17 20 95998440436118 68292063662
17 16 10 12 22 19 95998787351180 128431150673
11 10 2 5 12 12 96003073641602 145272433411
11 10 14 5 12 20 96003121533475 145224523913
17 17 17 12 10 11 96003785895890 188706783533
17 10 17 12 22 12 96007746264979 373777627165
11 10 17 5 12 5 96007908365963 150056246698
17 17 13 12 19 19 96024944694748 114902621159
17 17 0 12 10 20 96024944694748 66917163705
11 11 2 5 4 12 96025088069463 53185080486
11 11 14 5 4 20 96025106430032 53166716021
17 17 10 12 19 1 96032984558243 106862700300
17 16 11 12 19 5 96056780190773 161966299909
17 16 0 12 22 10 96056780190773 161966299898
11 0 1 5 17 20 96066732499780 36819569357
11 11 10 5 17 16 96066732499203 93641144907
11 0 11 5 17 5 96074512400400 144386203132
11 11 2 5 4 20 96078273149949 25278954015
11 11 17 5 4 5 96082993249383 111072163928
17 17 11 12 10 20 96091861858453 140762574339
17 17 0 12 19 16 96091861858453 140762574306
11 0 6 5 17 6 96103552069137 57673354843
11 11 0 5 4 6 96103552103964 33426286801
11 11 13 5 17 20 96103552103964 56821654961
17 10 11 12 22 5 96112131798733 132351189341
17 16 10 12 22 22 96127220889600 65271854589
11 11 11 5 4 6 96136978390765 70313472955
11 11 0 5 17 4 96136978390765 70313472922
17 17 10 12 19 19 96139847315907 52645543509
11 10 2 5 12 20 96148346075013 69049273304
11 10 10 5 20 4 96157964160651 225441524801
11 10 14 5 20 19 96157964612661 136864167534
11 11 10 5 17 20 96160373758925 33691830817
11 0 7 5 17 6 96161225423980 57673400419
17 16 14 12 22 22 96192492744189 51993213317
17 17 14 12 19 19 96192492859416 53524384109
17 17 10 12 19 2 96192492859416 141313082582
11 11 14 5 17 20 96194065589742 24833294685
11 11 11 5 17 4 96207291863720 33426460906
11 10 0 5 12 6 96217395348317 69049340073
17 16 11 12 22 10 96218746490682 76997054791
11 11 10 5 17 6 96218898824399 49924196095
11 11 0 5 17 13 96218898884427 21819476635
17 17 11 12 19 16 96232624432792 66917149406
11 11 0 5 17 16 96240718361062 26443502485
11 11 11 5 17 13 96240718361062 26443481428
17 16 10 12 22 0 96244482988074 137041156808
17 16 0 12 22 11 96244485957506 51257604275
17 17 0 12 19 22 96246017243525 53524327134
11 11 11 5 17 16 96267161863547 12570932475
11 11 10 5 17 22 96268823020494 49923883515
11 11 16 5 17 9 96279732796022 12570929632
11 10 11 5 12 6 96286444688390 145247973199
11 10 0 5 20 11 96286444688390 145247971010
11 11 16 5 17 13 96292303725654 26443456398
11 11 17 5 17 9 96292303725654 26443473468
11 10 2 5 20 19 96294828780195 136863865687
17 16 0 12 22 19 96295743561781 61629339403
17 16 11 12 22 11 96295743561781 61629302932
17 17 0 12 19 1 96299541570659 59501236029
17 17 11 12 19 22 96299541582198 59501166191
11 11 16 5 17 22 96318747182052 20350408942
11 11 17 5 17 13 96318747199122 20350379632
17 17 10 12 19 5 96333805941998 141310273305
11 11 14 5 17 6 96339097578754 27022405664
11 11 17 5 17 22 96339097590994 27031898787
11 11 16 5 17 15 96339097590994 46299010707
17 16 11 12 22 19 96357372901184 29297911546
17 17 11 12 19 1 96359042806688 28286226871
11 11 2 5 17 6 96366119984418 27031279557
11 11 14 5 17 22 96366129489781 27021771247
17 16 10 12 22 12 96381524144882 96071200126
11 10 10 5 20 12 96383405685452 225441402411
11 11 17 5 17 15 96385396601701 46298957385
17 16 16 12 22 8 96386670812730 29297905666
17 17 16 12 19 4 96387329033559 28286210303
11 11 2 5 17 22 96393151263975 12848180825
11 11 0 5 17 17 96405999444800 12848174706
17 17 16 12 19 22 96415615243862 59501212850
17 17 17 12 19 4 96415615243862 59501241640
17 16 16 12 22 11 96415968718396 61629268932
17 16 17 12 22 8 96415968718396 61629308399
11 11 11 5 17 17 96418847619506 12848148655
11 10 0 5 20 4 96431692659400 101886629849
11 10 11 5 20 11 96431692661589 101920009652
11 16 13 5 2 19 96431695768161 19882105044
11 16 10 5 2 11 96431695768161 19882093040
11 16 0 5 2 11 96451577861201 32660722539
11 16 10 5 2 19 96451577873205 14179208665
11 16 14 5 2 19 96465757081870 29826543761
11 16 10 5 2 4 96465757081870 29826535124
17 17 16 12 19 5 96475116456712 47932902982
17 17 17 12 19 22 96475116485502 47932859469
17 16 10 12 12 6 96477595345008 217379767578
17 16 16 12 22 12 96477597987328 51784105236
17 16 17 12 22 11 96477598026795 51784067708
11 16 11 5 2 11 96484238583740 32660774340
11 16 10 5 2 12 96495583616994 48774517461
11 16 0 5 2 4 96495583625631 21315778136
11 16 0 5 2 17 96516899403767 25835061045
11 16 11 5 2 4 96516899403767 25835039916
17 17 14 12 19 2 96523049344971 63430580758
17 17 17 12 19 5 96523049359694 63453498443
17 17 16 12 19 8 96523049359694 110293501056
17 16 16 12 22 1 96529382092564 80003844645
17 16 14 12 22 0 96529382094503 80003608179
17 16 17 12 22 12 96529382094503 80003757776
11 10 0 5 20 17 96533579289249 101919768448
11 10 11 5 20 4 96533612671241 101886416002
11 16 11 5 2 17 96542734464812 12281643154
11 16 10 5 2 20 96544358134455 48774499184
11 16 16 5 2 2 96555016107966 12281723590
11 16 16 5 2 4 96567297831556 25835013753
11 16 17 5 2 2 96567297831556 25835061618
17 17 2 12 19 2 96586479925729 63456353086
17 17 14 12 19 5 96586502858137 63433414682
11 16 10 5 4 17 96593132633639 74029203704
11 16 16 5 2 20 96593132845309 23574583862
11 16 17 5 2 4 96593132893174 23574479297
11 10 10 5 20 20 96608847087863 225441631617
17 16 2 12 22 0 96609385702682 85592202955
17 16 14 12 22 12 96609385852279 85592036902
17 16 17 12 22 1 96609385937209 70709680560
11 17 10 5 2 4 96616707372471 89989108843
11 16 14 5 2 12 96616707372471 37156056118
11 16 17 5 2 20 96616707429171 37168784283
11 16 16 5 2 5 96616707429171 62241901466
17 17 17 12 19 8 96633342860750 110293612318
11 10 11 5 20 17 96635499087243 48443582772
17 17 2 12 19 5 96649936278815 30159390203
11 16 2 5 2 12 96653863428589 37168556967
11 16 14 5 2 20 96653876213454 37155771511
11 16 10 5 4 7 96667161837343 74028992886
11 16 17 5 2 5 96678949330637 62241784197
17 17 0 12 19 17 96680095669018 31770498709
17 17 13 12 22 19 96680095669018 63540878332
11 10 16 5 20 2 96683942670015 48443459124
11 16 2 5 2 20 96691031985556 17666601495
17 16 10 12 12 19 96694975112586 335920321692
17 16 14 12 12 6 96694977889181 203041912740
17 16 2 12 22 12 96694977905637 48658590202
11 17 0 5 2 4 96706696481314 89989971220
11 16 0 5 2 6 96708698587051 43324673800
11 17 10 5 2 20 96708698587051 32495187246
17 17 11 12 19 17 96711866167727 31770499066
11 10 16 5 20 4 96732386129139 101903121855
11 10 17 5 20 2 96732386129139 101903164240
11 16 10 5 4 20 96741190830229 99888574632
11 16 14 5 4 7 96741191114834 50983985491
11 17 14 5 2 20 96741193774297 50982432376
11 17 10 5 2 13 96741193774297 101964689140
17 16 0 12 22 14 96743636495839 115166966542
17 17 13 12 22 12 96743636547350 45613041249
17 14 0 12 9 20 96743636666793 36273076003
17 14 9 12 9 14 96743636666793 101863866537
17 17 1 12 22 19 96743636666793 127719860795
11 16 11 5 2 6 96752023260851 91135165408
11 16 0 5 4 17 96752023260851 91135168805
17 14 4 12 9 20 96779909742796 57006034028
17 14 0 12 9 3 96779909742796 114011755581
17 17 14 12 22 12 96789249588599 71684231461
17 17 13 12 22 5 96789249588599 143368484992
11 16 2 5 4 7 96792175100325 50983637834
11 17 2 5 2 20 96792176206673 50982353525
11 17 11 5 2 4 96796686452534 89990092354
11 10 16 5 20 20 96834289250994 81006237490
11 10 17 5 20 4 96834289293379 81006145213
17 14 11 12 9 20 96836915776824 57005897468
11 16 10 5 4 10 96841079404861 99889196295
11 16 11 5 4 17 96843158429656 50049560305
11 17 10 5 2 6 96843158463437 108680276501
11 17 0 5 2 13 96843158560198 43518210944
11 16 0 5 4 20 96843158738159 50032026368
17 14 1 12 9 14 96845500533330 101863923492
17 16 11 12 22 14 96858803462381 242258496533
17 16 0 12 12 16 96858803462381 242258482734
17 17 11 12 22 12 96860933820060 71684433278
17 17 18 12 22 19 96871356527588 127719838896
11 17 0 5 2 16 96886676771142 58914094012
11 17 11 5 2 13 96886676771142 58914076899
11 16 0 5 4 21 96893190764527 50049404263
11 16 11 5 4 20 96893207989961 50032235383
17 14 0 12 9 9 96893921498377 130502308643
17 14 9 12 9 3 96893921674292 53442887227
17 16 2 12 12 6 96898019801921 203042122921
11 10 14 5 20 12 96915295438592 96981638496
11 10 17 5 20 20 96915295488484 97013521306
11 10 16 5 20 5 96915295488484 285374220480
17 17 13 12 22 21 96932618073591 168444274702
17 17 1 12 22 5 96932618253338 66458090085
11 16 10 5 4 0 96940968601156 99889310091
11 16 11 5 4 21 96943240225344 23788814939
11 17 11 5 2 16 96945590865154 28007132317
17 14 9 12 9 7 96947364561519 70341479348
17 14 1 12 9 3 96947364561519 70341456308
11 17 10 5 2 22 96951838739938 108680263696
11 16 16 5 4 11 96967029040283 23788724161
11 17 16 5 2 9 96973597997471 28007212619
11 16 16 5 4 20 96990817764444 50040694949
11 16 17 5 4 11 96990817764444 50040716365
17 17 1 12 22 8 96999076343423 87727050710
17 17 18 12 22 5 96999076366484 87727023059
11 17 16 5 2 13 97001605210090 58914035492
11 17 17 5 2 9 97001605210090 58914056968
11 10 2 5 20 12 97012277077088 97013834699
11 10 14 5 20 20 97012309009790 96982342908
17 14 1 12 9 7 97017706040867 33439601652
17 14 0 12 9 15 97024423807020 130502658913
17 16 10 12 12 9 97030895434278 335920387481
11 16 16 5 4 0 97040858459393 38968738652
11 16 17 5 4 20 97040858480809 38968693173
17 14 6 12 9 13 97051145642519 33439582020
11 17 16 5 2 22 97060519245582 45110430787
11 17 17 5 2 13 97060519267058 45110389713
11 16 14 5 4 10 97079827173982 47209789136
11 16 17 5 4 0 97079827198045 47226318339
11 16 16 5 4 13 97079827198045 128960207075
17 14 6 12 9 3 97084585224539 70341475099
17 14 7 12 9 13 97084585224539 70341493864
17 17 18 12 22 8 97086803394133 41704535063
17 16 0 12 12 19 97101061945115 152254892607
17 16 11 12 12 16 97101061958914 152309822497
17 17 13 12 22 14 97101062348293 156876976210
11 17 14 5 2 6 97105629656771 56728906527
11 17 17 5 2 22 97105629676369 56748413643
11 17 16 5 2 15 97105629676369 125629018899
11 16 10 5 20 2 97109290911787 99975624822
11 10 2 5 20 20 97109291352698 94187550198
11 16 2 5 4 10 97127036963118 47225976218
11 16 14 5 4 0 97127053516384 47209432007
17 17 5 12 22 1 97128507929196 41704541448
17 14 6 12 9 15 97154926699638 56568112233
17 14 7 12 9 3 97154926718403 51515832972
11 17 2 5 2 6 97162358563298 56748926541
11 17 14 5 2 22 97162378090012 56729394010
17 17 5 12 22 5 97170212470644 87727087285
17 17 10 12 22 1 97170212470644 87727115682
11 17 10 5 4 11 97174262939336 73606530915
11 16 2 5 4 0 97174262948391 34524695181
11 10 17 5 20 5 97200669708964 285374347764
11 10 0 5 20 6 97203478902896 94187742753
17 14 4 12 9 9 97206442551375 91426940840
17 2 14 12 9 3 97206442551375 132631689633
11 16 17 5 4 13 97208787405120 148100322748
11 16 0 5 4 6 97208787643572 53403194886
11 16 13 5 20 20 97208787643572 100458432031
11 16 10 5 20 4 97209266536609 99975708203
17 14 7 12 9 15 97211494811871 88901066423
17 14 6 12 9 21 97211494811871 177801825012
11 17 2 5 2 22 97219107489839 26972900387
11 17 17 5 2 15 97231258695268 125629271349
11 17 13 5 4 4 97246080390226 75395570016
11 17 0 5 2 17 97246080390226 45327723068
11 17 10 5 4 0 97247869470251 73606430425
17 16 0 12 12 20 97253316837722 152325369706
17 16 11 12 12 19 97253371781411 152270474874
17 17 5 12 22 14 97257939557929 66708673913
17 17 10 12 22 5 97257939586326 66708633196
11 16 11 5 4 6 97262190838458 112335261492
11 16 0 5 20 2 97262190838458 112335261529
11 17 11 5 2 17 97291408113294 95348558589
11 17 0 5 4 11 97291408113294 95348558554
11 10 11 5 20 6 97297666645649 94187835091
17 14 11 12 9 9 97297869492215 91427239737
17 14 4 12 9 15 97300395878294 88900822619
11 16 10 5 20 20 97309246075603 47641834111
11 17 10 5 4 4 97321475960242 35412187799
17 17 14 12 22 21 97324648219522 91486902124
17 17 10 12 22 14 97324648231842 91528439388
17 17 5 12 22 7 97324648231842 137261986074
17 2 15 12 9 3 97339074241008 132631934881
11 16 14 5 20 20 97356887909714 35520840165
11 17 14 5 4 4 97356888148041 37598119839
11 17 10 5 4 13 97356888148041 98258152724
17 16 10 12 12 22 97366815821759 335920582130
11 16 11 5 20 2 97374526099987 53403080107
11 17 11 5 4 11 97386756671883 45327725191
17 14 10 12 9 21 97389296700913 71680489400
17 14 11 12 9 15 97389296731952 68442281107
11 16 10 5 20 10 97391854480740 94189826484
11 16 0 5 20 15 97392408749879 35520463166
11 17 0 5 4 20 97394486267880 37598128062
17 16 11 12 12 20 97405642256285 72400256538
17 17 11 12 22 21 97416135121646 91506815330
17 17 14 12 22 14 97416176671230 91508434137
11 16 0 5 20 4 97427929213045 42722792228
11 16 11 5 20 15 97427929213045 42722765045
11 17 0 5 4 0 97432084395942 41114848062
11 17 11 5 4 20 97432084397074 41114786528
11 17 10 5 4 6 97455146300765 98258555365
17 14 9 12 9 16 97457739013059 141432971981
17 2 14 12 9 15 97457739013059 146598951477
17 14 7 12 9 21 97460977190313 71680452050
17 17 10 12 22 7 97461910217916 137261552353
11 16 11 5 20 4 97470652005273 20309965814
17 2 12 12 9 3 97471706175889 132631837849
11 17 11 5 4 0 97473199244004 19545530258
17 16 16 12 12 10 97478042512823 72400260161
11 16 10 5 20 5 97486044307224 67946200365
11 16 16 5 20 22 97490961971087 20309930211
11 17 16 5 4 16 97492744774262 19545539873
17 14 0 12 22 6 97507641936976 91529687994
17 17 11 12 22 14 97507685105367 91486706993
11 16 16 5 20 15 97511271901298 42722687813
11 16 17 5 20 22 97511271901298 42722718669
11 17 16 5 4 20 97512290314135 41114785471
11 17 17 5 4 16 97512290314135 41114808145
17 2 2 12 9 14 97532657642363 71680441022
17 16 16 12 12 19 97550442772984 152296651059
17 16 17 12 12 10 97550442772984 152296712261
11 17 16 5 4 6 97553405099606 33158970257
11 17 17 5 4 20 97553405122280 33158935894
11 16 10 5 5 19 97553990507589 151371068726
11 16 16 5 20 5 97553994589111 36077842968
11 16 17 5 20 15 97553994619967 36077813884
11 17 14 5 4 13 97586564058174 43871350538
11 17 17 5 4 6 97586564069863 43886419226
11 17 16 5 4 22 97586564069863 76346623856
11 16 16 5 20 0 97590072432079 55738434034
11 16 14 5 20 10 97590072433851 55738260415
11 16 17 5 20 5 97590072433851 55738369829
17 14 4 12 22 6 97599171624970 96874523913
17 14 0 12 22 19 97599171770269 193749612959
17 17 1 12 22 9 97599171812360 115880802778
17 14 1 12 9 16 97599171985040 173101025431
17 14 9 12 22 16 97599171985040 173100942184
17 2 14 12 9 4 97604337964536 175006669707
17 2 0 12 9 14 97604338083385 88605494825
17 2 2 12 9 15 97604338083385 88573728154
11 17 2 5 4 13 97630435408712 43885614813
11 17 14 5 4 6 97630450489089 43870530221
11 16 2 5 20 10 97645810694266 59555106211
11 16 14 5 20 5 97645810803680 59554984572
11 16 17 5 20 0 97645810866113 49369732142
11 17 17 5 4 22 97662910693719 76346698699
11 17 2 5 4 6 97674321023525 20859646313
17 2 2 12 9 0 97692911811539 88611605794
17 2 0 12 9 15 97692943578210 88579880770
11 17 0 5 4 1 97695180669838 22038417822
11 17 13 5 20 4 97695180669838 44076811208
17 14 11 12 22 6 97696046148883 96875370116
17 16 16 12 12 22 97702739424043 120995883541
17 16 17 12 12 19 97702739485245 120995779844
11 16 10 5 5 4 97705361576315 233251381250
11 16 14 5 5 19 97705365788252 141012147500
11 16 2 5 20 5 97705365800477 33891607776
17 17 18 12 22 9 97715052615138 115881016558
11 17 11 5 4 1 97717219087660 22038501746
11 16 0 5 20 8 97739257408253 79951473524
11 17 13 5 20 5 97739257481046 31666636473
11 14 0 5 12 17 97739257589406 25183006733
11 14 9 5 12 8 97739257589406 70720325301
11 17 1 5 20 4 97739257589406 88669575671
11 14 4 5 12 17 97764440596139 39577127739
11 14 0 5 12 3 97764440596139 79154178762
11 17 14 5 20 5 97770924117519 49766636553
11 17 13 5 20 6 97770924117519 99533103693
17 14 1 12 22 16 97772273010471 82290643374
17 2 14 12 9 16 97779344634243 175005909815
17 2 0 12 9 0 97781523458980 42116744269
17 14 9 12 22 19 97792921518999 61641934010
11 14 11 5 12 17 97804017723878 39577196140
11 14 1 5 12 8 97809977914707 70720360105
11 16 11 5 20 8 97819208881777 168181091957
11 16 0 5 5 11 97819208881777 168181081953
11 17 11 5 20 5 97820690754072 49766613770
17 2 6 12 9 12 97823640203249 42116645111
17 16 14 12 12 9 97823735265089 155288053488
17 16 17 12 12 22 97823735307584 155339312532
17 16 16 12 12 12 97823735307584 310626398868
11 17 18 5 20 4 97827927165077 88669708502
17 14 0 12 22 9 97830933631696 115880622815
11 14 0 5 12 12 97843594774901 90602942185
11 14 9 5 12 3 97843594920018 37103466359
11 16 2 5 5 19 97846377935752 141011996006
17 14 9 12 22 20 97854563453009 70534627182
17 14 1 12 22 19 97854563653845 70534565987
17 2 6 12 9 15 97865756848360 88593922007
17 2 11 12 9 12 97865756848360 88593954549
11 17 13 5 20 7 97870457221212 116933083808
11 17 1 5 20 6 97870457367842 46139503288
11 14 9 5 12 9 97880698386377 48835519271
11 14 1 5 12 3 97880698386377 48835502214
11 17 1 5 20 22 97916596871130 60905584584
11 17 18 5 20 6 97916596873579 60905564345
17 14 1 12 22 20 97925098219832 33531449531
11 14 1 5 12 9 97929533905648 23215903599
11 14 0 5 12 21 97934197717086 90603273479
11 16 10 5 5 12 97938612957565 233251107812
17 14 0 12 22 22 97946814254511 115881045487
11 14 6 5 12 18 97952749809247 23215883290
17 2 6 12 9 16 97954350770367 68841046301
17 2 11 12 9 15 97954350802909 68840989131
17 14 6 12 22 10 97958629669363 33531394089
11 14 6 5 12 3 97975965692537 48835538276
11 14 7 5 12 18 97975965692537 48835552627
11 17 18 5 20 22 97977502455714 28953860266
17 16 2 12 12 9 97979023318577 155338473303
17 16 14 12 12 22 97979074620116 155287136974
11 16 0 5 5 4 97987389963730 105714309054
11 16 11 5 5 11 97987389973734 105751137590
11 17 13 5 20 8 97987390305020 108925165145
17 14 6 12 22 19 97992161063452 70534556377
17 14 7 12 22 10 97992161063452 70534577396
11 17 5 5 20 0 98006456315980 28953844984
17 2 15 12 9 4 98023191792040 88349015541
17 2 11 12 9 16 98023191816668 88379192856
17 2 6 12 9 5 98023191816668 176729531636
11 14 6 5 12 21 98024801230813 39273526065
11 14 7 5 12 3 98024801245164 35765471138
11 17 5 5 20 6 98035410160964 60905547233
11 17 10 5 20 0 98035410160964 60905568117
11 14 4 5 12 12 98060566716302 63474373169
11 2 14 5 12 3 98060566716302 92081422359
17 14 6 12 22 22 98062695619829 52589344955
17 14 7 12 22 19 98062695640848 52589305703
11 14 7 5 12 21 98064074756878 61720662711
11 14 6 5 12 7 98064074756878 123441005449
11 16 0 5 5 17 98093104272784 105752072987
11 16 11 5 5 4 98093141111324 105715269225
11 17 5 5 20 8 98096315708197 46314292203
11 17 10 5 20 6 98096315729081 46314262148
17 2 12 12 9 4 98111540807581 88380593457
17 2 15 12 9 16 98111571009524 88350377868
17 14 4 12 22 9 98115284946551 67493475979
17 14 7 12 22 22 98115284964784 67515691776
17 14 6 12 22 12 98115284964784 135008188008
11 14 11 5 12 12 98124041089471 63474759538
11 14 4 5 12 21 98125795419589 61720406299
17 16 1 12 12 12 98134361757090 147342819061
17 16 2 12 12 22 98134361791880 102450195436
11 17 14 5 20 7 98142629991229 63515027772
11 17 10 5 20 8 98142630000400 63542920291
11 17 5 5 20 9 98142630000400 95296846513
11 2 15 5 12 3 98152648138661 92081465239
11 16 10 5 5 20 98171864065377 233251072316
17 14 11 12 22 9 98182778422530 67514761239
17 14 4 12 22 22 98182800656560 67492532239
11 14 10 5 12 7 98187515825888 49765197490
11 14 11 5 12 21 98187515849009 47516894152
11 16 11 5 5 17 98198856380549 50264757884
17 2 7 12 9 5 98199921387392 107157684703
17 2 12 12 9 16 98199921401038 50371836406
11 17 11 5 20 7 98206145019001 63531469974
11 17 14 5 20 8 98206172920691 63532536968
11 14 9 5 12 11 98235032743161 98191042020
11 2 14 5 12 21 98235032743161 101778278629
17 16 0 12 12 5 98236811987316 102450056951
11 14 7 5 12 7 98237281023378 49764885849
11 17 10 5 20 9 98237926846913 95296727092
11 2 12 5 12 3 98244729603900 92081435294
11 16 16 5 5 2 98249121138433 50264727312
17 14 11 12 22 22 98250293188799 59584840561
17 14 10 12 22 12 98250293188799 89377223377
17 2 2 12 9 18 98250293237444 89377189926
17 2 10 12 22 10 98250293237444 56785937601
11 14 0 5 20 19 98269676488975 63546998819
11 17 11 5 20 8 98269705457659 63518163775
17 16 17 12 12 12 98281704576151 147342221601
11 2 2 5 12 8 98287045909227 49765214571
11 16 16 5 5 4 98299385865745 105733743182
11 16 17 5 5 2 98299385865745 105733786948
17 2 11 12 9 5 98307079072095 167180567695
17 2 14 12 22 10 98307079175045 83590332434
17 2 10 12 22 19 98307079175045 121969932425
17 14 9 12 22 5 98309878029360 59584811491
11 14 4 5 20 19 98333223487794 67257723378
11 14 0 5 20 4 98333223574005 134515196221
11 17 1 5 20 12 98333223621434 80453581301
11 14 1 5 12 11 98333223785181 120179388775
11 14 9 5 20 11 98333223785181 120179329484
11 2 14 5 12 16 98336811021790 121503113828
11 2 0 5 12 8 98336811123798 61522864081
11 2 2 5 12 21 98336811123798 61499661556
17 16 11 12 12 5 98339262044267 102450333252
17 14 7 12 22 12 98339670412176 89377180239
17 2 0 12 9 18 98339670427370 89377254730
17 14 1 12 22 5 98369462840851 59584950429
17 2 2 12 22 10 98390669507479 83590281337
11 2 2 5 12 10 98398310785354 61518931138
11 2 0 5 12 21 98398333987879 61495758589
11 14 11 5 20 19 98400481211172 67257691301
11 16 16 5 5 20 98405119608927 84005641355
11 16 17 5 5 4 98405119652693 84005567359
11 17 18 5 20 12 98413677202735 80453931415
17 2 0 12 22 1 98429047682100 45212108086
17 1 10 12 12 15 98429047791280 38679814010
17 2 10 12 22 5 98429049107470 119178776149
17 1 0 12 12 14 98441712377519 102449930360
11 14 1 5 20 11 98453403173956 57132147735
11 2 14 5 12 11 98458314135618 121502533009
11 2 0 5 12 10 98459829746468 29239951634
17 1 14 12 12 15 98467727605290 60788283730
17 1 10 12 12 16 98467727605290 121576363466
11 14 9 5 20 4 98467738902473 42796253439
17 2 11 12 22 1 98474259790186 48896277912
17 2 0 12 22 19 98474259790186 48879977732
11 2 6 5 12 5 98489069698102 29239851471
11 16 14 5 5 12 98489125220052 107812201303
11 16 17 5 5 20 98489125250282 107847585580
11 16 16 5 5 5 98489125250282 215658943876
11 14 0 5 20 12 98494131134150 80450497358
11 14 9 5 20 17 98510535155912 48970197848
11 14 1 5 20 4 98510535321691 48970153446
11 2 6 5 12 21 98518309549573 61507351086
11 2 11 5 12 5 98518309549573 61507374909
17 2 0 12 22 2 98523139767918 48897320318
17 2 11 12 22 19 98523156068098 48881027528
17 1 2 12 12 15 98528515889020 60788275233
17 1 11 12 12 14 98544162307879 102449798241
17 2 10 12 22 14 98548227883619 119178743522
11 14 1 5 20 17 98559505475137 23279818812
17 2 11 12 22 2 98572037095626 23240871127
11 14 0 5 20 20 98574581631508 80453479669
11 2 6 5 12 11 98579816900659 47793946642
11 2 11 5 12 21 98579816924482 47793904751
11 14 6 5 20 2 98582785293949 23279970439
17 1 10 12 12 17 98589303968756 137397166189
17 1 0 12 12 16 98589304164253 57308931747
17 2 16 12 22 11 98595277966753 23240865766
11 16 2 5 5 12 98596937421355 107846850972
11 16 14 5 5 20 98596972835862 107811411557
11 14 6 5 20 4 98606065264388 48970151543
11 14 7 5 20 2 98606065264388 48970167722
17 2 16 12 22 19 98618518832519 48888036395
17 2 17 12 22 11 98618518832519 48888061959
11 2 15 5 12 16 98627610829233 61337617162
11 2 11 5 12 11 98627610847301 61358368729
11 2 6 5 12 6 98627610847301 122696900361
17 1 0 12 12 9 98646613096000 73704545065
17 1 11 12 12 16 98646613096000 73704517482
11 14 6 5 20 20 98655035415931 36511409808
11 14 7 5 20 4 98655035432110 36511379745
17 2 16 12 22 14 98667406868914 39569484104
17 2 17 12 22 19 98667406894478 39569442356
11 2 12 5 12 16 98688948446395 61359356548
11 2 15 5 12 11 98688969216030 61338577012
11 14 4 5 20 12 98691546811855 46858248163
11 14 7 5 20 20 98691546825739 46873830873
11 14 6 5 20 5 98691546825739 93732228435
11 16 1 5 5 5 98704784247419 102298757571
11 16 2 5 5 20 98704784272327 71128574978
17 2 14 12 22 5 98706976336834 50784274949
17 2 17 12 22 14 98706976353018 50801589601
17 2 16 12 22 0 98706976353018 101584384168
17 1 11 12 12 9 98720317641065 35038340716
17 1 10 12 12 18 98726701134945 137397471953
11 14 11 5 20 12 98738405060018 46874034080
11 14 4 5 20 20 98738420656612 46858441016
11 2 7 5 12 6 98750307793042 74396014184
11 2 12 5 12 11 98750307802943 34971346434
17 1 16 12 12 10 98755355981781 35038406296
17 2 2 12 22 5 98757760611783 50800193653
17 2 14 12 22 14 98757777942619 50782851142
11 16 0 5 5 6 98775912847305 71128593167
11 14 11 5 20 20 98785279097628 41367953220
11 14 10 5 20 5 98785279097628 62051808976
11 2 2 5 12 14 98785279149377 62051814799
11 2 10 5 20 2 98785279149377 39424749262
17 1 16 12 12 16 98790394388077 73704452310
17 1 17 12 12 10 98790394388077 73704476971
11 16 17 5 5 5 98807083004990 102298876442
17 2 1 12 22 0 98808560793761 49394208705
17 2 2 12 22 14 98808560805436 32929457317
11 2 11 5 12 6 98824703807226 116068661103
11 2 14 5 20 2 98824703898639 58034399531
11 2 10 5 20 4 98824703898639 84679913831
11 14 9 5 20 6 98826647050848 41367934950
17 2 0 12 22 4 98841490262753 32929439436
11 16 11 5 5 6 98847041440472 71128680669
11 2 0 5 12 14 98847330964176 62051828472
11 14 7 5 20 5 98847330906604 62051805462
17 2 17 12 22 0 98857955002466 49394121032
17 1 16 12 12 18 98864098840387 56849227351
17 1 17 12 12 16 98864098865048 56284682668
11 14 1 5 20 6 98868014985798 41367900451
17 2 11 12 22 4 98874419702189 32929495339
11 2 2 5 20 2 98882738298170 58034313062
17 0 10 12 5 6 98907349197528 26615323958
17 0 0 12 5 16 98907349197528 74742457419
11 2 0 5 20 0 98909382792648 31389819310
11 1 10 5 5 21 98909382886249 26854043543
11 2 10 5 20 6 98909383812470 82742598616
11 1 0 5 5 8 98918170121141 71128187427
17 17 10 12 12 16 98920383547716 172629198115
17 1 14 12 12 17 98920383547716 89620864522
17 1 17 12 12 18 98920948067738 89342194792
17 1 16 12 12 19 98920948067738 178680587352
17 0 14 12 5 6 98933964521486 41828041007
17 0 10 12 5 19 98933964521486 83655900046
11 1 14 5 5 21 98936236929792 42203207328
11 1 10 5 5 11 98936236929792 84406326887
11 2 11 5 20 0 98940772611958 33947691696
11 2 0 5 20 4 98940772611958 33936022385
11 2 0 5 20 13 98974708634343 33947334671
11 2 11 5 20 4 98974720303654 33935671554
17 0 2 12 5 6 98975792562493 41828007340
11 1 2 5 5 21 98978440137120 42203277166
17 0 11 12 5 16 98982091654947 74742434354
11 1 11 5 5 8 98989298308568 71128531751
11 2 10 5 20 8 98992126411086 82742311848
11 2 11 5 20 13 99008655975208 16135556844
17 1 2 12 12 17 99010004412238 89623948864
17 1 14 12 12 18 99010290262530 89338446598
17 0 10 12 5 9 99017620421532 95755891085
17 0 0 12 5 19 99017620569833 39213630856
11 1 10 5 5 1 99020643256679 95389304917
11 1 0 5 5 11 99020643414286 39784445926
11 2 16 5 20 15 99024791532052 16135643699
11 2 16 5 20 4 99040927175751 33941795925
11 2 17 5 20 15 99040927175751 33941817666
17 0 0 12 5 20 99056834200689 51613017747
17 0 11 12 5 19 99056834200689 51613000079
11 1 0 5 5 12 99060427860212 51170946099
11 1 11 5 5 11 99060427860212 51170925841
11 2 16 5 20 8 99074868971676 27472070188
11 2 17 5 20 4 99074868993417 27472034707
17 17 0 12 12 16 99093012745831 172629950947
17 17 10 12 12 6 99099628361102 92791813188
17 1 2 12 12 18 99099628709128 157188426409
17 1 1 12 12 19 99099628709128 92791759719
11 2 14 5 20 6 99102341028124 35257064403
11 2 17 5 20 8 99102341041864 35269582428
11 2 16 5 20 10 99102341041864 70527395792
17 0 11 12 5 20 99108447218436 24536236693
11 1 11 5 5 12 99111598806311 24326131351
17 0 10 12 5 22 99113376312617 95756038198
11 1 10 5 5 14 99116032561596 95389184178
17 0 16 12 5 10 99132983455129 24536230703
11 1 16 5 5 2 99135924937662 24326129364
11 2 2 5 20 6 99137598092527 35270413437
11 2 14 5 20 8 99137610624292 35257872846
17 0 16 12 5 19 99157519685832 51612902763
17 0 17 12 5 10 99157519685832 51612918452
11 1 16 5 5 11 99160251067026 51170916010
11 1 17 5 5 2 99160251067026 51170934405
11 2 1 5 20 10 99172868497138 34293072307
11 2 2 5 20 8 99172868505964 22862073216
17 17 14 12 12 6 99192420174290 92791942957
17 1 17 12 12 19 99192420468847 92791697925
11 2 0 5 20 16 99195730579180 22862091072
11 2 17 5 20 10 99207161569445 34293121064
17 0 16 12 5 22 99209132588595 41004163440
17 0 17 12 5 19 99209132604284 38228446434
11 1 16 5 5 14 99211421983036 39468554237
11 1 17 5 5 11 99211422001431 39076620686
11 2 11 5 20 16 99218592670252 22862095407
11 0 10 5 6 19 99241454765659 18478265291
11 0 0 5 6 11 99241454765659 51891818104
17 0 14 12 5 9 99247361050718 65828729832
17 11 10 12 5 19 99247361050718 102870877378
17 0 17 12 5 22 99250136752035 64441131413
17 0 16 12 5 12 99250136752035 128881978859
11 17 10 5 5 11 99250498622117 119851241033
11 1 14 5 5 1 99250498622117 62220861981
11 1 17 5 5 14 99250890537273 62027447912
11 1 16 5 5 4 99250890537273 124052234863
17 1 0 12 12 22 99256817135537 157187969159
11 0 14 5 6 19 99259933030950 29040055647
11 0 10 5 6 4 99259933030950 58080385918
17 17 11 12 12 16 99265642696778 172630599755
17 17 2 12 12 6 99285212117247 92791826399
17 17 10 12 12 19 99285212166772 92791746067
11 0 2 5 6 19 99288973086597 29040458890
11 0 11 5 6 11 99293346583763 51891897634
11 1 2 5 5 1 99312719484098 62223095337
11 1 14 5 5 14 99312917985185 62024842816
17 0 2 12 5 9 99313189780550 65828973638
17 0 14 12 5 22 99314577883448 64440871908
11 0 10 5 6 12 99318013416868 66480744425
11 0 0 5 6 4 99318013545487 27225055248
11 0 0 5 6 17 99345238600735 35833547099
11 0 11 5 6 4 99345238600735 35833532936
17 11 14 12 5 19 99350231928096 102871106442
11 17 0 5 5 11 99370349863150 119851949491
11 17 10 5 5 19 99374942579435 64422427295
11 1 2 5 5 14 99374942828001 109130671629
11 1 1 5 5 4 99374942828001 64422368278
17 17 10 12 12 9 99378003912839 193189126628
17 17 0 12 12 19 99378003943646 60269519384
17 11 10 12 5 4 99379018754188 176955344637
17 0 2 12 5 22 99379018755356 44238903511
17 0 1 12 5 12 99379018755356 95287322406
11 0 11 5 6 17 99381072147834 17034604584
11 0 10 5 6 20 99384494161293 66480801574
11 0 16 5 6 2 99398106752418 17034876542
17 1 11 12 12 22 99414005104696 157187928564
11 0 16 5 6 4 99415141628960 35833582786
11 0 17 5 6 2 99415141628960 35833596130
17 0 0 12 5 5 99423257658867 44238906151
17 17 0 12 12 20 99438273463030 90091406022
17 17 11 12 12 19 99438273463030 90091391778
11 1 17 5 5 4 99439365196279 64422387262
11 17 14 5 5 19 99439365006730 64422577932
11 0 16 5 6 20 99450975211746 28468027536
11 0 17 5 6 4 99450975225090 26541205697
17 11 2 12 5 19 99453103034538 102871072715
17 0 11 12 5 5 99467496565018 44238989963
17 0 17 12 5 12 99474306077762 95287196573
11 0 14 5 6 12 99477516430787 45702856103
11 11 10 5 6 4 99477516430787 71421377599
11 0 17 5 6 20 99479443239282 44739833195
11 0 16 5 6 5 99479443239282 89479207599
11 1 0 5 5 20 99484073499630 109130758518
11 17 11 5 5 11 99490201812641 119851315114
11 17 2 5 5 19 99503787584662 64422503712
11 17 10 5 5 4 99503787583541 64422482258
17 11 0 12 5 11 99511735554981 44238691056
11 0 2 5 6 12 99523219286890 45703194767
11 0 14 5 6 20 99524183072477 44739409528
17 17 11 12 12 20 99528364869052 42828330803
11 11 14 5 6 4 99548937808386 71421390814
17 11 11 12 5 11 99555974246037 51693060131
17 11 0 12 5 4 99555974246037 51675310340
11 17 10 5 5 12 99568210065799 134125291219
11 17 0 5 5 4 99568210088374 41843210130
11 11 10 5 6 16 99568922481657 122858360489
11 0 2 5 6 20 99568922482005 30714345273
11 0 1 5 6 5 99568922482005 66152470251
17 11 10 12 5 12 99569593274335 95287138002
17 17 10 12 12 22 99571193039467 114967888141
17 17 16 12 12 10 99571193199855 37044204462
11 1 11 5 5 20 99593204258148 109131077236
11 0 0 5 6 6 99599636827278 30714335435
17 11 0 12 5 17 99607649556377 51693527009
17 11 11 12 5 4 99607667306168 51675815699
17 17 16 12 12 19 99608237404317 77923749591
17 17 17 12 12 10 99608237404317 77923769212
11 17 0 5 5 17 99610053298504 62547648824
11 17 11 5 5 4 99610053298504 62547638440
11 11 2 5 6 4 99620359199200 71421648560
11 0 11 5 6 6 99630351162713 30715499382
11 0 17 5 6 5 99635074952256 66152653363
17 11 11 12 5 17 99659343121867 24570207322
11 11 0 5 6 15 99661066662095 30714339959
17 11 10 12 5 20 99664880412337 95287187824
11 17 11 5 5 17 99672600947328 29734559603
17 11 16 12 5 2 99683913329189 24570225851
17 17 16 12 12 22 99686161153908 56565500023
17 17 17 12 12 19 99686161173529 56565466822
11 11 11 5 6 15 99691781002054 35877762838
11 11 0 5 6 16 99691781002054 35857053800
11 11 10 5 6 5 99701227605619 66152450932
11 17 10 5 5 20 99702335357018 79818572710
11 17 16 5 5 2 99702335506931 25718572325
17 11 16 12 5 4 99708483555040 51684376737
17 11 17 12 5 2 99708483555040 51684395604
11 11 0 5 6 1 99727638055854 35894016284
11 11 11 5 6 16 99727658764892 35873335917
11 17 16 5 5 4 99728054079256 54100064940
11 17 17 5 5 2 99728054079256 54100079539
17 17 14 12 12 9 99742726640351 75111324135
17 17 17 12 12 22 99742726653931 75135842867
17 17 16 12 12 12 99742726653931 128690807292
17 11 16 12 5 20 99760167931777 39569304622
17 11 17 12 5 4 99760167950644 39569270541
11 11 11 5 6 1 99763532100809 17058672428
11 11 10 5 6 17 99767380056551 66152668250
11 11 16 5 6 13 99780590773237 17058677532
11 17 16 5 5 20 99782154144196 39271591974
11 17 17 5 5 4 99782154158795 39271566797
11 11 16 5 6 16 99797649450769 35883607744
11 11 17 5 6 13 99797649450769 35883624743
17 11 14 12 5 12 99799737221185 50783430237
17 11 17 12 5 20 99799737236399 50800330391
17 11 16 12 5 5 99799737236399 101583345539
17 17 2 12 12 9 99817837964486 75133030966
17 17 14 12 12 22 99817862496798 75108488876
11 17 14 5 5 12 99821425725592 52146329983
11 17 17 5 5 20 99821425736170 52163676978
11 17 16 5 5 5 99821425736170 89345898659
11 11 16 5 6 17 99833533058513 27472111482
11 11 17 5 6 16 99833533075512 27472081979
17 11 2 12 5 12 99850520651422 50799998744
17 11 14 12 5 20 99850537566790 50783071403
11 11 14 5 6 5 99861005157491 35257628246
11 11 17 5 6 17 99861005169995 35269850366
11 11 16 5 6 6 99861005169995 70527035825
17 17 17 12 12 12 99871417461223 128690666146
11 17 2 5 5 12 99873572055575 52163576793
11 17 14 5 5 20 99873589413148 52146212370
17 17 2 12 12 22 99892970995452 35712456143
11 11 2 5 6 5 99896262785737 35269489672
11 11 14 5 6 17 99896275020361 35257244837
17 11 1 12 5 5 99901320638193 49394178479
17 11 2 12 5 20 99901320650166 32929490693
11 17 17 5 5 5 99910771634829 89345896168
11 17 2 5 5 20 99925735632368 24793971807
17 17 0 12 12 5 99928683451595 35712399524
11 11 1 5 6 6 99931532265198 34293115270
11 11 2 5 6 17 99931532275409 22862079176
17 11 0 12 5 6 99934250140859 32929467286
11 17 0 5 5 6 99950529604175 24794035961
17 11 17 12 5 5 99950714816672 49394198120
11 11 0 5 6 19 99954394354585 22862112626
17 17 11 12 12 5 99964395851119 35712465099
11 11 17 5 6 6 99965825380468 34293068246
17 11 11 12 5 6 99967179608145 32929480308
11 17 11 5 5 6 99975323640136 24794079562
11 11 11 5 6 19 99977256467211 22862058629
